0.796543,0.183435,0.779691,0.59685,0.445833,0.0999749,0.459249,0.333709,0.142867,0.650888,0.0564116,0.721999,0.938553,0.000778765,0.992212,0.617482,0.611653,0.00706631,0.0230624,0.524775,0.399861,0.0466657,0.973756,0.232771,0.0906064,0.618386,0.382462,0.983231,0.466763,0.85994,0.680308,0.450499,0.013265,0.942202,0.563288,0.385417,0.0159663,0.230894,0.241025,0.683264,0.609997,0.833195,0.173365,0.391061,0.182236,0.755361,0.425156,0.207942,0.5677,0.0313133,0.842285,0.449754,0.39515,0.926659,0.727272,0.326541,0.570444,0.520834,0.961172,0.844534,0.74732,0.539692,0.586751,0.965255,0.607034,0.275999,0.296274,0.165267,0.0156364,0.423401,0.394882,0.293488,0.0140798,0.198842,0.711342,0.790176,0.60596,0.926301,0.651077,0.91496,0.850039,0.449451,0.0954101,0.370818,0.668841,0.665922,0.591298,0.274722,0.561243,0.382927,0.971712,0.848914,0.72173,0.235985,0.256068,0.0404336,0.710663,0.110891,0.439337,0.201719,0.895764,0.47537,0.563276,0.695516,0.139331,0.604417,0.539841,0.203061,0.942854,0.598865,0.694785,0.880468,0.624354,0.295634,0.105494,0.456535,0.21844,0.41651,0.88328,0.324345,0.122088,0.356298,0.906828,0.272132,0.64769,0.000520377,0.352569,0.304781,0.164656,0.534089,0.48483,0.692436,0.269412,0.244126,0.168291,0.218764,0.558102,0.403836,0.0648922,0.253915,0.246876,0.696304,0.712271,0.148087,0.99774,0.266781,0.976615,0.411037,0.0330507,0.345071,0.634351,0.680705,0.530935,0.447783,0.552893,0.592697,0.0808533,0.369654,0.24216,0.80314,0.470301,0.983423,0.398824,0.816432,0.798345,0.150718,0.508199,0.695813,0.858359,0.325959,0.220241,0.71115,0.809501,0.348666,0.0961766,0.940523,0.397572,0.517751,0.83771,0.67569,0.735216,0.209072,0.541448,0.695784,0.22855,0.174955,0.982168,0.516636,0.260829,0.996254,0.965419,0.558293,0.882636,0.188707,0.278871,0.700358,0.846661,0.856324,0.404508,0.88777,0.850928,0.935635,0.785341,0.668988,0.580687,0.372283,0.940133,0.973664,0.283921,0.305364,0.485614,0.448424,0.994457,0.175925,0.0180754,0.493894,0.178823,0.366469,0.744171,0.72094,0.308061,0.54254,0.508814,0.636333,0.250462,0.589871,0.978893,0.486742,0.906099,0.434394,0.350078,0.645103,0.668924,0.864168,0.230185,0.499193,0.572004,0.768554,0.0436038,0.994551,0.469945,0.27956,0.883494,0.747719,0.953072,0.33075,0.552765,0.572292,0.980332,0.0753463,0.305697,0.190911,0.268475,0.48528,0.372687,0.394691
0.844213,0.210185,0.213556,0.253023,0.162916,0.211178,0.147105,0.171132,0.211089,0.142417,0.253761,0.237603,0.193783,0.343524,0.17382,0.311713,0.169474,0.20543,0.159754,0.17929,0.16133,0.264626,0.146366,0.236777,0.219811,0.177477,0.314949,0.208548,0.348993,0.234228,0.300775,0.187494,0.296971,0.165167,0.276807,0.156382,0.205273,0.130156,0.232576,0.184877,0.292906,0.181264,0.269254,0.144163,0.250847,0.17458,0.216506,0.22896,0.142656,0.281527,0.171377,0.274509,0.26781,0.268158,0.268818,0.291409,0.238819,0.321912,0.28935,0.337875,0.299846,0.296209,0.305547,0.265051,0.263404,0.216813,0.173747,0.14735,0.174581,0.147289,0.186726,0.155587,0.178236,0.200864,0.242785,0.270486,0.330824,0.279044,0.349513,0.296519,0.294256,0.240018,0.230145,0.220155,0.237266,0.267765,0.223211,0.271477,0.198717,0.312491,0.246998,0.323664,0.223535,0.251705,0.133327,0.242291,0.109318,0.262398,0.130597,0.284601,0.182538,0.289066,0.245377,0.214325,0.263198,0.214093,0.218405,0.298269,0.220967,0.319988,0.284292,0.278697,0.255313,0.204901,0.206976,0.162208,0.206957,0.233953,0.189614,0.23777,0.176875,0.248185,0.162661,0.292487,0.125829,0.232636,0.134025,0.172881,0.196939,0.174776,0.241981,0.179237,0.212578,0.150716,0.161907,0.174109,0.171769,0.166899,0.182278,0.151244,0.210781,0.229975,0.196428,0.323187,0.15437,0.349894,0.177771,0.25005,0.196052,0.204655,0.230848,0.243304,0.248208,0.231059,0.244449,0.178208,0.243965,0.14511,0.277759,0.185335,0.345461,0.216592,0.343707,0.260531,0.255127,0.281041,0.229953,0.28623,0.243251,0.255355,0.248217,0.241321,0.256251,0.221212,0.283448,0.188972,0.29969,0.265705,0.269114,0.307431,0.231534,0.277517,0.226214,0.228333,0.221777,0.267077,0.217178,0.278657,0.300858,0.288007,0.307138,0.342679,0.230813,0.280305,0.246174,0.268913,0.321764,0.280976,0.354445,0.289266,0.362292,0.326113,0.330396,0.305267,0.268455,0.310992,0.283422,0.273988,0.26623,0.229201,0.204853,0.283302,0.1816,0.230693,0.186244,0.149657,0.212097,0.21263,0.244137,0.232802,0.267722,0.214676,0.263975,0.21754,0.265781,0.276973,0.249006,0.343711,0.234928,0.28464,0.256928,0.246556,0.303945,0.223264,0.297707,0.205041,0.294238,0.184231,0.335382,0.187318,0.285721,0.283615,0.249775,0.344556,0.24146,0.318676,0.212649,0.307052,0.173222,0.261177,0.133005,0.171933,0.172574,0.145325,0.15886,0.0827484
0.876661,0.175033,0.368965,0.227081,0.294249,0.194396,0.266243,0.237907,0.227147,0.300337,0.25064,0.30555,0.383134,0.23085,0.413841,0.265431,0.34433,0.216431,0.258841,0.25158,0.298736,0.218049,0.354247,0.258568,0.264584,0.347633,0.274514,0.421527,0.29333,0.413141,0.299093,0.366311,0.225885,0.387344,0.249934,0.315338,0.197988,0.289189,0.222056,0.346308,0.263488,0.368188,0.22298,0.321458,0.226207,0.324676,0.276312,0.248565,0.327518,0.223561,0.368966,0.295069,0.339511,0.36551,0.373392,0.322107,0.382537,0.346639,0.426128,0.390458,0.400955,0.372929,0.360721,0.385663,0.3275,0.288439,0.260795,0.246395,0.21423,0.265167,0.244801,0.262054,0.239453,0.279209,0.329691,0.375487,0.351927,0.423215,0.365179,0.411643,0.366131,0.33782,0.288177,0.307749,0.33675,0.320587,0.349498,0.279004,0.364827,0.290814,0.409626,0.325681,0.372214,0.241946,0.312449,0.188302,0.346751,0.191328,0.340902,0.225631,0.380917,0.288056,0.335198,0.334173,0.283779,0.323442,0.339268,0.284488,0.40164,0.332048,0.376334,0.361006,0.33036,0.293752,0.253086,0.285344,0.267084,0.271705,0.33901,0.25173,0.293624,0.241063,0.366036,0.216887,0.338683,0.189943,0.276191,0.236997,0.237807,0.289987,0.25632,0.308049,0.231204,0.251518,0.221146,0.235595,0.254444,0.255814,0.220479,0.261513,0.26175,0.292282,0.353827,0.234308,0.415398,0.237085,0.392137,0.262649,0.277318,0.279585,0.311866,0.324903,0.306964,0.317523,0.285401,0.332236,0.223679,0.333149,0.238233,0.400443,0.281712,0.434555,0.307632,0.393676,0.362597,0.307097,0.352806,0.337828,0.369857,0.315999,0.307401,0.349841,0.335147,0.336959,0.268456,0.393227,0.306302,0.357146,0.376132,0.345062,0.374721,0.294973,0.338194,0.325211,0.312224,0.288565,0.382615,0.340901,0.341892,0.404032,0.412928,0.354356,0.404598,0.312185,0.338864,0.379273,0.37809,0.428353,0.354016,0.44567,0.40129,0.438642,0.402466,0.385717,0.381912,0.342522,0.393817,0.375911,0.319353,0.297324,0.331176,0.276276,0.361552,0.248092,0.249293,0.281824,0.252928,0.294675,0.317748,0.341551,0.29085,0.338142,0.305846,0.345275,0.312201,0.336766,0.406162,0.320608,0.404473,0.321762,0.332355,0.360953,0.329479,0.393123,0.279254,0.368348,0.289152,0.398734,0.249132,0.40965,0.316473,0.328339,0.399873,0.340487,0.419691,0.290198,0.37592,0.277794,0.376942,0.211593,0.273139,0.218595,0.218522,0.285737,0.158984,0.754635
0.102916,0.29411,0.182717,0.312631,0.213997,0.290033,0.235385,0.276132,0.276706,0.281344,0.303333,0.334004,0.289617,0.385766,0.278905,0.377504,0.274486,0.333216,0.271355,0.317442,0.274,0.339293,0.283017,0.32875,0.32743,0.305409,0.381081,0.309422,0.404761,0.312104,0.391296,0.289833,0.379803,0.270676,0.360155,0.258352,0.330716,0.249745,0.337071,0.266233,0.357379,0.26778,0.349849,0.261299,0.333318,0.28121,0.307902,0.317153,0.279502,0.350648,0.295092,0.361558,0.339265,0.368663,0.35454,0.385172,0.356126,0.402892,0.377549,0.407638,0.386301,0.386156,0.381192,0.357916,0.350438,0.321484,0.305288,0.284483,0.293292,0.278166,0.299618,0.29203,0.309152,0.316737,0.345111,0.351538,0.390729,0.365391,0.403565,0.368373,0.378056,0.346207,0.344498,0.337074,0.333086,0.353798,0.321192,0.365024,0.310948,0.382733,0.318838,0.383673,0.300212,0.356307,0.25798,0.347515,0.240913,0.355558,0.253545,0.365768,0.286712,0.363399,0.323093,0.337902,0.337093,0.340561,0.326434,0.374075,0.329707,0.384563,0.348973,0.361072,0.33702,0.321644,0.312745,0.301238,0.301206,0.323143,0.287757,0.333746,0.275132,0.343236,0.261844,0.352706,0.247164,0.323949,0.254846,0.289899,0.285874,0.277486,0.308095,0.270873,0.298309,0.259523,0.277683,0.264616,0.277857,0.268251,0.289394,0.290079,0.298764,0.322045,0.28638,0.370143,0.270827,0.382822,0.279357,0.34416,0.295543,0.317798,0.317981,0.320503,0.333872,0.309752,0.341312,0.28449,0.351693,0.271673,0.376789,0.290636,0.408128,0.317023,0.406254,0.346371,0.36912,0.363986,0.349387,0.367261,0.349456,0.3536,0.35348,0.340591,0.361321,0.327611,0.37463,0.321686,0.379753,0.353044,0.364682,0.374414,0.344847,0.365369,0.337027,0.34907,0.335935,0.361008,0.344484,0.372016,0.378351,0.383525,0.384169,0.400109,0.361797,0.380639,0.370735,0.37185,0.40591,0.375839,0.427685,0.384042,0.429548,0.397846,0.408105,0.393151,0.375621,0.387673,0.364276,0.367191,0.344337,0.347229,0.311156,0.35257,0.29327,0.326573,0.294342,0.295455,0.310039,0.311964,0.330742,0.324384,0.346252,0.325035,0.349546,0.335963,0.349177,0.368287,0.342464,0.395211,0.339813,0.374837,0.353839,0.349001,0.376703,0.328398,0.382939,0.313072,0.386911,0.304506,0.39634,0.316672,0.374547,0.363266,0.349539,0.395674,0.330582,0.388792,0.304257,0.36809,0.273597,0.32593,0.25142,0.268026,0.26325,0.236707,0.238852,0.421763
0.795342,0.123383,0.332532,0.207016,0.307818,0.240894,0.306225,0.275837,0.311492,0.308606,0.337568,0.32027,0.380633,0.313413,0.398077,0.313835,0.381297,0.309633,0.359008,0.313857,0.360476,0.318218,0.364823,0.34024,0.348607,0.377104,0.341986,0.406587,0.341188,0.411114,0.332907,0.400571,0.31308,0.390649,0.302442,0.370169,0.290656,0.360436,0.292713,0.369145,0.299706,0.372424,0.297529,0.360839,0.304842,0.347187,0.327754,0.326695,0.355337,0.323136,0.376178,0.346673,0.384762,0.372159,0.397996,0.379718,0.410677,0.391536,0.420768,0.403944,0.413605,0.402453,0.394322,0.389811,0.36988,0.358148,0.341706,0.335815,0.32507,0.334318,0.33302,0.352357,0.344914,0.356633,0.365454,0.387144,0.381285,0.408259,0.387036,0.404847,0.381286,0.382589,0.366782,0.364947,0.371169,0.355777,0.379563,0.344457,0.388949,0.341524,0.396582,0.337313,0.386883,0.312808,0.37316,0.291908,0.375271,0.29109,0.38013,0.308261,0.38557,0.334745,0.376357,0.354559,0.368603,0.357408,0.38255,0.354128,0.398094,0.362429,0.391501,0.364711,0.369176,0.348839,0.345616,0.335922,0.344964,0.324999,0.358336,0.313829,0.361586,0.303699,0.370805,0.29351,0.361158,0.290387,0.336851,0.305221,0.316989,0.324251,0.30829,0.329916,0.298624,0.318572,0.294465,0.311756,0.299223,0.315744,0.305725,0.323885,0.327495,0.321528,0.360189,0.309935,0.383115,0.308829,0.376181,0.319012,0.350675,0.333829,0.344067,0.351216,0.338609,0.361373,0.326403,0.372016,0.312438,0.386132,0.316943,0.40897,0.335787,0.420438,0.357388,0.407697,0.378058,0.385611,0.385347,0.380742,0.384302,0.379552,0.371621,0.385793,0.365116,0.391179,0.355458,0.399988,0.365604,0.394146,0.385024,0.383195,0.38946,0.371214,0.381659,0.370883,0.379123,0.372071,0.390744,0.388705,0.395362,0.40475,0.408166,0.399185,0.406906,0.394754,0.395019,0.412019,0.396027,0.431232,0.397732,0.438296,0.407209,0.42992,0.409836,0.407874,0.404976,0.387617,0.397251,0.375547,0.379809,0.351411,0.373816,0.333433,0.367488,0.325512,0.343789,0.332985,0.339285,0.345548,0.351016,0.360793,0.354586,0.367425,0.361982,0.369635,0.376677,0.367497,0.400174,0.364794,0.402068,0.369472,0.383492,0.383851,0.367626,0.396356,0.35121,0.399842,0.344172,0.405806,0.343461,0.402085,0.365755,0.381456,0.393638,0.36554,0.401424,0.343005,0.386404,0.319408,0.360456,0.293516,0.315164,0.28571,0.27297,0.298537,0.205365,0.482356
0.21035,0.222249,0.191823,0.297677,0.23833,0.316972,0.275503,0.331503,0.309768,0.35147,0.333404,0.381333,0.341219,0.40586,0.34314,0.408522,0.344305,0.396358,0.346056,0.388818,0.350807,0.389538,0.361727,0.384265,0.383591,0.375169,0.407553,0.370553,0.420127,0.364831,0.418224,0.352542,0.41042,0.339506,0.398774,0.329481,0.38715,0.324213,0.385341,0.32616,0.387885,0.327795,0.383653,0.330861,0.373951,0.343437,0.36192,0.363576,0.354437,0.383703,0.362986,0.397632,0.382421,0.408639,0.397265,0.420113,0.407223,0.429373,0.417441,0.430827,0.421172,0.421198,0.414774,0.404912,0.397086,0.385451,0.375835,0.369137,0.365499,0.365615,0.368272,0.375402,0.37651,0.384032,0.391682,0.396832,0.410452,0.403754,0.417293,0.403036,0.408664,0.395099,0.394064,0.390513,0.383153,0.393877,0.37426,0.399178,0.367498,0.404495,0.363213,0.403626,0.352039,0.395882,0.336036,0.392481,0.328885,0.395513,0.335342,0.39995,0.351595,0.400066,0.368819,0.39579,0.377794,0.398837,0.378325,0.408862,0.379714,0.411215,0.382301,0.400416,0.376511,0.383706,0.365526,0.374279,0.356027,0.377857,0.347068,0.383204,0.338658,0.387078,0.331078,0.385904,0.326464,0.372555,0.330723,0.35503,0.342551,0.342194,0.351318,0.332964,0.349798,0.325949,0.343747,0.32494,0.342441,0.328735,0.345486,0.340321,0.346813,0.359929,0.342165,0.380552,0.338091,0.38744,0.342041,0.37738,0.352055,0.366478,0.365235,0.361655,0.377292,0.355206,0.387354,0.346856,0.398696,0.345029,0.413589,0.355164,0.426828,0.371641,0.427457,0.388808,0.41616,0.400366,0.406976,0.403511,0.404607,0.398805,0.40627,0.391713,0.41036,0.385812,0.415185,0.385854,0.416031,0.396026,0.410142,0.404454,0.402231,0.404021,0.398198,0.40106,0.399162,0.40448,0.40605,0.410221,0.417961,0.416227,0.422418,0.420179,0.419943,0.415586,0.424662,0.411804,0.436614,0.41252,0.444433,0.416159,0.442193,0.420256,0.429345,0.419298,0.411782,0.414749,0.397416,0.405774,0.382194,0.397034,0.365982,0.39201,0.356277,0.381323,0.356051,0.371596,0.363505,0.374045,0.373945,0.379633,0.382352,0.384547,0.386009,0.393319,0.386433,0.406962,0.385188,0.415737,0.386513,0.409606,0.393873,0.396819,0.404228,0.384232,0.411038,0.374985,0.415196,0.371915,0.416174,0.379218,0.407136,0.395966,0.392727,0.406831,0.376004,0.401371,0.355152,0.382146,0.332027,0.350713,0.31355,0.313439,0.309078,0.289031,0.273932,0.522481
0.123223,0.156165,0.25646,0.229334,0.310555,0.272217,0.339273,0.30953,0.363031,0.339758,0.38843,0.358392,0.412708,0.36706,0.425283,0.371984,0.423753,0.375054,0.417366,0.37909,0.41464,0.385625,0.412343,0.398008,0.406051,0.414574,0.399915,0.427679,0.394214,0.431452,0.385656,0.427595,0.374207,0.420239,0.364057,0.411045,0.356489,0.405234,0.35381,0.404291,0.354358,0.402459,0.356108,0.396468,0.362777,0.388584,0.376157,0.382022,0.392764,0.383643,0.407789,0.39556,0.419467,0.410466,0.430084,0.422013,0.43909,0.431481,0.443995,0.437366,0.441434,0.435731,0.432168,0.425758,0.41926,0.409671,0.406319,0.396353,0.399089,0.391942,0.400941,0.395829,0.407151,0.403695,0.414957,0.416601,0.421106,0.426221,0.422205,0.42605,0.417997,0.417693,0.411985,0.407903,0.410311,0.399776,0.412007,0.392783,0.414724,0.387589,0.415866,0.381302,0.412846,0.371279,0.409375,0.363448,0.410243,0.363878,0.413813,0.372647,0.416956,0.385208,0.417021,0.395043,0.417778,0.398666,0.422939,0.398952,0.42711,0.399576,0.423492,0.397505,0.413221,0.390609,0.403191,0.382765,0.400414,0.37557,0.403225,0.368882,0.405812,0.362951,0.406398,0.3586,0.400133,0.358471,0.387639,0.364205,0.374668,0.371435,0.364366,0.374132,0.356086,0.37148,0.351268,0.368743,0.351232,0.368794,0.356237,0.369736,0.367744,0.368151,0.382821,0.365013,0.393569,0.365473,0.393706,0.371285,0.387029,0.38074,0.382068,0.391499,0.378205,0.401294,0.373687,0.411083,0.371265,0.422164,0.375993,0.433662,0.387477,0.439772,0.401416,0.437082,0.413478,0.430436,0.419698,0.426852,0.419698,0.42651,0.415145,0.428712,0.410427,0.431669,0.40787,0.433762,0.41139,0.431825,0.41801,0.427216,0.4211,0.42316,0.420375,0.422756,0.420699,0.425948,0.42418,0.433146,0.427895,0.439476,0.431369,0.440563,0.43089,0.441417,0.427584,0.446808,0.426458,0.452471,0.427517,0.452682,0.430158,0.445323,0.431128,0.432236,0.429123,0.418437,0.424602,0.406032,0.418246,0.393297,0.413403,0.383607,0.408096,0.379926,0.400923,0.382873,0.398663,0.389615,0.401824,0.396902,0.405825,0.401505,0.411359,0.403238,0.419442,0.403139,0.427427,0.403445,0.428005,0.406916,0.420639,0.413804,0.410941,0.420772,0.402079,0.425425,0.397106,0.427909,0.397824,0.42525,0.405535,0.41607,0.41379,0.40327,0.413158,0.386222,0.400307,0.365448,0.377066,0.343349,0.346128,0.327231,0.313615,0.349689,0.239071,0.988275
0.443273,0.195778,0.230797,0.290986,0.265047,0.334897,0.305892,0.367294,0.341141,0.39486,0.36742,0.419174,0.383774,0.436348,0.393284,0.442695,0.39913,0.441162,0.403454,0.43823,0.408233,0.436113,0.415381,0.432356,0.425671,0.426894,0.435974,0.421156,0.441707,0.414127,0.441365,0.404853,0.436965,0.395016,0.430525,0.386672,0.424437,0.381228,0.42107,0.379212,0.418986,0.379503,0.415212,0.382818,0.409713,0.391038,0.404666,0.403418,0.403749,0.41694,0.410161,0.428994,0.421977,0.439372,0.434059,0.448325,0.443997,0.454648,0.451022,0.456363,0.452767,0.452658,0.447689,0.445076,0.436655,0.436119,0.424079,0.429136,0.415832,0.427254,0.414286,0.430134,0.418031,0.434514,0.425706,0.438693,0.434185,0.439981,0.437979,0.43736,0.43515,0.432047,0.428419,0.427587,0.421316,0.425959,0.414947,0.426115,0.409598,0.426546,0.404756,0.425546,0.398665,0.423515,0.392574,0.423394,0.390572,0.42611,0.394538,0.429921,0.402687,0.432699,0.410964,0.434476,0.415743,0.437529,0.416708,0.441099,0.416193,0.441032,0.414684,0.43564,0.41065,0.427897,0.404877,0.422771,0.399245,0.422331,0.394172,0.423889,0.389698,0.424631,0.386159,0.421972,0.384676,0.414179,0.386667,0.40344,0.391144,0.392944,0.394535,0.383867,0.394464,0.376868,0.392375,0.373303,0.391017,0.373899,0.390767,0.379373,0.390054,0.38894,0.38821,0.398737,0.387443,0.403612,0.390213,0.402416,0.3965,0.399221,0.404891,0.39679,0.413669,0.394588,0.422255,0.393292,0.431266,0.395675,0.440695,0.403292,0.4482,0.414256,0.450593,0.42526,0.448305,0.433024,0.445417,0.43586,0.444422,0.434256,0.445264,0.430645,0.447153,0.427707,0.44893,0.427783,0.449003,0.431316,0.44683,0.434899,0.444064,0.436061,0.442933,0.436174,0.444446,0.437572,0.448577,0.439915,0.453733,0.442103,0.456607,0.442799,0.457293,0.44106,0.459008,0.43914,0.461791,0.438749,0.462224,0.439738,0.457748,0.440868,0.448406,0.440506,0.436757,0.438425,0.42562,0.43493,0.415385,0.431339,0.406795,0.428204,0.401999,0.424288,0.402024,0.421417,0.405903,0.422107,0.411318,0.424916,0.41586,0.428586,0.418259,0.433557,0.418887,0.439097,0.419005,0.441762,0.42049,0.438791,0.424467,0.432022,0.429914,0.424548,0.434736,0.41875,0.437959,0.416417,0.438374,0.418429,0.434085,0.42266,0.425241,0.423108,0.412116,0.414876,0.39426,0.397272,0.372332,0.372278,0.348288,0.344973,0.320977,0.326839,0.240847,0.548839
0.6129,0.17408,0.286508,0.251815,0.321179,0.297903,0.362771,0.338006,0.396505,0.370358,0.423658,0.393516,0.443968,0.408464,0.455624,0.417799,0.459169,0.423721,0.458402,0.428159,0.456728,0.432765,0.454297,0.438787,0.450277,0.445631,0.44515,0.45081,0.438999,0.452292,0.431272,0.450232,0.422383,0.446012,0.413866,0.441058,0.407036,0.437008,0.402816,0.434189,0.401198,0.431164,0.402181,0.42711,0.406755,0.423097,0.415247,0.42137,0.42621,0.42449,0.437466,0.432869,0.447681,0.4438,0.456581,0.454136,0.463602,0.462166,0.467648,0.46624,0.467812,0.464782,0.464495,0.457777,0.459233,0.447456,0.454103,0.43801,0.451311,0.432829,0.451734,0.432659,0.453966,0.436408,0.456223,0.442384,0.456869,0.447115,0.454716,0.447747,0.450002,0.444332,0.444518,0.43901,0.440417,0.433528,0.438144,0.42856,0.437,0.424283,0.436029,0.420104,0.434839,0.415931,0.434597,0.41362,0.436575,0.415039,0.440297,0.419955,0.444289,0.426105,0.447527,0.430654,0.450517,0.432173,0.453574,0.431428,0.454945,0.429642,0.45275,0.426735,0.447675,0.422659,0.442643,0.418438,0.440281,0.414767,0.440431,0.411688,0.441011,0.409215,0.439982,0.40773,0.435521,0.408024,0.427661,0.410232,0.418258,0.412797,0.409006,0.41372,0.400825,0.412661,0.394783,0.411055,0.391916,0.409983,0.392889,0.409157,0.397751,0.407952,0.404775,0.407011,0.410674,0.408021,0.413036,0.411806,0.4126,0.417823,0.411651,0.424939,0.410984,0.432249,0.410893,0.439717,0.41271,0.447459,0.417973,0.45465,0.426418,0.459345,0.435972,0.460543,0.44404,0.459703,0.448613,0.459071,0.449266,0.45945,0.447155,0.460657,0.444441,0.462038,0.443079,0.462766,0.44423,0.462144,0.446845,0.460671,0.448777,0.459678,0.449493,0.460301,0.450112,0.462736,0.451296,0.466362,0.452507,0.469389,0.453058,0.470594,0.452167,0.471017,0.450351,0.47168,0.449073,0.471375,0.44886,0.468148,0.449355,0.461297,0.449566,0.451917,0.448884,0.44213,0.44735,0.433327,0.445423,0.426001,0.443744,0.421197,0.442015,0.419814,0.440313,0.421685,0.440116,0.42544,0.441733,0.429306,0.444219,0.431895,0.447317,0.432934,0.450816,0.433087,0.453287,0.433578,0.452565,0.435561,0.448365,0.439147,0.442467,0.443251,0.436822,0.44669,0.433017,0.448553,0.431874,0.447462,0.432762,0.442377,0.432455,0.432964,0.42672,0.418541,0.413263,0.398769,0.392635,0.374104,0.368191,0.3431,0.345624,0.281026,0.28202,0.0443878
0.277822,0.20353,0.237186,0.296247,0.285471,0.349369,0.330252,0.39146,0.368099,0.424053,0.397262,0.448217,0.417741,0.464047,0.431153,0.471988,0.439563,0.474281,0.444813,0.473923,0.448536,0.472445,0.452085,0.469726,0.456017,0.465647,0.459543,0.460377,0.461289,0.453792,0.460659,0.445976,0.458143,0.43778,0.454603,0.430366,0.450985,0.424691,0.447908,0.421279,0.445017,0.420297,0.441686,0.422211,0.438273,0.427505,0.436212,0.435699,0.437389,0.445352,0.442918,0.454968,0.451871,0.463696,0.461841,0.471026,0.470594,0.476308,0.476396,0.478903,0.47774,0.478744,0.47404,0.476603,0.466339,0.473759,0.457353,0.471628,0.45027,0.471147,0.446964,0.471998,0.447501,0.472932,0.450815,0.472765,0.454824,0.470544,0.457004,0.466096,0.456139,0.460294,0.452864,0.454696,0.448566,0.450388,0.444236,0.447453,0.440382,0.445499,0.437068,0.444183,0.434188,0.443821,0.432368,0.445221,0.432771,0.448517,0.435713,0.45284,0.440055,0.457082,0.443826,0.460774,0.445461,0.463962,0.444795,0.466032,0.442733,0.465775,0.439983,0.462956,0.436778,0.459034,0.433613,0.456111,0.431063,0.455152,0.429229,0.455326,0.427931,0.45503,0.427113,0.452678,0.427033,0.447425,0.42796,0.439834,0.429433,0.431193,0.430305,0.422608,0.429838,0.415072,0.428442,0.409646,0.427007,0.407192,0.425866,0.408141,0.424806,0.411946,0.423925,0.416797,0.424074,0.420541,0.426117,0.42235,0.430099,0.423059,0.435386,0.423652,0.441218,0.42458,0.447247,0.42655,0.453501,0.430635,0.459744,0.437236,0.465026,0.445352,0.468282,0.45309,0.469565,0.458576,0.470039,0.460838,0.470675,0.460209,0.471688,0.458105,0.472848,0.456262,0.47373,0.455971,0.473911,0.457344,0.473406,0.459189,0.472888,0.46042,0.473191,0.461063,0.474705,0.461631,0.477183,0.462147,0.479717,0.462251,0.48118,0.461525,0.481417,0.459935,0.481051,0.458241,0.479973,0.457184,0.477142,0.456887,0.471787,0.456952,0.464241,0.456859,0.455847,0.456441,0.448065,0.455846,0.441699,0.455394,0.437305,0.455132,0.435439,0.454859,0.436147,0.454993,0.438682,0.456065,0.441783,0.457802,0.444253,0.459793,0.445501,0.461871,0.445739,0.463475,0.445741,0.463406,0.446457,0.460852,0.448418,0.456383,0.451333,0.451337,0.454389,0.447,0.456758,0.444201,0.45744,0.442861,0.455236,0.44135,0.449163,0.43666,0.438237,0.426089,0.421505,0.408803,0.39873,0.386523,0.370382,0.365084,0.333436,0.370519,0.235653,0.842074
0.242231,0.192974,0.261487,0.269159,0.327468,0.317877,0.379153,0.361027,0.419001,0.395823,0.448405,0.421661,0.468513,0.439478,0.480416,0.450978,0.485911,0.45792,0.487474,0.461908,0.487087,0.464354,0.485432,0.466299,0.482465,0.468022,0.47819,0.469065,0.472625,0.468899,0.465832,0.467491,0.45827,0.465199,0.4508,0.46248,0.444326,0.459736,0.439553,0.457007,0.436906,0.454031,0.436756,0.450926,0.439514,0.448606,0.445154,0.448495,0.452873,0.451808,0.461424,0.458604,0.469721,0.467491,0.477072,0.476413,0.482964,0.483451,0.486974,0.487002,0.488948,0.486109,0.489224,0.481024,0.488531,0.473403,0.487725,0.465799,0.487465,0.46045,0.487795,0.458346,0.488036,0.45919,0.4873,0.461739,0.484885,0.46411,0.480527,0.464738,0.474641,0.463241,0.46825,0.460272,0.462463,0.456742,0.457867,0.45334,0.454542,0.450466,0.452396,0.448265,0.451512,0.446977,0.452288,0.447151,0.454956,0.449088,0.459079,0.452227,0.463741,0.45524,0.468125,0.45676,0.471835,0.45621,0.474512,0.454034,0.475496,0.451105,0.474394,0.448077,0.471821,0.445441,0.469198,0.443634,0.467729,0.442773,0.46748,0.442599,0.467486,0.442763,0.466432,0.443108,0.463229,0.443688,0.457612,0.444435,0.450186,0.44488,0.441888,0.444497,0.433677,0.443272,0.426574,0.441724,0.42156,0.440329,0.419343,0.43919,0.420048,0.438328,0.422889,0.438094,0.426393,0.43906,0.42932,0.441483,0.431421,0.445095,0.433149,0.449375,0.434947,0.453945,0.43729,0.458748,0.440891,0.46378,0.44629,0.468686,0.453179,0.472757,0.460336,0.475549,0.46619,0.477329,0.469559,0.478694,0.470209,0.479973,0.468925,0.481176,0.467099,0.482149,0.466044,0.482712,0.466392,0.482824,0.467746,0.482784,0.46917,0.483109,0.470104,0.48417,0.470582,0.485928,0.470731,0.487907,0.470466,0.489339,0.469613,0.48971,0.468093,0.4891,0.466225,0.48763,0.464598,0.48492,0.463583,0.480454,0.46316,0.474254,0.463063,0.46711,0.463099,0.460214,0.463275,0.45452,0.46372,0.450556,0.464487,0.448636,0.465399,0.44879,0.466377,0.450563,0.46761,0.453067,0.469085,0.455327,0.470525,0.456679,0.47174,0.457032,0.472512,0.456828,0.472299,0.456785,0.470476,0.45752,0.467022,0.45919,0.462645,0.461437,0.458288,0.463658,0.454696,0.465095,0.452043,0.46472,0.449524,0.46133,0.44517,0.45362,0.436532,0.440209,0.421946,0.420147,0.401545,0.393817,0.37813,0.364863,0.356788,0.360284,0.291691,0.855207
0.603064,0.195899,0.266048,0.298409,0.301116,0.359906,0.34927,0.407958,0.389731,0.443852,0.420846,0.468976,0.443203,0.484948,0.458195,0.493688,0.467456,0.497478,0.472555,0.498418,0.474925,0.497734,0.475807,0.495754,0.476066,0.492475,0.476013,0.487901,0.475563,0.482091,0.474612,0.475313,0.473201,0.468156,0.471428,0.461388,0.469388,0.455742,0.467091,0.4518,0.464448,0.45001,0.461543,0.450763,0.458993,0.454218,0.457907,0.46,0.45945,0.467213,0.464177,0.474802,0.47153,0.481926,0.479995,0.488035,0.48771,0.492794,0.492946,0.496084,0.49445,0.498059,0.491881,0.499123,0.486097,0.499751,0.478964,0.500305,0.472619,0.500831,0.468574,0.500946,0.467259,0.500029,0.468112,0.497556,0.469852,0.493296,0.471029,0.487461,0.470756,0.480724,0.469017,0.474008,0.466368,0.468085,0.463479,0.463375,0.460904,0.460055,0.459005,0.458253,0.458018,0.45819,0.458203,0.460041,0.459705,0.463593,0.462179,0.468167,0.464694,0.472913,0.466118,0.477163,0.465725,0.480463,0.463602,0.482375,0.460492,0.482572,0.457282,0.481272,0.454681,0.479363,0.453174,0.477912,0.45292,0.477431,0.453658,0.477551,0.454872,0.477307,0.456078,0.475632,0.457023,0.471841,0.457621,0.465936,0.457744,0.458473,0.457192,0.450269,0.455942,0.442271,0.454301,0.435486,0.452701,0.430809,0.451403,0.428774,0.450484,0.429289,0.45007,0.431564,0.450434,0.434515,0.451786,0.437385,0.454039,0.440008,0.456875,0.442548,0.46,0.445304,0.463349,0.448763,0.467025,0.453427,0.471016,0.459356,0.474997,0.465875,0.478508,0.471779,0.481335,0.475886,0.483591,0.477604,0.485448,0.477211,0.486969,0.475708,0.48814,0.474326,0.488949,0.473951,0.489434,0.474716,0.489766,0.476056,0.490249,0.477258,0.491151,0.477948,0.492513,0.478073,0.494083,0.477643,0.495378,0.476648,0.495907,0.475098,0.495451,0.47314,0.494002,0.471147,0.49146,0.469536,0.487601,0.46852,0.482398,0.468066,0.476309,0.468066,0.470217,0.468494,0.465041,0.469402,0.461388,0.470808,0.459527,0.472563,0.459445,0.474418,0.460798,0.476234,0.462926,0.477918,0.465031,0.479274,0.466471,0.480116,0.466988,0.480339,0.466776,0.479761,0.466341,0.478078,0.46625,0.475156,0.466855,0.471299,0.468138,0.467119,0.46978,0.463212,0.471259,0.459854,0.471791,0.456677,0.470255,0.452427,0.465224,0.445123,0.455031,0.432804,0.438103,0.414462,0.413788,0.390955,0.383978,0.366125,0.356407,0.351587,0.300161,0.583557
0.525756,0.172946,0.279891,0.273061,0.335108,0.332356,0.391054,0.379326,0.43422,0.415843,0.465204,0.442832,0.485753,0.461574,0.497984,0.473597,0.50423,0.480431,0.506711,0.483507,0.507014,0.484136,0.505876,0.483463,0.50347,0.482322,0.49981,0.481147,0.494935,0.48007,0.489004,0.479069,0.482399,0.478037,0.475716,0.476802,0.469635,0.475182,0.464794,0.473038,0.461738,0.470407,0.460905,0.467727,0.462558,0.465884,0.466583,0.465966,0.472389,0.468782,0.47908,0.474372,0.485776,0.481836,0.491841,0.489623,0.496929,0.495998,0.500945,0.499481,0.503997,0.499268,0.50633,0.495561,0.508201,0.48958,0.509746,0.483135,0.510892,0.477908,0.51133,0.474863,0.510604,0.474047,0.508316,0.474728,0.504289,0.475756,0.498658,0.476104,0.491893,0.475306,0.484715,0.473501,0.477888,0.471172,0.472007,0.46888,0.467465,0.467105,0.464525,0.466186,0.463403,0.466339,0.464242,0.467621,0.466936,0.469759,0.471004,0.47204,0.475695,0.473505,0.480251,0.473381,0.484079,0.471495,0.486745,0.468364,0.487963,0.464904,0.487779,0.462033,0.486728,0.460422,0.485645,0.460364,0.485183,0.461682,0.485391,0.46381,0.485681,0.466043,0.485135,0.467815,0.482912,0.468827,0.478597,0.468987,0.472327,0.468306,0.464663,0.466908,0.456428,0.465088,0.448587,0.463253,0.44212,0.461734,0.437819,0.460682,0.436056,0.460148,0.436614,0.460197,0.438776,0.460891,0.441706,0.46216,0.444828,0.463796,0.447926,0.465594,0.451059,0.467529,0.454523,0.469778,0.458738,0.472545,0.463939,0.475822,0.469845,0.479333,0.475619,0.482716,0.480202,0.485732,0.482808,0.488279,0.483318,0.490315,0.482346,0.491838,0.480945,0.492914,0.480109,0.493666,0.480325,0.49427,0.481406,0.494937,0.482738,0.495847,0.483733,0.497044,0.484081,0.498382,0.483717,0.499561,0.482701,0.50022,0.481138,0.50007,0.479157,0.498942,0.476955,0.49673,0.474878,0.493391,0.473271,0.488979,0.47229,0.48379,0.471941,0.478445,0.47222,0.473727,0.473173,0.470283,0.474819,0.468443,0.477045,0.468219,0.479574,0.46933,0.482081,0.471241,0.48429,0.473281,0.485947,0.474845,0.486839,0.47559,0.486872,0.475531,0.486021,0.474993,0.484235,0.474439,0.481483,0.474267,0.477918,0.474654,0.473916,0.475521,0.46992,0.476583,0.466215,0.477309,0.462672,0.476809,0.458503,0.473752,0.452196,0.466385,0.441831,0.452736,0.42574,0.43119,0.403293,0.401617,0.375837,0.368305,0.347321,0.357552,0.279061,0.758502
0.0146283,0.187072,0.225055,0.30139,0.309497,0.368685,0.364927,0.419598,0.407155,0.457056,0.438871,0.48282,0.461535,0.499008,0.476629,0.508041,0.485656,0.5123,0.490041,0.51368,0.491106,0.513296,0.490085,0.511587,0.488104,0.508679,0.486041,0.504629,0.484402,0.499528,0.483328,0.493606,0.48268,0.487282,0.482128,0.481124,0.48128,0.475759,0.47982,0.471787,0.477647,0.469723,0.475028,0.46992,0.472666,0.472434,0.471559,0.476912,0.47265,0.482639,0.476394,0.488779,0.482456,0.494633,0.489732,0.499794,0.496658,0.504148,0.501649,0.507797,0.503546,0.510936,0.502001,0.513724,0.497631,0.51617,0.491809,0.518084,0.486143,0.519116,0.481892,0.518859,0.479606,0.516988,0.479064,0.513372,0.479487,0.50812,0.479928,0.501586,0.479699,0.494334,0.478591,0.487033,0.476822,0.480322,0.474841,0.474723,0.473144,0.47063,0.472155,0.468335,0.472149,0.468011,0.473207,0.469628,0.475116,0.472859,0.477304,0.477094,0.47893,0.481604,0.479203,0.485725,0.477751,0.488957,0.474837,0.490984,0.471263,0.491752,0.468042,0.491566,0.466057,0.491043,0.465819,0.490819,0.467329,0.491177,0.470086,0.491858,0.473286,0.492163,0.47611,0.491246,0.47797,0.488452,0.478609,0.483558,0.478054,0.476819,0.476549,0.46887,0.474491,0.460585,0.472345,0.452951,0.470515,0.446902,0.469233,0.443116,0.468553,0.441816,0.468426,0.442695,0.46876,0.445078,0.469404,0.448231,0.470155,0.451627,0.470849,0.455042,0.471497,0.458557,0.472335,0.46248,0.473719,0.467117,0.475896,0.472456,0.478833,0.47799,0.482228,0.482852,0.485678,0.486192,0.488832,0.487595,0.491455,0.487308,0.49345,0.486139,0.494871,0.485074,0.495886,0.484831,0.496712,0.485557,0.497554,0.486857,0.498555,0.488103,0.499739,0.488787,0.501003,0.488676,0.502142,0.487791,0.502921,0.486304,0.503115,0.484397,0.502489,0.482168,0.50079,0.479774,0.497972,0.477619,0.494225,0.476043,0.489821,0.47517,0.485189,0.475038,0.480935,0.475704,0.477668,0.477225,0.475789,0.479548,0.475397,0.482442,0.476296,0.485522,0.478044,0.488361,0.480062,0.490573,0.481783,0.491854,0.482813,0.49205,0.48304,0.491167,0.482632,0.489291,0.481934,0.486538,0.481313,0.483075,0.481018,0.47917,0.481125,0.475154,0.481541,0.471284,0.481975,0.467557,0.481817,0.463497,0.479985,0.457985,0.474843,0.449321,0.464291,0.435581,0.446117,0.415186,0.41865,0.387571,0.381798,0.354762,0.338047,0.340871,0.253805,0.799718
0.123233,0.177445,0.257461,0.284906,0.341785,0.34755,0.400572,0.395401,0.444637,0.431841,0.47611,0.458511,0.496826,0.476885,0.50912,0.488439,0.515492,0.494596,0.518126,0.496674,0.518506,0.495897,0.517357,0.493465,0.514984,0.490562,0.511555,0.488099,0.507171,0.486527,0.501956,0.485839,0.49616,0.485684,0.490206,0.485524,0.484643,0.484839,0.480081,0.483313,0.477097,0.481001,0.476136,0.478408,0.477392,0.476411,0.480692,0.476007,0.485492,0.477938,0.491033,0.482344,0.496593,0.488611,0.501688,0.495494,0.506152,0.501457,0.510069,0.505116,0.513634,0.505675,0.516994,0.503193,0.520117,0.498558,0.522747,0.493134,0.524467,0.48826,0.524834,0.484829,0.523539,0.483083,0.520481,0.482644,0.515763,0.482774,0.509675,0.482739,0.502664,0.482106,0.495286,0.480835,0.488135,0.479192,0.481775,0.477602,0.476688,0.476507,0.473253,0.476252,0.471713,0.476998,0.472121,0.478636,0.474277,0.480723,0.477718,0.482531,0.481811,0.48327,0.485901,0.482412,0.48944,0.479965,0.492055,0.476523,0.4936,0.473064,0.494219,0.470618,0.494337,0.469936,0.494504,0.471268,0.495104,0.474291,0.496119,0.478226,0.497083,0.482104,0.497245,0.485068,0.495844,0.486585,0.492387,0.486521,0.486819,0.485116,0.479545,0.482865,0.471312,0.480354,0.463061,0.478109,0.455778,0.476472,0.450329,0.475554,0.447256,0.475274,0.446629,0.475425,0.448037,0.475735,0.450787,0.475929,0.454177,0.475812,0.457725,0.475391,0.461277,0.474936,0.464992,0.474908,0.469172,0.475759,0.47398,0.477705,0.479193,0.480618,0.484172,0.484091,0.488099,0.487618,0.490364,0.490765,0.490884,0.493275,0.490171,0.495111,0.489107,0.496425,0.488528,0.497467,0.48886,0.498477,0.489974,0.499606,0.491338,0.500877,0.492344,0.50219,0.492583,0.503383,0.491958,0.504296,0.49064,0.504812,0.488901,0.504771,0.486863,0.5038,0.484403,0.501562,0.481771,0.498366,0.479563,0.494627,0.478075,0.490674,0.477381,0.486922,0.477544,0.48387,0.478653,0.48194,0.480737,0.481331,0.483655,0.481964,0.487056,0.483508,0.490446,0.485473,0.493308,0.487332,0.495202,0.488663,0.49586,0.489259,0.495226,0.489161,0.493425,0.488591,0.490675,0.487842,0.487224,0.487159,0.483341,0.48668,0.479303,0.486432,0.475341,0.486315,0.471521,0.485991,0.467574,0.484695,0.462705,0.481072,0.455503,0.473137,0.444065,0.458465,0.426352,0.434598,0.400624,0.399448,0.365527,0.351355,0.317815,0.293524,0.21642,0.420761
0.601682,0.204284,0.284478,0.315243,0.330057,0.378673,0.381559,0.428411,0.422354,0.465686,0.452953,0.491428,0.474706,0.507548,0.489018,0.516495,0.497293,0.520676,0.500856,0.521946,0.500898,0.52134,0.498519,0.519314,0.49499,0.516232,0.491604,0.512338,0.489206,0.50773,0.488055,0.502521,0.487909,0.49696,0.488193,0.491471,0.488225,0.486612,0.487458,0.482988,0.485687,0.48113,0.483175,0.481354,0.480629,0.483644,0.479024,0.487607,0.479282,0.492578,0.481921,0.49783,0.486806,0.502813,0.493098,0.507279,0.499459,0.511274,0.504435,0.515,0.506897,0.518631,0.506413,0.522165,0.503368,0.525349,0.498779,0.527716,0.493883,0.528751,0.489734,0.5281,0.48694,0.525672,0.485537,0.521585,0.485075,0.516095,0.484906,0.509565,0.484495,0.502444,0.483602,0.495237,0.482295,0.488477,0.480868,0.482675,0.479711,0.478271,0.479196,0.475585,0.479566,0.474759,0.480834,0.475709,0.48271,0.478111,0.484603,0.481459,0.485767,0.485169,0.485571,0.488698,0.483787,0.491634,0.48075,0.493752,0.47729,0.495061,0.47447,0.495825,0.473235,0.496472,0.474109,0.497398,0.477029,0.498737,0.481362,0.500232,0.486115,0.501281,0.490239,0.501123,0.492913,0.49909,0.493722,0.49484,0.492735,0.488516,0.490457,0.480712,0.487605,0.472294,0.484867,0.464248,0.48274,0.457534,0.481448,0.452911,0.480946,0.450751,0.480972,0.450944,0.481146,0.452953,0.481073,0.456041,0.480466,0.459543,0.479269,0.463078,0.477735,0.466623,0.476386,0.470417,0.475832,0.474725,0.476524,0.479552,0.478557,0.484499,0.481639,0.488858,0.485223,0.491921,0.48872,0.493328,0.491694,0.493278,0.493966,0.492453,0.495616,0.491706,0.49689,0.491664,0.498066,0.492473,0.499337,0.493787,0.500748,0.495005,0.502203,0.49559,0.503539,0.49529,0.504623,0.494202,0.505417,0.492667,0.505925,0.490978,0.505892,0.488894,0.504483,0.485961,0.501706,0.483065,0.498441,0.480881,0.495081,0.479546,0.491863,0.479091,0.489108,0.479605,0.487184,0.481188,0.486351,0.483813,0.486655,0.487228,0.487903,0.490959,0.489714,0.494411,0.491622,0.49701,0.493206,0.498336,0.494191,0.498212,0.494511,0.496712,0.494275,0.494091,0.493685,0.490677,0.492932,0.486795,0.492143,0.482727,0.491383,0.478698,0.490666,0.474816,0.489875,0.470958,0.488573,0.466587,0.485769,0.460596,0.479776,0.451269,0.468265,0.436459,0.44853,0.413914,0.417765,0.381427,0.372535,0.335217,0.304536,0.255133,0.173218,0.0278439
0.622732,0.209004,0.31603,0.309758,0.357366,0.366678,0.40928,0.411202,0.451776,0.445378,0.482803,0.47044,0.503304,0.487632,0.51539,0.498267,0.521534,0.503669,0.523935,0.505042,0.524014,0.503343,0.522315,0.499575,0.519299,0.495306,0.515558,0.491867,0.511325,0.48988,0.50663,0.48932,0.501548,0.489686,0.496332,0.490226,0.49143,0.490196,0.487423,0.489121,0.484897,0.486977,0.484285,0.484244,0.485718,0.481789,0.488951,0.480615,0.493413,0.48152,0.498395,0.484791,0.503282,0.490036,0.507736,0.496233,0.511735,0.502006,0.515468,0.506038,0.519151,0.507493,0.522852,0.506277,0.526379,0.503,0.529279,0.498668,0.530958,0.494307,0.530949,0.490739,0.529142,0.48839,0.525696,0.487163,0.520871,0.486595,0.514977,0.486155,0.508364,0.485478,0.501434,0.484463,0.494641,0.483248,0.488464,0.482118,0.483365,0.481413,0.47972,0.481415,0.477751,0.482245,0.477478,0.483774,0.47871,0.485578,0.481073,0.487014,0.484089,0.48742,0.487275,0.486385,0.490222,0.483975,0.492658,0.480791,0.49449,0.477808,0.495838,0.47607,0.496996,0.476342,0.498309,0.478855,0.499985,0.483219,0.501927,0.488539,0.503701,0.493694,0.504624,0.497636,0.503956,0.499633,0.501114,0.499437,0.495935,0.497402,0.48883,0.494327,0.480592,0.491081,0.47218,0.488354,0.464586,0.486533,0.458695,0.485675,0.455113,0.485534,0.454003,0.48566,0.455048,0.485538,0.457584,0.484743,0.460857,0.483099,0.464298,0.480783,0.467687,0.478316,0.471154,0.476414,0.474994,0.475732,0.479384,0.476608,0.484162,0.478939,0.488788,0.482239,0.492542,0.485841,0.494866,0.489149,0.49565,0.491817,0.495311,0.493806,0.494609,0.495321,0.494284,0.496661,0.494725,0.49807,0.495823,0.49964,0.497086,0.501292,0.497924,0.502849,0.49794,0.504157,0.4971,0.505196,0.495735,0.506112,0.494354,0.507004,0.493079,0.507084,0.4905,0.504697,0.486799,0.501565,0.483768,0.498595,0.481719,0.49588,0.480597,0.493507,0.480432,0.491698,0.481348,0.490704,0.483428,0.490665,0.486557,0.49153,0.490353,0.493055,0.494217,0.494871,0.49748,0.496589,0.499569,0.497903,0.500146,0.498665,0.499173,0.498887,0.49687,0.498675,0.493606,0.498145,0.489775,0.497366,0.485706,0.496366,0.481636,0.495182,0.477705,0.493835,0.473894,0.49217,0.469878,0.489586,0.464835,0.484805,0.457327,0.475798,0.445314,0.459948,0.426387,0.434365,0.398074,0.395822,0.357844,0.338475,0.301152,0.240802,0.192907,0.0145672
0.2474,0.254207,0.28621,0.335778,0.351801,0.388052,0.399421,0.434735,0.436424,0.47099,0.46447,0.496309,0.484515,0.512139,0.497653,0.520777,0.50513,0.524645,0.508203,0.525647,0.507851,0.524571,0.504528,0.521489,0.499552,0.517486,0.494956,0.513254,0.491838,0.508856,0.49046,0.504212,0.490489,0.499378,0.491202,0.494634,0.491738,0.490474,0.491385,0.487493,0.489817,0.486217,0.487231,0.486921,0.484308,0.489513,0.482027,0.493532,0.48136,0.498299,0.482941,0.503147,0.486811,0.507636,0.49234,0.511651,0.498363,0.515341,0.503524,0.518951,0.506704,0.522628,0.507378,0.526287,0.505735,0.52956,0.502489,0.531835,0.498489,0.532463,0.494535,0.531217,0.491361,0.528334,0.489285,0.524142,0.488116,0.518934,0.487416,0.512984,0.486772,0.506584,0.48596,0.500081,0.484971,0.493881,0.483965,0.488416,0.483194,0.484083,0.482921,0.481164,0.483329,0.47977,0.484422,0.479821,0.485957,0.481069,0.487444,0.483158,0.488273,0.4857,0.487932,0.488338,0.486258,0.490797,0.483584,0.492927,0.4807,0.494732,0.478631,0.496373,0.478303,0.498103,0.480221,0.500132,0.484287,0.50247,0.489812,0.504832,0.495721,0.506665,0.500853,0.507255,0.50422,0.505874,0.505191,0.502014,0.503748,0.495802,0.50065,0.487984,0.496956,0.479512,0.49357,0.471374,0.491081,0.464514,0.489702,0.459691,0.489273,0.457303,0.489337,0.457267,0.489286,0.459066,0.488548,0.461945,0.486782,0.465204,0.484029,0.468438,0.48074,0.471631,0.477671,0.475047,0.475635,0.478977,0.475206,0.483471,0.476514,0.48819,0.479215,0.492491,0.482648,0.495697,0.486105,0.497431,0.489072,0.497809,0.491364,0.497403,0.493106,0.496958,0.494591,0.497046,0.496115,0.497806,0.497828,0.49893,0.499691,0.499866,0.501519,0.500119,0.503113,0.4995,0.504404,0.498241,0.505569,0.496947,0.507026,0.496339,0.508963,0.495815,0.508082,0.49118,0.504435,0.486925,0.501444,0.484019,0.499085,0.482202,0.497127,0.481342,0.495558,0.481522,0.494528,0.482896,0.494206,0.485491,0.494658,0.489065,0.495786,0.493091,0.497349,0.496868,0.499032,0.499699,0.500541,0.501079,0.501681,0.500813,0.502385,0.499025,0.502679,0.496074,0.5026,0.492406,0.502136,0.488411,0.501231,0.484359,0.499851,0.480409,0.49805,0.476616,0.49587,0.472821,0.493074,0.468471,0.488834,0.46243,0.481546,0.452904,0.468882,0.437538,0.4481,0.413716,0.416404,0.379011,0.370684,0.332471,0.304665,0.293095,0.183187,0.657716
0.641569,0.235252,0.324105,0.339731,0.3646,0.388634,0.414808,0.426949,0.456075,0.457249,0.486472,0.47991,0.506614,0.495577,0.518362,0.505272,0.524139,0.510235,0.526287,0.511669,0.526289,0.509948,0.523605,0.50468,0.518891,0.498849,0.514143,0.494379,0.509672,0.491843,0.505284,0.491115,0.500823,0.491592,0.496363,0.492395,0.492245,0.492644,0.489009,0.491738,0.487231,0.48956,0.487316,0.486536,0.489331,0.483522,0.492948,0.481553,0.497545,0.481513,0.502418,0.483829,0.507023,0.488287,0.511127,0.494036,0.514806,0.499824,0.518305,0.50438,0.521842,0.506833,0.525452,0.506969,0.528909,0.505189,0.531697,0.502139,0.533029,0.498344,0.532312,0.494566,0.529846,0.491621,0.526154,0.489702,0.521578,0.488538,0.516336,0.487736,0.510621,0.487001,0.504658,0.486209,0.498747,0.485394,0.493252,0.484696,0.488548,0.484307,0.484949,0.484404,0.48263,0.485072,0.481603,0.486221,0.481728,0.487541,0.482767,0.488543,0.484441,0.488715,0.486479,0.48774,0.488656,0.485701,0.490812,0.483147,0.492883,0.480978,0.494914,0.48017,0.497047,0.481438,0.49944,0.484973,0.502143,0.490355,0.504986,0.496662,0.507554,0.502737,0.509237,0.507461,0.509306,0.509907,0.506973,0.50949,0.501845,0.506634,0.494591,0.502603,0.486257,0.498559,0.477838,0.495307,0.470283,0.493249,0.464433,0.492367,0.460861,0.492268,0.45971,0.492305,0.460648,0.491783,0.462994,0.490178,0.465982,0.487341,0.469052,0.483587,0.472023,0.479638,0.475078,0.476397,0.478559,0.474647,0.482687,0.474767,0.487339,0.476616,0.492011,0.479617,0.496002,0.48301,0.498731,0.486141,0.500015,0.488665,0.500165,0.490593,0.499827,0.492186,0.499665,0.493775,0.500038,0.49558,0.500866,0.497622,0.501718,0.499729,0.50207,0.501655,0.501605,0.503244,0.500395,0.504589,0.498969,0.506164,0.498309,0.508973,0.499863,0.513636,0.497264,0.507771,0.490612,0.503913,0.48653,0.501606,0.483964,0.500005,0.482431,0.498767,0.481883,0.497854,0.482481,0.49738,0.48437,0.49747,0.487471,0.498155,0.491387,0.499333,0.495455,0.500802,0.498908,0.502322,0.501094,0.503695,0.501642,0.504811,0.500536,0.505632,0.498071,0.506131,0.494711,0.506222,0.490908,0.505744,0.486978,0.504526,0.483083,0.502531,0.47931,0.499884,0.475636,0.496641,0.471743,0.492413,0.466806,0.486084,0.459344,0.475736,0.447208,0.458877,0.427782,0.432962,0.39841,0.395994,0.356976,0.347344,0.301956,0.299812,0.20404,0.561864
0.671406,0.214312,0.355664,0.331468,0.382278,0.391655,0.418153,0.438153,0.449331,0.47371,0.47408,0.498625,0.492162,0.514135,0.50414,0.522391,0.511074,0.525928,0.514325,0.527094,0.51508,0.526485,0.511167,0.520706,0.503886,0.514709,0.497853,0.509647,0.493901,0.505187,0.492054,0.50096,0.491875,0.496807,0.492559,0.492868,0.493158,0.489557,0.492854,0.487436,0.491229,0.487006,0.488408,0.488491,0.48504,0.49172,0.48211,0.496159,0.480644,0.501099,0.481379,0.505898,0.484497,0.510193,0.489521,0.513951,0.495417,0.517378,0.500907,0.520737,0.504881,0.52417,0.506759,0.52761,0.506626,0.530745,0.504981,0.532887,0.502102,0.532884,0.498112,0.530668,0.494316,0.527244,0.491523,0.523138,0.489717,0.518546,0.48857,0.513565,0.487759,0.508297,0.487084,0.502918,0.486478,0.497692,0.485969,0.49294,0.485645,0.488967,0.485618,0.485986,0.485983,0.484077,0.486745,0.483186,0.487754,0.483171,0.488685,0.483858,0.489111,0.485079,0.488665,0.486694,0.487244,0.488588,0.485155,0.49068,0.4831,0.492942,0.481997,0.495409,0.482674,0.498153,0.485565,0.501203,0.490531,0.504451,0.496873,0.507595,0.503536,0.510156,0.509392,0.511534,0.513418,0.510923,0.51458,0.507232,0.512328,0.500625,0.508082,0.492507,0.503413,0.483976,0.499352,0.475951,0.49649,0.469285,0.494985,0.464662,0.494566,0.462417,0.494619,0.46242,0.49437,0.464118,0.493128,0.466748,0.49053,0.469634,0.486694,0.472432,0.482225,0.475202,0.478045,0.478279,0.475086,0.482004,0.47397,0.486458,0.474797,0.49132,0.477142,0.495946,0.480265,0.499637,0.483408,0.501947,0.48607,0.502892,0.488125,0.502926,0.489771,0.502698,0.491353,0.502729,0.493166,0.503166,0.495306,0.503762,0.497645,0.50405,0.499911,0.503631,0.50185,0.502419,0.503414,0.500767,0.50492,0.49951,0.507289,0.500393,0.513688,0.511919,0.51332,0.495216,0.506285,0.489284,0.50357,0.485883,0.502175,0.483713,0.501292,0.482493,0.500634,0.482325,0.500181,0.483423,0.500041,0.485864,0.500324,0.489418,0.501057,0.493521,0.502166,0.497404,0.503506,0.500307,0.50492,0.501694,0.506294,0.50138,0.507558,0.499551,0.508647,0.496646,0.509422,0.49317,0.509636,0.4895,0.508962,0.485796,0.507154,0.482108,0.504262,0.478498,0.500534,0.474869,0.495978,0.470693,0.489974,0.46483,0.481086,0.455437,0.467154,0.440051,0.445777,0.415921,0.415153,0.380569,0.375184,0.332077,0.32785,0.26352,0.239836,0.169759
0.0956407,0.303244,0.284739,0.380667,0.365408,0.411371,0.417499,0.441341,0.457997,0.467304,0.487956,0.487519,0.507849,0.501778,0.519274,0.51075,0.524625,0.515671,0.526676,0.518369,0.528356,0.520407,0.524422,0.510523,0.515748,0.502481,0.509398,0.496932,0.504423,0.493709,0.500159,0.492503,0.496216,0.492659,0.492504,0.493259,0.489255,0.493364,0.486947,0.492301,0.486114,0.489886,0.487115,0.486497,0.489947,0.482972,0.494205,0.480367,0.499212,0.47963,0.504259,0.481286,0.508843,0.485241,0.512796,0.490768,0.516246,0.496706,0.519459,0.501829,0.522656,0.50526,0.52591,0.506752,0.52913,0.506675,0.531991,0.505433,0.533326,0.502146,0.531327,0.497525,0.527817,0.493712,0.523912,0.491092,0.519813,0.489419,0.515515,0.488366,0.510999,0.487689,0.506308,0.487251,0.501587,0.486991,0.497072,0.486891,0.49303,0.486961,0.489682,0.487235,0.487149,0.487735,0.485436,0.488417,0.484476,0.489114,0.484178,0.489536,0.484471,0.489365,0.485312,0.488412,0.486673,0.486787,0.488516,0.484978,0.490792,0.483763,0.493462,0.48398,0.4965,0.486224,0.499874,0.490608,0.503478,0.496681,0.507075,0.503553,0.510296,0.510163,0.512702,0.515543,0.513757,0.51872,0.512234,0.517864,0.506427,0.513468,0.498434,0.508167,0.489835,0.503281,0.481497,0.499541,0.474207,0.497271,0.468683,0.496358,0.465401,0.496284,0.46443,0.496267,0.465384,0.495493,0.467563,0.493387,0.470228,0.489831,0.472889,0.485243,0.475458,0.480474,0.478207,0.476537,0.48154,0.474258,0.485707,0.473991,0.49059,0.475521,0.495673,0.478192,0.500223,0.481198,0.503598,0.483898,0.505523,0.486017,0.506193,0.487655,0.506146,0.48915,0.50597,0.490859,0.50601,0.492974,0.50623,0.495439,0.506291,0.49799,0.505785,0.500297,0.504507,0.502161,0.502623,0.503684,0.500721,0.505395,0.499798,0.508391,0.501263,0.513387,0.498672,0.508076,0.492034,0.505009,0.487891,0.503674,0.48515,0.503101,0.483343,0.502779,0.482475,0.502516,0.482776,0.502331,0.484446,0.502342,0.487432,0.502665,0.491319,0.503344,0.495399,0.50435,0.498861,0.505606,0.50103,0.507035,0.501551,0.508576,0.500464,0.510153,0.498141,0.511611,0.495112,0.51266,0.491838,0.512855,0.488513,0.511691,0.485071,0.508927,0.481539,0.504854,0.478028,0.499824,0.474314,0.493692,0.469595,0.485529,0.462385,0.473586,0.450499,0.455618,0.431252,0.429691,0.401937,0.395527,0.360663,0.356503,0.307092,0.325115,0.212625,0.513867
0.796645,0.240142,0.403299,0.343125,0.408193,0.395483,0.433816,0.439478,0.45981,0.474393,0.48172,0.499179,0.498191,0.514526,0.509294,0.522384,0.5159,0.525411,0.519592,0.527043,0.524286,0.537197,0.520111,0.518097,0.508299,0.509495,0.501045,0.503523,0.496338,0.498863,0.49385,0.49491,0.493109,0.491362,0.493324,0.488241,0.493541,0.485873,0.492915,0.484758,0.490982,0.485335,0.48782,0.48776,0.484045,0.491787,0.480636,0.496819,0.478643,0.502118,0.478853,0.507061,0.481531,0.511325,0.486292,0.51492,0.492197,0.518073,0.498033,0.521048,0.502715,0.524014,0.50567,0.527043,0.507037,0.530183,0.507528,0.533205,0.506908,0.532568,0.501534,0.528358,0.496396,0.524225,0.492764,0.520372,0.490392,0.516628,0.488927,0.512832,0.488097,0.508895,0.48773,0.504834,0.487708,0.500782,0.487928,0.496942,0.488293,0.493516,0.48873,0.490641,0.489202,0.48836,0.489685,0.486652,0.490119,0.485482,0.490362,0.484851,0.490209,0.48481,0.489485,0.48543,0.488196,0.486763,0.486643,0.488801,0.485433,0.491479,0.485331,0.4947,0.486999,0.498348,0.49074,0.502271,0.496337,0.506242,0.503093,0.509949,0.510045,0.513059,0.516295,0.515328,0.521238,0.516367,0.523531,0.512625,0.519008,0.504341,0.512858,0.495518,0.5071,0.486931,0.502449,0.479173,0.499321,0.472903,0.497759,0.468671,0.497386,0.466716,0.497481,0.466842,0.497174,0.468467,0.495715,0.470848,0.492741,0.473381,0.488428,0.475824,0.483475,0.478337,0.478887,0.481329,0.475632,0.485173,0.474307,0.489944,0.474937,0.495297,0.477018,0.500551,0.479758,0.504947,0.482407,0.507959,0.484534,0.509497,0.486115,0.509902,0.487448,0.509732,0.488936,0.509463,0.490873,0.509266,0.493303,0.508975,0.496013,0.508248,0.49864,0.506818,0.500854,0.504704,0.502551,0.502292,0.503975,0.50026,0.505699,0.499308,0.508105,0.498716,0.508068,0.494113,0.505739,0.489811,0.504509,0.486663,0.504173,0.484384,0.504202,0.482916,0.504254,0.482471,0.504215,0.483333,0.504147,0.48561,0.504187,0.489062,0.504467,0.493097,0.505064,0.496913,0.506004,0.499741,0.507283,0.50107,0.508885,0.500777,0.510761,0.499125,0.512776,0.496633,0.514644,0.49385,0.515888,0.491083,0.515819,0.488176,0.513713,0.484849,0.509589,0.481367,0.504109,0.477863,0.497586,0.473877,0.48959,0.468283,0.478834,0.459251,0.463321,0.444315,0.440941,0.420693,0.410687,0.385928,0.374748,0.34002,0.34081,0.307332,0.275429,0.727452
0.869616,0.33683,0.363451,0.405095,0.376114,0.426675,0.41858,0.451626,0.457725,0.474749,0.487742,0.493324,0.507752,0.506658,0.518987,0.515158,0.523738,0.519884,0.524802,0.522517,0.525236,0.524486,0.51999,0.514429,0.510149,0.506053,0.50295,0.500001,0.497543,0.496146,0.493278,0.494247,0.489717,0.493719,0.486687,0.4937,0.484331,0.493278,0.48304,0.491773,0.483269,0.488977,0.485296,0.485233,0.489036,0.481356,0.494017,0.47839,0.499525,0.47729,0.504847,0.478616,0.50951,0.482329,0.513375,0.487776,0.516587,0.493866,0.519409,0.499425,0.522072,0.503599,0.524734,0.506186,0.52761,0.507849,0.531296,0.51017,0.536093,0.507245,0.529554,0.499752,0.524398,0.494794,0.520457,0.491555,0.517079,0.489519,0.513907,0.488376,0.510713,0.487939,0.507387,0.488069,0.50395,0.488621,0.500525,0.48941,0.497276,0.490246,0.494332,0.490973,0.491756,0.491506,0.489551,0.491805,0.48771,0.491834,0.486273,0.49152,0.485356,0.490779,0.485126,0.489607,0.485742,0.4882,0.487288,0.487008,0.489739,0.486679,0.49297,0.487867,0.496795,0.490981,0.500988,0.495996,0.505284,0.502406,0.509373,0.509363,0.512948,0.515982,0.515854,0.521794,0.518438,0.527226,0.520889,0.525635,0.510813,0.51761,0.501176,0.510783,0.492278,0.505203,0.484163,0.501178,0.477301,0.49886,0.472233,0.498023,0.469315,0.498063,0.468542,0.49813,0.469498,0.497363,0.4715,0.495178,0.473875,0.491485,0.476237,0.486762,0.478609,0.481912,0.48134,0.477969,0.484872,0.475725,0.489443,0.47546,0.494898,0.476871,0.500671,0.479244,0.505974,0.48177,0.510094,0.483869,0.512665,0.485371,0.51378,0.486493,0.513874,0.487658,0.51347,0.489255,0.512906,0.491454,0.512207,0.494135,0.511151,0.49695,0.509477,0.499485,0.507109,0.501463,0.504281,0.502891,0.501496,0.504088,0.499306,0.505421,0.497729,0.506383,0.49513,0.505532,0.491415,0.504653,0.488152,0.504511,0.485549,0.504845,0.483602,0.505264,0.482501,0.505527,0.482575,0.505587,0.484065,0.505542,0.486913,0.505549,0.490677,0.505766,0.494623,0.506313,0.497941,0.50728,0.49999,0.508727,0.500486,0.51067,0.499553,0.513025,0.497653,0.515552,0.495394,0.517815,0.493261,0.519122,0.491227,0.518379,0.488495,0.514674,0.485016,0.508885,0.481504,0.501873,0.477894,0.493676,0.473392,0.483478,0.466536,0.469631,0.455195,0.449991,0.436729,0.422806,0.408346,0.388423,0.367503,0.353193,0.31157,0.352283,0.209561,0.868959
0.904453,0.297656,0.420837,0.356579,0.419384,0.395173,0.442367,0.437595,0.466398,0.473077,0.487016,0.498456,0.5027,0.513992,0.513358,0.521505,0.519662,0.523481,0.522673,0.522425,0.523308,0.519259,0.519165,0.510997,0.511384,0.502981,0.504521,0.496637,0.499444,0.491748,0.496286,0.487907,0.494749,0.484824,0.494159,0.482461,0.493644,0.481059,0.492405,0.481018,0.489991,0.482675,0.486465,0.486088,0.482414,0.490932,0.478783,0.496564,0.476592,0.502235,0.476616,0.507337,0.479125,0.511576,0.483776,0.514973,0.489689,0.517749,0.495716,0.52016,0.500815,0.522414,0.504428,0.524734,0.50679,0.527705,0.509503,0.534136,0.52136,0.53306,0.504052,0.524671,0.497175,0.520233,0.492932,0.517021,0.490198,0.514345,0.488591,0.51183,0.487919,0.509247,0.488057,0.506506,0.488859,0.503643,0.490101,0.500768,0.491494,0.497992,0.492746,0.495381,0.49364,0.492946,0.494068,0.490685,0.494012,0.488649,0.4935,0.486978,0.492568,0.485904,0.491284,0.485688,0.489827,0.486533,0.488556,0.488509,0.488008,0.491529,0.488776,0.495374,0.491312,0.499751,0.495719,0.504325,0.501654,0.508746,0.508391,0.512675,0.515046,0.51589,0.520981,0.518631,0.526711,0.523496,0.540164,0.519486,0.522717,0.506957,0.514265,0.49755,0.50774,0.489147,0.502833,0.481845,0.499715,0.476084,0.498293,0.472267,0.498102,0.470552,0.498383,0.470719,0.498247,0.47221,0.496945,0.474347,0.494129,0.476631,0.490011,0.478929,0.485314,0.481492,0.481041,0.48476,0.478115,0.489093,0.477049,0.494515,0.477775,0.500619,0.479719,0.506663,0.48207,0.511828,0.484129,0.515515,0.485561,0.517547,0.486467,0.518171,0.487246,0.517866,0.488366,0.517072,0.490129,0.515991,0.492546,0.514553,0.495341,0.51256,0.498077,0.509899,0.500344,0.506696,0.501948,0.503339,0.502999,0.500315,0.503803,0.497884,0.504473,0.495583,0.504509,0.492616,0.504114,0.489528,0.504147,0.486777,0.504698,0.484483,0.505457,0.482835,0.506104,0.482182,0.506471,0.482862,0.506561,0.484987,0.506498,0.488289,0.506463,0.492145,0.506645,0.495755,0.507222,0.498391,0.508347,0.49962,0.510125,0.499413,0.51256,0.498132,0.51549,0.496386,0.518552,0.494821,0.521185,0.493779,0.522417,0.492477,0.520089,0.489152,0.514168,0.485386,0.506654,0.481831,0.498057,0.477965,0.487972,0.472646,0.475156,0.464115,0.45763,0.450038,0.433191,0.42773,0.400521,0.394345,0.361128,0.345686,0.322099,0.2664,0.256746,0.118006
0.756539,0.317743,0.346032,0.404173,0.36717,0.430801,0.413036,0.456155,0.454554,0.478951,0.486061,0.497183,0.506823,0.510275,0.518156,0.518593,0.522296,0.522933,0.521683,0.524106,0.518162,0.522127,0.511743,0.516317,0.503686,0.509505,0.496485,0.503598,0.490743,0.499278,0.486324,0.496609,0.482946,0.495184,0.480453,0.494274,0.47893,0.493067,0.478665,0.490945,0.479992,0.487717,0.483062,0.483713,0.487693,0.479707,0.493348,0.476687,0.499292,0.475552,0.504825,0.476822,0.509499,0.480452,0.513192,0.485823,0.516041,0.49191,0.518295,0.497599,0.52019,0.502059,0.52194,0.505051,0.523877,0.507151,0.526762,0.509829,0.531065,0.507094,0.524455,0.499591,0.519685,0.494461,0.516532,0.490991,0.514237,0.488807,0.512319,0.487739,0.510446,0.487705,0.508424,0.488599,0.506206,0.490209,0.503841,0.492199,0.501415,0.494162,0.498986,0.495717,0.496569,0.49661,0.494154,0.496746,0.491773,0.49617,0.489559,0.495013,0.487762,0.493454,0.486715,0.491737,0.486736,0.490213,0.488025,0.489355,0.490591,0.489696,0.494248,0.491685,0.498666,0.495494,0.503444,0.500904,0.50816,0.507299,0.512418,0.513826,0.515895,0.519665,0.51848,0.524446,0.520607,0.528736,0.522612,0.526081,0.512272,0.517243,0.502656,0.509942,0.494072,0.50423,0.486481,0.500334,0.480201,0.498274,0.475605,0.497712,0.472949,0.498018,0.472219,0.498363,0.473043,0.497919,0.474811,0.496122,0.476957,0.492906,0.479208,0.488752,0.481677,0.484543,0.484751,0.481246,0.488849,0.479559,0.494147,0.479657,0.500411,0.481154,0.507006,0.483303,0.513084,0.485326,0.517879,0.486731,0.520963,0.487464,0.52235,0.487854,0.5224,0.488409,0.521581,0.489557,0.520226,0.491466,0.518425,0.493982,0.516083,0.496706,0.513098,0.499163,0.509535,0.500996,0.505696,0.502112,0.502025,0.502694,0.498878,0.503011,0.496228,0.503121,0.493592,0.503019,0.490778,0.50316,0.488031,0.503811,0.48552,0.504811,0.483441,0.505834,0.482142,0.506614,0.482032,0.507035,0.483364,0.507133,0.486052,0.507052,0.489616,0.507,0.493315,0.507214,0.496375,0.507935,0.49824,0.509372,0.498729,0.511638,0.498071,0.514678,0.496817,0.518219,0.49568,0.521822,0.495354,0.524947,0.496012,0.525939,0.494176,0.52009,0.489703,0.511963,0.485833,0.502877,0.482218,0.492635,0.477883,0.480369,0.471401,0.464417,0.460809,0.442496,0.443725,0.412331,0.417631,0.372715,0.379675,0.32499,0.323017,0.279485,0.202511,0.440374
0.54878,0.222609,0.388637,0.323155,0.415831,0.381578,0.443227,0.431193,0.468595,0.469898,0.48974,0.496854,0.505617,0.513037,0.516329,0.520472,0.522538,0.521571,0.525024,0.51854,0.524312,0.512764,0.520447,0.505075,0.514465,0.497287,0.508294,0.490619,0.503102,0.485364,0.499348,0.481404,0.496947,0.478564,0.495395,0.47681,0.493964,0.476306,0.491967,0.477324,0.489015,0.480051,0.485188,0.484413,0.481043,0.489994,0.47746,0.49611,0.475372,0.50202,0.475469,0.507147,0.477968,0.511215,0.482522,0.51425,0.488298,0.516457,0.494221,0.518085,0.499303,0.519358,0.502959,0.520517,0.505196,0.521898,0.506514,0.523609,0.506468,0.522403,0.50128,0.518518,0.495946,0.515579,0.491877,0.513619,0.489079,0.512228,0.487491,0.511016,0.487099,0.509705,0.487873,0.508165,0.489669,0.50639,0.492166,0.504435,0.494893,0.502352,0.497322,0.500155,0.499009,0.497825,0.499696,0.495366,0.499343,0.492869,0.4981,0.490563,0.496241,0.488802,0.494117,0.487988,0.492148,0.488454,0.49082,0.490347,0.490646,0.493578,0.492063,0.497842,0.495278,0.502695,0.500149,0.507647,0.506153,0.512225,0.512484,0.516022,0.518246,0.518737,0.522699,0.520235,0.52545,0.520341,0.525491,0.515851,0.519056,0.507311,0.511615,0.498836,0.505281,0.491122,0.500686,0.484519,0.49801,0.479332,0.497012,0.475811,0.49717,0.474112,0.497791,0.474103,0.498071,0.475325,0.497307,0.477213,0.495179,0.479382,0.491891,0.481796,0.48813,0.484741,0.484817,0.488636,0.482762,0.493761,0.482357,0.500045,0.483438,0.506996,0.485381,0.513811,0.487389,0.519626,0.488831,0.523808,0.489479,0.526129,0.489544,0.526776,0.48952,0.526169,0.489934,0.524718,0.491116,0.522648,0.493076,0.519985,0.495516,0.516678,0.497963,0.512771,0.499954,0.508506,0.501219,0.504288,0.501773,0.50052,0.501853,0.497372,0.501733,0.494644,0.50159,0.491988,0.501686,0.489315,0.502291,0.486696,0.50338,0.484295,0.504685,0.482444,0.50589,0.481588,0.506768,0.482099,0.507237,0.484059,0.507349,0.487158,0.507272,0.490749,0.507254,0.494056,0.507597,0.496432,0.508604,0.497552,0.510511,0.497502,0.513392,0.496728,0.517084,0.495916,0.521214,0.495874,0.525445,0.497611,0.52992,0.501502,0.527417,0.494864,0.517846,0.490011,0.508157,0.486302,0.497647,0.482516,0.485611,0.477426,0.470769,0.469426,0.451048,0.456484,0.423849,0.436437,0.386612,0.407421,0.33722,0.368004,0.27223,0.32335,0.162097,0.521174
0.149777,0.313977,0.255214,0.397317,0.339658,0.426886,0.401645,0.4552,0.449213,0.479831,0.483446,0.499008,0.505486,0.512538,0.517268,0.521026,0.521176,0.525292,0.519597,0.526043,0.514486,0.523741,0.507204,0.518985,0.499126,0.513124,0.491616,0.507485,0.485378,0.502862,0.480568,0.499495,0.477106,0.497153,0.474921,0.495277,0.474076,0.493204,0.474754,0.490427,0.477127,0.486815,0.481182,0.482695,0.486604,0.478783,0.492791,0.475968,0.498995,0.475032,0.504549,0.476392,0.509034,0.479956,0.512345,0.48512,0.514612,0.490932,0.516075,0.496361,0.516979,0.500603,0.517555,0.503303,0.518049,0.504552,0.518608,0.504417,0.51854,0.501733,0.516374,0.497105,0.514028,0.492782,0.512463,0.489447,0.511567,0.487277,0.510976,0.48637,0.510355,0.4868,0.509503,0.488531,0.508356,0.491324,0.506942,0.494715,0.505309,0.498084,0.503474,0.500805,0.501417,0.5024,0.499113,0.50265,0.496603,0.50162,0.494055,0.499606,0.491792,0.497057,0.49025,0.494511,0.489865,0.492539,0.490935,0.491699,0.493515,0.492451,0.497391,0.495032,0.502137,0.499351,0.507212,0.504947,0.512071,0.511059,0.516232,0.516783,0.519296,0.521233,0.520908,0.523667,0.52069,0.523453,0.517841,0.519397,0.511237,0.512573,0.503314,0.505904,0.495672,0.500718,0.488931,0.497498,0.483395,0.496102,0.479197,0.49601,0.476527,0.496684,0.475534,0.497468,0.476004,0.497628,0.477453,0.496642,0.479437,0.494441,0.481778,0.49146,0.484633,0.488488,0.488363,0.486364,0.493299,0.485646,0.499502,0.486392,0.506633,0.488152,0.513982,0.490171,0.520667,0.491724,0.525906,0.492408,0.529253,0.492271,0.530691,0.491739,0.530531,0.491386,0.529197,0.491689,0.527015,0.49284,0.524126,0.494697,0.52055,0.496861,0.516338,0.498833,0.511699,0.50021,0.507008,0.500829,0.502688,0.500804,0.499019,0.500432,0.495983,0.500033,0.493296,0.499899,0.490675,0.500291,0.488015,0.501286,0.485391,0.502711,0.483083,0.504257,0.481543,0.505623,0.481231,0.506604,0.482386,0.50713,0.484873,0.507274,0.488174,0.507238,0.491551,0.507332,0.494295,0.507929,0.495959,0.509378,0.496481,0.511897,0.496184,0.51546,0.495664,0.519759,0.495675,0.524378,0.497202,0.529603,0.503144,0.542757,0.502292,0.524437,0.4944,0.513787,0.490271,0.503041,0.486735,0.491097,0.482535,0.477006,0.476356,0.45909,0.466509,0.434868,0.451112,0.401348,0.428677,0.355269,0.398934,0.292143,0.362585,0.200206,0.27665,0.0582175
0.927004,0.159085,0.404646,0.286271,0.4076,0.364823,0.437828,0.423301,0.466701,0.466017,0.489936,0.4949,0.506861,0.512,0.518056,0.519719,0.524459,0.520545,0.526943,0.516722,0.526178,0.510044,0.522775,0.501963,0.517669,0.493827,0.512057,0.48661,0.506906,0.480771,0.502735,0.47642,0.499588,0.473546,0.497126,0.472171,0.494791,0.472403,0.492047,0.474368,0.48861,0.47807,0.4846,0.483265,0.480539,0.489425,0.477212,0.49583,0.475419,0.501755,0.475712,0.506664,0.478214,0.510312,0.482551,0.512734,0.487946,0.514133,0.493424,0.514768,0.498078,0.514892,0.50131,0.514756,0.50293,0.514574,0.502995,0.514283,0.501331,0.513271,0.497775,0.511756,0.493612,0.5107,0.489927,0.510307,0.487196,0.510316,0.485676,0.510373,0.485563,0.510212,0.486954,0.509715,0.489745,0.508878,0.493559,0.507748,0.497763,0.506357,0.5016,0.504695,0.504369,0.502722,0.505608,0.500429,0.50519,0.49791,0.503328,0.495415,0.500507,0.493352,0.497374,0.492207,0.494636,0.492405,0.492966,0.494168,0.492905,0.497428,0.494754,0.501839,0.498471,0.506867,0.50364,0.511912,0.509529,0.516422,0.515237,0.519943,0.519854,0.522055,0.522492,0.522203,0.522313,0.519793,0.518942,0.51458,0.51285,0.507457,0.506082,0.500056,0.500404,0.493314,0.496691,0.487661,0.495012,0.483114,0.494727,0.479601,0.495265,0.477509,0.496272,0.477004,0.497135,0.477789,0.497214,0.479418,0.496192,0.481604,0.494233,0.484361,0.491922,0.487952,0.490041,0.4927,0.489244,0.498754,0.489784,0.505914,0.49141,0.513597,0.493472,0.520961,0.495208,0.527142,0.49606,0.531519,0.49589,0.533869,0.494995,0.534355,0.49394,0.533359,0.493304,0.531259,0.493462,0.528292,0.494461,0.524555,0.496037,0.520122,0.497732,0.515185,0.499073,0.510094,0.499745,0.505286,0.499702,0.501114,0.499152,0.497686,0.498446,0.494818,0.497954,0.492175,0.497984,0.489498,0.498702,0.486727,0.500048,0.484057,0.501775,0.481908,0.503557,0.480795,0.505096,0.481096,0.506193,0.482853,0.506787,0.4857,0.506981,0.488972,0.507039,0.491936,0.50735,0.494041,0.508351,0.495083,0.510397,0.49525,0.513624,0.495036,0.51784,0.495095,0.522563,0.49614,0.527298,0.499034,0.532029,0.504003,0.529413,0.498239,0.519308,0.493987,0.508679,0.490617,0.496896,0.486992,0.483352,0.482046,0.466848,0.474414,0.445296,0.462455,0.415806,0.444762,0.374906,0.421227,0.318277,0.395132,0.238743,0.385938,0.115607,0.756234
0.275928,0.3004,0.234484,0.378503,0.321354,0.414797,0.391863,0.449295,0.444165,0.477712,0.480791,0.498859,0.504083,0.513313,0.516513,0.522221,0.520644,0.526689,0.518891,0.52759,0.513322,0.525624,0.505613,0.521567,0.497176,0.516411,0.489145,0.51114,0.482244,0.506447,0.476819,0.502616,0.472997,0.499537,0.470845,0.496815,0.470447,0.493961,0.471886,0.490615,0.475156,0.486727,0.480048,0.482633,0.486091,0.478974,0.4926,0.476507,0.498826,0.475855,0.504135,0.477303,0.508156,0.480688,0.510809,0.485429,0.512238,0.49067,0.512696,0.4955,0.512466,0.499184,0.511831,0.501317,0.511069,0.501816,0.510358,0.500716,0.509625,0.498036,0.508784,0.494315,0.508279,0.490521,0.508404,0.487335,0.509009,0.485181,0.509743,0.484384,0.510286,0.485182,0.510458,0.48764,0.510221,0.49153,0.509619,0.4963,0.508706,0.501145,0.507495,0.505192,0.505955,0.507715,0.504045,0.508319,0.501786,0.507024,0.499334,0.504245,0.497018,0.500679,0.495308,0.49717,0.494705,0.494553,0.495579,0.49352,0.49804,0.494489,0.501885,0.497504,0.506648,0.502196,0.51172,0.507847,0.516494,0.513549,0.520468,0.518392,0.523241,0.521524,0.524266,0.521912,0.522534,0.518709,0.517906,0.512838,0.511399,0.505953,0.504279,0.499798,0.497585,0.49556,0.491931,0.493659,0.487422,0.49347,0.483472,0.493823,0.480232,0.494731,0.478521,0.495978,0.478381,0.496921,0.479431,0.49704,0.481313,0.496225,0.483906,0.494822,0.487349,0.493473,0.491909,0.492848,0.497769,0.493347,0.504842,0.494917,0.512674,0.49706,0.520506,0.499037,0.527459,0.500181,0.532791,0.500165,0.536094,0.499112,0.537366,0.497509,0.536899,0.495986,0.535082,0.495066,0.532218,0.494997,0.528472,0.495697,0.52395,0.496817,0.518828,0.497888,0.513437,0.4985,0.50822,0.498448,0.503586,0.497796,0.499744,0.496833,0.49661,0.495952,0.49387,0.495527,0.491169,0.495819,0.488309,0.49689,0.485365,0.498592,0.482692,0.500634,0.480823,0.502672,0.480247,0.504399,0.481178,0.505612,0.483423,0.506274,0.486426,0.506546,0.48946,0.506777,0.491892,0.507441,0.49339,0.509009,0.494001,0.51178,0.49411,0.515729,0.494284,0.520439,0.495108,0.525192,0.497033,0.529121,0.499933,0.530287,0.500049,0.52381,0.497044,0.514219,0.494096,0.502928,0.490947,0.489921,0.486857,0.47453,0.480777,0.455204,0.471311,0.42946,0.457048,0.394055,0.437467,0.345054,0.414613,0.277361,0.394582,0.186759,0.330641,0.148483
0.554301,0.148696,0.344009,0.271512,0.383448,0.355292,0.426129,0.417851,0.461424,0.462884,0.487965,0.49308,0.506454,0.510993,0.518335,0.519236,0.525061,0.520335,0.527781,0.516536,0.527351,0.509715,0.524531,0.501413,0.520167,0.492886,0.515174,0.485064,0.510314,0.47852,0.506036,0.473568,0.502431,0.470392,0.499287,0.469123,0.496223,0.469847,0.49287,0.472548,0.489072,0.47703,0.485,0.482858,0.48114,0.489376,0.478165,0.49582,0.476711,0.501488,0.477171,0.505894,0.479559,0.508836,0.483484,0.510378,0.488245,0.510748,0.492999,0.510247,0.496967,0.509197,0.499597,0.50793,0.500644,0.506752,0.500103,0.505856,0.498088,0.505299,0.494908,0.505233,0.491229,0.505842,0.487755,0.507024,0.485028,0.508436,0.483488,0.509707,0.483506,0.510584,0.485317,0.510978,0.488892,0.510922,0.493835,0.510491,0.499399,0.509737,0.504622,0.50866,0.508556,0.507216,0.510508,0.505376,0.510215,0.503199,0.507903,0.500907,0.50422,0.498894,0.500091,0.497666,0.496519,0.497696,0.494395,0.499264,0.494321,0.502348,0.496485,0.506614,0.500603,0.511506,0.505977,0.516392,0.511665,0.520721,0.516729,0.524111,0.520406,0.52623,0.52189,0.526036,0.519367,0.521813,0.51316,0.515454,0.505835,0.508459,0.499077,0.501755,0.494171,0.49605,0.491898,0.491742,0.492102,0.488226,0.492743,0.483983,0.493192,0.480788,0.494397,0.479424,0.495892,0.479631,0.496987,0.481004,0.497316,0.483306,0.496961,0.486545,0.496374,0.490895,0.496162,0.496529,0.496803,0.503425,0.498419,0.511246,0.500687,0.519339,0.502949,0.526862,0.504486,0.533007,0.504803,0.537225,0.503825,0.539348,0.501902,0.539553,0.499644,0.538196,0.497676,0.535619,0.496431,0.532042,0.496029,0.527597,0.496285,0.522447,0.49681,0.516896,0.497163,0.511378,0.497024,0.50635,0.496299,0.50211,0.495153,0.498675,0.493931,0.495782,0.493038,0.493039,0.492817,0.490131,0.493452,0.486997,0.49492,0.483895,0.497013,0.481336,0.499401,0.479887,0.50171,0.479924,0.503615,0.481438,0.504924,0.484012,0.505651,0.486966,0.50605,0.489609,0.506572,0.491488,0.507755,0.492514,0.510046,0.492951,0.513607,0.493292,0.51818,0.494065,0.52307,0.495638,0.527248,0.497945,0.529276,0.499768,0.526653,0.498985,0.519199,0.496983,0.50897,0.494426,0.496695,0.491024,0.482275,0.486058,0.464754,0.478401,0.442207,0.466683,0.411852,0.449934,0.370254,0.428926,0.313213,0.409034,0.23466,0.418501,0.117337,0.929506
0.172446,0.229632,0.219395,0.337706,0.31485,0.395186,0.387619,0.439948,0.441224,0.473484,0.478756,0.497062,0.502749,0.512566,0.515784,0.521904,0.520444,0.526618,0.519095,0.52782,0.513765,0.526355,0.506128,0.523015,0.497553,0.518633,0.489117,0.513972,0.481587,0.509561,0.475464,0.505629,0.471086,0.50213,0.468705,0.498821,0.468474,0.49539,0.470408,0.491632,0.474324,0.487594,0.479807,0.483618,0.486221,0.480269,0.492793,0.478153,0.498764,0.477727,0.503546,0.479133,0.50682,0.482154,0.508551,0.486252,0.50892,0.490699,0.50823,0.49474,0.506835,0.497754,0.505112,0.499359,0.503449,0.499433,0.502188,0.49805,0.501559,0.495441,0.501693,0.492055,0.502666,0.488491,0.504362,0.485326,0.506434,0.483074,0.508454,0.482215,0.510084,0.483139,0.511161,0.486022,0.511682,0.490687,0.511737,0.496537,0.51142,0.502634,0.510781,0.507893,0.509807,0.51135,0.508452,0.512415,0.506705,0.511024,0.504671,0.507656,0.502631,0.503216,0.501028,0.498828,0.500368,0.495592,0.501059,0.494347,0.503265,0.495492,0.50683,0.498892,0.511313,0.503906,0.516113,0.509557,0.520639,0.514819,0.524473,0.518919,0.527472,0.521486,0.52942,0.521382,0.526869,0.514536,0.520024,0.506179,0.512795,0.498534,0.505937,0.492739,0.500022,0.489736,0.495675,0.490059,0.493169,0.49253,0.489272,0.492186,0.484111,0.492712,0.481132,0.494332,0.480201,0.496134,0.480823,0.497486,0.482655,0.498209,0.485581,0.498529,0.489668,0.498927,0.495033,0.499891,0.50168,0.501667,0.50936,0.504108,0.517524,0.506685,0.525403,0.508683,0.532178,0.509484,0.537203,0.508814,0.540166,0.506839,0.541119,0.504083,0.540355,0.501209,0.538226,0.498796,0.534992,0.497165,0.530808,0.496326,0.525819,0.496027,0.520284,0.495875,0.514618,0.495489,0.509302,0.494649,0.504714,0.493369,0.500976,0.491889,0.497902,0.490583,0.495101,0.489839,0.492174,0.489941,0.488929,0.491,0.4855,0.492925,0.48234,0.495452,0.480055,0.498202,0.479159,0.500764,0.479833,0.502807,0.481828,0.504178,0.484548,0.504986,0.487281,0.505601,0.489464,0.506572,0.490866,0.50845,0.491629,0.511578,0.492164,0.5159,0.492969,0.52087,0.494418,0.525497,0.496543,0.528462,0.49876,0.528129,0.499748,0.523271,0.499086,0.514718,0.497363,0.503532,0.494658,0.490121,0.490573,0.474106,0.484269,0.454174,0.474504,0.428107,0.460016,0.393035,0.440434,0.345664,0.417789,0.281908,0.397046,0.195083,0.327793,0.113136
0.351379,0.140702,0.283946,0.271928,0.354782,0.35484,0.412102,0.416318,0.454649,0.461138,0.484654,0.491556,0.504642,0.509908,0.517086,0.518723,0.524033,0.520442,0.526966,0.517209,0.526926,0.51081,0.524743,0.502711,0.521208,0.494103,0.517059,0.485898,0.512851,0.478747,0.508871,0.47313,0.505179,0.469458,0.501674,0.468028,0.498143,0.468949,0.494387,0.472086,0.490376,0.47705,0.486333,0.483216,0.482711,0.489803,0.480062,0.496003,0.478859,0.501136,0.479342,0.504768,0.481433,0.506757,0.484749,0.507214,0.488696,0.506422,0.492596,0.504752,0.495825,0.502622,0.497916,0.500474,0.498624,0.498747,0.497917,0.497801,0.495936,0.497863,0.49299,0.499001,0.489545,0.501083,0.486131,0.503749,0.483288,0.506517,0.481559,0.508948,0.481458,0.510778,0.483351,0.511938,0.487298,0.512502,0.492931,0.512602,0.499441,0.512349,0.505722,0.511789,0.510621,0.510899,0.513235,0.509636,0.513151,0.508013,0.510567,0.506183,0.506244,0.504476,0.501333,0.503358,0.497099,0.5033,0.49464,0.504617,0.494622,0.507344,0.497134,0.511208,0.501657,0.515701,0.507216,0.520232,0.512669,0.524315,0.517086,0.527778,0.520175,0.531068,0.522657,0.534479,0.518165,0.525648,0.507501,0.517498,0.498512,0.510279,0.491577,0.504009,0.48747,0.499219,0.487045,0.496896,0.491223,0.497621,0.492884,0.489028,0.491337,0.483727,0.492486,0.481323,0.494648,0.480938,0.496813,0.48209,0.498534,0.48455,0.499808,0.488276,0.500947,0.493312,0.502383,0.499644,0.504432,0.507074,0.507098,0.515145,0.510006,0.523173,0.512501,0.530372,0.513895,0.536046,0.513738,0.539772,0.511989,0.541479,0.509024,0.541383,0.50548,0.539819,0.502023,0.537076,0.499151,0.533326,0.497077,0.528694,0.495727,0.523384,0.494814,0.51776,0.493972,0.512304,0.492901,0.50746,0.491481,0.503451,0.489814,0.500191,0.488188,0.497323,0.486977,0.494402,0.486529,0.491117,0.487067,0.48747,0.488633,0.483819,0.49107,0.480768,0.49405,0.478936,0.497139,0.478688,0.499896,0.479967,0.502012,0.4823,0.503423,0.484992,0.504369,0.487393,0.505344,0.489132,0.50695,0.490213,0.509676,0.490956,0.513676,0.491829,0.518612,0.493235,0.523637,0.495304,0.52752,0.497725,0.528845,0.499682,0.526365,0.500345,0.519892,0.499664,0.510203,0.497769,0.497985,0.494498,0.483344,0.489283,0.465551,0.481084,0.442979,0.468545,0.413309,0.45057,0.373945,0.427371,0.322357,0.401964,0.254933,0.388369,0.146339,0.695196
0.120251,0.180444,0.23418,0.302739,0.322601,0.376944,0.389328,0.430779,0.440561,0.468744,0.477384,0.494262,0.501388,0.510466,0.514826,0.519988,0.52013,0.524791,0.519533,0.526224,0.514922,0.525254,0.507846,0.522692,0.499578,0.519274,0.491139,0.515566,0.48329,0.511856,0.476593,0.508211,0.471583,0.50463,0.468763,0.501032,0.468418,0.497273,0.470522,0.49329,0.474741,0.489214,0.480473,0.485397,0.486927,0.482322,0.493252,0.480456,0.498687,0.480096,0.502686,0.481276,0.504992,0.48375,0.505626,0.487058,0.504828,0.490628,0.502969,0.493879,0.500493,0.496323,0.497884,0.497623,0.495642,0.497625,0.494227,0.496355,0.493979,0.493995,0.495042,0.490875,0.497316,0.48744,0.50045,0.484199,0.503915,0.481714,0.507173,0.480571,0.509832,0.481291,0.511717,0.484163,0.512851,0.48908,0.513377,0.495457,0.513462,0.502285,0.513228,0.508337,0.512715,0.51247,0.511897,0.513921,0.510734,0.512531,0.509268,0.5088,0.507696,0.503778,0.506382,0.498811,0.505784,0.495216,0.506308,0.493961,0.508158,0.495421,0.511251,0.499287,0.515226,0.504654,0.519557,0.510293,0.523712,0.515042,0.527366,0.518288,0.530767,0.520816,0.536562,0.530929,0.533758,0.510352,0.522664,0.499292,0.514863,0.490997,0.50819,0.485543,0.502762,0.483669,0.499401,0.486652,0.501134,0.502254,0.497079,0.490801,0.487371,0.490567,0.483136,0.492715,0.481517,0.495434,0.481774,0.497995,0.483585,0.500175,0.486817,0.502104,0.491432,0.504112,0.497375,0.506527,0.504462,0.509466,0.512302,0.512708,0.520293,0.515704,0.527707,0.517755,0.533841,0.51827,0.538199,0.517004,0.540606,0.514142,0.541189,0.510224,0.540253,0.505945,0.538099,0.501935,0.534923,0.498597,0.530828,0.496051,0.525955,0.494161,0.520593,0.49264,0.515189,0.491171,0.510222,0.489539,0.506014,0.487713,0.502587,0.485858,0.499655,0.48428,0.49676,0.483334,0.493501,0.483318,0.489745,0.484393,0.48573,0.486533,0.482017,0.489508,0.479289,0.492917,0.478073,0.496271,0.478517,0.499132,0.480313,0.501263,0.482824,0.502734,0.485348,0.503934,0.487377,0.505452,0.488768,0.507875,0.489729,0.511542,0.490685,0.516339,0.492066,0.521625,0.494097,0.5263,0.496642,0.529033,0.499152,0.528583,0.500855,0.524301,0.501271,0.516448,0.500313,0.505688,0.497895,0.492442,0.493658,0.476479,0.486786,0.456733,0.475994,0.431404,0.459821,0.398378,0.437328,0.355927,0.408964,0.303748,0.375863,0.246459,0.290516,0.309728
0.241961,0.202915,0.245808,0.297966,0.334465,0.362349,0.401549,0.417676,0.448992,0.460386,0.481153,0.490156,0.501889,0.508558,0.514448,0.517858,0.521335,0.52034,0.524304,0.517991,0.524557,0.512441,0.523002,0.505027,0.520413,0.49685,0.517403,0.488768,0.514268,0.481369,0.510976,0.475173,0.507501,0.470881,0.503913,0.469058,0.500182,0.469867,0.496247,0.47308,0.492177,0.478142,0.488234,0.48427,0.484831,0.490579,0.482409,0.496234,0.4813,0.500582,0.481621,0.503245,0.48324,0.504142,0.485823,0.503443,0.488908,0.501499,0.491998,0.49876,0.494626,0.49574,0.496416,0.49298,0.497115,0.49101,0.496622,0.490275,0.494985,0.491028,0.492398,0.493261,0.489189,0.49667,0.485797,0.500717,0.482757,0.504778,0.480679,0.508322,0.480183,0.511034,0.481749,0.512836,0.485535,0.513841,0.49123,0.514248,0.498028,0.514259,0.504759,0.514003,0.510148,0.513515,0.513145,0.512759,0.513215,0.511706,0.510508,0.510426,0.505844,0.509153,0.500527,0.508264,0.496015,0.50818,0.493555,0.509218,0.493851,0.511474,0.496883,0.514767,0.50191,0.518696,0.507688,0.52275,0.512856,0.526486,0.51639,0.529732,0.518073,0.532907,0.518854,0.536286,0.512707,0.527518,0.500789,0.519553,0.491189,0.512617,0.484316,0.506645,0.480805,0.502071,0.481298,0.499807,0.486504,0.500384,0.48915,0.491432,0.488488,0.485621,0.490466,0.482676,0.493508,0.481871,0.49671,0.482847,0.499675,0.485423,0.502364,0.489496,0.504983,0.494959,0.507822,0.501615,0.511066,0.509107,0.514634,0.516901,0.518107,0.524334,0.520828,0.530728,0.522122,0.535554,0.521554,0.538552,0.519095,0.539769,0.515133,0.539465,0.510325,0.537948,0.505379,0.535431,0.500857,0.532012,0.497072,0.527767,0.494063,0.522892,0.491666,0.51776,0.48961,0.512848,0.487643,0.508551,0.485628,0.505009,0.483603,0.502028,0.481767,0.49918,0.480424,0.496004,0.479894,0.492243,0.480424,0.488002,0.482114,0.48376,0.484861,0.480219,0.488352,0.478036,0.492109,0.477559,0.495617,0.478676,0.498488,0.480861,0.500612,0.483396,0.502226,0.48566,0.503852,0.487349,0.506113,0.48854,0.50949,0.489591,0.514084,0.490945,0.519482,0.492911,0.524764,0.495497,0.528691,0.498336,0.53001,0.50078,0.527844,0.502196,0.522022,0.50224,0.512983,0.500753,0.501262,0.497482,0.486991,0.491818,0.469592,0.482633,0.447746,0.468373,0.419706,0.447486,0.383971,0.419082,0.340523,0.383712,0.293254,0.353328,0.221181,0.648147
0.748207,0.15503,0.309686,0.284524,0.338504,0.367251,0.39326,0.425414,0.440806,0.465187,0.476248,0.491228,0.499843,0.507367,0.513466,0.516642,0.519379,0.521263,0.519668,0.522748,0.516059,0.522175,0.509953,0.520408,0.502511,0.518151,0.49469,0.515797,0.487134,0.513223,0.480178,0.510103,0.474501,0.506621,0.471064,0.502963,0.470347,0.499119,0.472286,0.495108,0.476413,0.491114,0.481978,0.487479,0.488083,0.484612,0.49383,0.482857,0.498471,0.482392,0.501507,0.483183,0.502739,0.485,0.502249,0.487495,0.500336,0.490262,0.497443,0.492896,0.494093,0.495029,0.490854,0.496352,0.488304,0.496656,0.486968,0.49585,0.487216,0.493984,0.489164,0.491254,0.49261,0.487991,0.497053,0.484664,0.501824,0.48186,0.506264,0.480244,0.50989,0.48043,0.512482,0.482806,0.514064,0.48735,0.514832,0.493532,0.515045,0.500353,0.514931,0.506541,0.514622,0.510863,0.514139,0.512451,0.513439,0.511068,0.512505,0.507205,0.511437,0.501987,0.51049,0.496897,0.510028,0.493388,0.51041,0.492496,0.511862,0.494544,0.514384,0.499051,0.517739,0.504861,0.521513,0.510495,0.525238,0.514601,0.528533,0.516385,0.531219,0.515782,0.533021,0.512233,0.530483,0.502394,0.523878,0.492143,0.51715,0.483978,0.510922,0.478888,0.505559,0.477438,0.501513,0.479728,0.498936,0.484208,0.494537,0.485704,0.488496,0.487895,0.48444,0.491165,0.482511,0.494827,0.482505,0.498417,0.484258,0.501772,0.487643,0.504975,0.492512,0.50825,0.498642,0.511808,0.505685,0.515676,0.513148,0.519576,0.520427,0.522939,0.526888,0.52506,0.531998,0.525349,0.535444,0.523562,0.537202,0.519889,0.537484,0.514886,0.536592,0.509278,0.534764,0.503749,0.5321,0.498783,0.528628,0.494603,0.524441,0.491194,0.519808,0.488379,0.515158,0.485925,0.510926,0.48364,0.507352,0.481454,0.504361,0.479445,0.501584,0.477824,0.49854,0.476876,0.494869,0.476886,0.490542,0.478048,0.485925,0.480393,0.481694,0.48373,0.478594,0.487655,0.477155,0.491635,0.477476,0.495173,0.479186,0.497992,0.481606,0.500154,0.484031,0.50206,0.486002,0.504315,0.487438,0.507487,0.488603,0.51186,0.489928,0.517245,0.49179,0.522935,0.494325,0.527823,0.497323,0.530672,0.500264,0.530466,0.502503,0.526728,0.503523,0.519606,0.503026,0.509582,0.500762,0.496997,0.496266,0.481657,0.4886,0.462672,0.476281,0.438622,0.457505,0.408088,0.430635,0.370573,0.394498,0.328964,0.346303,0.311991,0.241652,0.784956
0.192034,0.237309,0.232911,0.312434,0.329203,0.367111,0.398652,0.418741,0.44656,0.459711,0.478474,0.488672,0.498713,0.5069,0.510743,0.516537,0.517204,0.519754,0.519967,0.518401,0.520341,0.513959,0.519323,0.507644,0.517742,0.500502,0.51618,0.493332,0.514648,0.486366,0.512315,0.479649,0.50903,0.474562,0.505455,0.472139,0.50174,0.472564,0.497858,0.47549,0.493904,0.480229,0.490147,0.485897,0.486952,0.491561,0.484666,0.496391,0.483511,0.499774,0.483527,0.501389,0.484582,0.501208,0.486423,0.499455,0.488743,0.496537,0.491217,0.492969,0.493521,0.489332,0.495342,0.486231,0.496397,0.484245,0.496477,0.483849,0.495484,0.485294,0.493463,0.488516,0.490617,0.493114,0.487312,0.498425,0.484073,0.503697,0.481552,0.508284,0.480438,0.511784,0.481294,0.51408,0.484364,0.515306,0.489418,0.515739,0.495717,0.515693,0.502121,0.515415,0.507343,0.51503,0.510279,0.514539,0.510329,0.513896,0.507599,0.513095,0.50292,0.512259,0.497663,0.511644,0.493381,0.511578,0.491385,0.51235,0.492363,0.514104,0.496167,0.516773,0.501845,0.520095,0.507905,0.523669,0.512769,0.527054,0.515227,0.529855,0.514734,0.531651,0.511148,0.531333,0.503654,0.527253,0.493685,0.521474,0.48458,0.515428,0.47804,0.509702,0.474884,0.504696,0.475268,0.500602,0.478437,0.496684,0.48191,0.491414,0.484899,0.486735,0.48848,0.483773,0.492488,0.482706,0.496544,0.483493,0.50043,0.486036,0.504137,0.490178,0.507814,0.495675,0.511662,0.502169,0.515785,0.509189,0.520039,0.516171,0.523975,0.522526,0.526912,0.527735,0.528157,0.531465,0.527262,0.533638,0.524191,0.534416,0.519341,0.534092,0.513396,0.532924,0.507109,0.531031,0.501111,0.528411,0.495798,0.525065,0.491317,0.521138,0.487617,0.516968,0.48453,0.512982,0.481861,0.509497,0.479472,0.506556,0.477333,0.503884,0.475539,0.501014,0.474298,0.497519,0.473871,0.493239,0.474508,0.488412,0.476346,0.483648,0.479335,0.479729,0.483187,0.477337,0.487415,0.476781,0.491473,0.477881,0.494944,0.480049,0.497713,0.482544,0.500029,0.484764,0.502423,0.48646,0.505496,0.487767,0.509667,0.489072,0.514953,0.490798,0.520865,0.493194,0.526468,0.496199,0.530589,0.499427,0.53214,0.502285,0.530425,0.504177,0.525318,0.50467,0.517144,0.503454,0.506312,0.500132,0.492895,0.493938,0.476362,0.483544,0.455601,0.467115,0.429293,0.442671,0.396571,0.408548,0.35765,0.36309,0.312348,0.302014,0.221336,0.318152
0.451423,0.153305,0.282985,0.288814,0.336851,0.370259,0.393733,0.426015,0.44048,0.463873,0.475034,0.488531,0.498157,0.503663,0.511797,0.512207,0.518185,0.516358,0.519317,0.517678,0.516795,0.517329,0.511897,0.51627,0.505729,0.5153,0.499287,0.51483,0.493119,0.514067,0.486314,0.511151,0.479622,0.507549,0.475348,0.503941,0.474066,0.500249,0.475556,0.496441,0.47921,0.492688,0.484186,0.489302,0.489548,0.486618,0.49441,0.484888,0.498065,0.484213,0.500069,0.484542,0.500273,0.48571,0.498805,0.4875,0.496005,0.489672,0.49236,0.491975,0.488443,0.494129,0.484868,0.495828,0.48225,0.496778,0.481136,0.496746,0.481908,0.495623,0.484661,0.493462,0.489137,0.490499,0.494747,0.48716,0.500706,0.48404,0.50623,0.481843,0.51072,0.481239,0.513876,0.482687,0.515704,0.486247,0.516444,0.491483,0.516462,0.497486,0.516113,0.503047,0.515651,0.506956,0.515179,0.508329,0.514681,0.506889,0.514103,0.503103,0.513452,0.498102,0.512857,0.493404,0.512557,0.490498,0.512833,0.490408,0.513906,0.493363,0.515861,0.498706,0.518599,0.505062,0.521854,0.510734,0.525234,0.514198,0.528287,0.514508,0.530518,0.51139,0.531239,0.504912,0.529425,0.495681,0.525216,0.486083,0.519878,0.478301,0.514233,0.473563,0.50878,0.472286,0.503812,0.474094,0.499233,0.477679,0.494373,0.481482,0.489473,0.485499,0.485685,0.489812,0.48357,0.494205,0.483294,0.498479,0.484852,0.502574,0.488122,0.506575,0.492863,0.510656,0.498708,0.514968,0.505186,0.519483,0.511754,0.523887,0.517855,0.527575,0.522997,0.529808,0.526842,0.529962,0.52928,0.527769,0.530435,0.523419,0.530581,0.517487,0.529997,0.510743,0.528831,0.503929,0.527074,0.497601,0.524655,0.49207,0.521594,0.487424,0.518106,0.483591,0.51456,0.480417,0.511311,0.477745,0.508507,0.475467,0.505985,0.473571,0.503332,0.472156,0.500084,0.471415,0.495974,0.471593,0.491104,0.4729,0.485983,0.47541,0.481389,0.478977,0.478105,0.483217,0.476638,0.487594,0.477017,0.491602,0.478796,0.494965,0.48125,0.497763,0.483668,0.50041,0.485631,0.503489,0.487115,0.507503,0.488425,0.512639,0.490001,0.518618,0.492186,0.524697,0.495061,0.529816,0.498382,0.532873,0.501646,0.533031,0.504249,0.529929,0.505666,0.523697,0.505503,0.514702,0.503369,0.503169,0.498625,0.488846,0.490122,0.4709,0.476118,0.448138,0.454502,0.419565,0.423293,0.384983,0.381158,0.344011,0.32644,0.281705,0.222993,0.121
0.168702,0.179026,0.253628,0.294993,0.343449,0.364422,0.405134,0.418281,0.448087,0.458856,0.477031,0.487217,0.495457,0.505178,0.506329,0.514985,0.512035,0.51879,0.514362,0.518362,0.514644,0.515078,0.513965,0.510081,0.51329,0.504472,0.513442,0.49934,0.514639,0.494515,0.513345,0.486371,0.509279,0.480009,0.505587,0.476859,0.502096,0.476735,0.498538,0.479082,0.494933,0.483119,0.491512,0.487937,0.488586,0.492631,0.48642,0.496426,0.485165,0.498772,0.484838,0.4994,0.485353,0.49832,0.486571,0.495782,0.488338,0.492218,0.490482,0.488171,0.492789,0.484246,0.494976,0.481069,0.496705,0.479236,0.497645,0.479231,0.497541,0.481308,0.496285,0.485384,0.493964,0.491005,0.490873,0.497423,0.487515,0.50377,0.484552,0.509268,0.482699,0.513404,0.48256,0.516,0.484443,0.517196,0.488216,0.517351,0.493258,0.516902,0.498554,0.516235,0.502918,0.51559,0.505301,0.515041,0.505107,0.51455,0.502417,0.514055,0.498033,0.513569,0.493304,0.51321,0.489772,0.513188,0.488714,0.513735,0.490737,0.515027,0.495546,0.517118,0.501995,0.519901,0.508398,0.523108,0.513013,0.526335,0.514534,0.529073,0.512383,0.530713,0.506691,0.530528,0.498161,0.528093,0.488435,0.523935,0.479672,0.518834,0.473468,0.513379,0.470589,0.507973,0.470984,0.502796,0.47385,0.497716,0.477897,0.492655,0.482304,0.488246,0.486902,0.485171,0.491543,0.483799,0.496074,0.484265,0.500427,0.486524,0.504646,0.490374,0.508877,0.495457,0.513289,0.501299,0.517953,0.507358,0.522691,0.513091,0.527015,0.518023,0.530196,0.521825,0.531488,0.524372,0.530398,0.525762,0.526871,0.526255,0.521315,0.526143,0.51445,0.52561,0.507088,0.524662,0.499926,0.523183,0.493435,0.521083,0.487847,0.518438,0.483204,0.515517,0.479426,0.512665,0.476374,0.510107,0.473909,0.507794,0.471933,0.505398,0.470435,0.502459,0.469508,0.498626,0.469341,0.493872,0.47016,0.488582,0.472136,0.483485,0.475262,0.479422,0.479293,0.477061,0.483764,0.476646,0.48814,0.477911,0.49202,0.480201,0.495313,0.482747,0.498288,0.484967,0.501461,0.486663,0.505372,0.488021,0.510337,0.489456,0.516264,0.491381,0.522604,0.494009,0.528442,0.497244,0.532724,0.500701,0.534532,0.503819,0.533328,0.506032,0.529043,0.506869,0.521937,0.505912,0.512288,0.502598,0.500042,0.495943,0.484604,0.484363,0.464919,0.465748,0.439906,0.437865,0.409182,0.399098,0.373728,0.34991,0.334313,0.305665,0.247477,0.57528
0.130876,0.209806,0.239403,0.324109,0.329557,0.386728,0.392814,0.432358,0.440018,0.464698,0.474014,0.486271,0.496672,0.499615,0.510201,0.507064,0.516881,0.510526,0.518685,0.511476,0.517143,0.511107,0.513451,0.510488,0.508709,0.51065,0.504222,0.512731,0.501774,0.51712,0.4955,0.511031,0.486137,0.506623,0.480904,0.503233,0.479058,0.500001,0.479947,0.496691,0.482839,0.493411,0.48688,0.49042,0.491182,0.487985,0.494938,0.486291,0.497524,0.485411,0.498559,0.485327,0.497931,0.485973,0.495782,0.48727,0.492459,0.489131,0.488453,0.491417,0.484337,0.493904,0.480727,0.496263,0.47824,0.498103,0.477431,0.499052,0.478689,0.498851,0.482117,0.497419,0.487443,0.494904,0.494026,0.491683,0.50099,0.488333,0.507422,0.485554,0.512597,0.484027,0.516116,0.484242,0.517952,0.486336,0.518391,0.489994,0.517901,0.494465,0.516977,0.498706,0.516011,0.501639,0.515211,0.502452,0.514615,0.50088,0.514158,0.497353,0.513771,0.492946,0.513454,0.489117,0.513308,0.487283,0.51351,0.488373,0.51426,0.492483,0.515715,0.498788,0.517924,0.505737,0.52078,0.511491,0.523998,0.514442,0.527127,0.51365,0.529586,0.509013,0.530714,0.501201,0.529959,0.491592,0.527282,0.482128,0.523152,0.47461,0.518128,0.470152,0.512686,0.46905,0.507162,0.470842,0.501706,0.474528,0.49637,0.479063,0.49146,0.483871,0.487549,0.488692,0.485115,0.493377,0.484428,0.497861,0.485561,0.502179,0.488386,0.506453,0.492586,0.510862,0.497693,0.515547,0.503159,0.520463,0.508435,0.525263,0.513047,0.529287,0.516671,0.531729,0.519179,0.531897,0.520656,0.529478,0.521353,0.524654,0.521576,0.518029,0.521546,0.510429,0.5213,0.502662,0.520706,0.495354,0.51959,0.488887,0.51789,0.483427,0.515747,0.478981,0.513449,0.475463,0.511258,0.472736,0.509228,0.470658,0.507132,0.469125,0.50455,0.468119,0.501084,0.467735,0.496588,0.468164,0.491315,0.46962,0.485907,0.472217,0.481217,0.475861,0.478031,0.480207,0.476795,0.484751,0.477444,0.489017,0.479448,0.492764,0.482028,0.496098,0.484478,0.499431,0.486415,0.503294,0.487873,0.508086,0.489199,0.513875,0.490844,0.520294,0.493136,0.526591,0.496129,0.531799,0.499573,0.534984,0.502991,0.535486,0.505821,0.533061,0.507544,0.527831,0.507706,0.520059,0.505779,0.509809,0.500914,0.496683,0.49171,0.479767,0.476148,0.457915,0.451857,0.430401,0.416718,0.397967,0.369819,0.365361,0.312301,0.366263,0.217254,0.953167
0.608213,0.162373,0.336143,0.290907,0.375483,0.364571,0.418609,0.418549,0.452348,0.458448,0.476396,0.4862,0.492141,0.503833,0.501479,0.513661,0.506244,0.517853,0.507977,0.51815,0.507949,0.515861,0.507288,0.512065,0.507081,0.507924,0.508548,0.505433,0.514714,0.513483,0.514348,0.493793,0.507063,0.486024,0.503523,0.482434,0.500651,0.481812,0.497772,0.483428,0.494814,0.486502,0.491954,0.490195,0.48944,0.493709,0.487475,0.496381,0.486176,0.497747,0.485583,0.497583,0.485694,0.495912,0.4865,0.492975,0.487988,0.489183,0.490106,0.485058,0.492704,0.481183,0.495501,0.478167,0.498097,0.4766,0.500045,0.476977,0.500954,0.479569,0.500586,0.484309,0.498921,0.490729,0.496189,0.498022,0.492849,0.505213,0.489535,0.511399,0.486941,0.515944,0.485669,0.518605,0.486066,0.519524,0.488097,0.519134,0.491307,0.517997,0.494883,0.516639,0.497835,0.515427,0.499267,0.514526,0.498653,0.513931,0.496068,0.513546,0.492248,0.513284,0.488445,0.513126,0.486089,0.513151,0.486333,0.513518,0.489641,0.514421,0.495566,0.516025,0.502806,0.518383,0.509548,0.521377,0.513983,0.524678,0.514812,0.527764,0.51158,0.529995,0.504732,0.530746,0.495485,0.529661,0.485612,0.526834,0.476983,0.522652,0.471004,0.517576,0.468322,0.512027,0.468805,0.506323,0.471707,0.500674,0.476008,0.49533,0.480864,0.490713,0.485786,0.487301,0.490541,0.485463,0.495052,0.485394,0.499351,0.487074,0.503553,0.490264,0.507843,0.49453,0.512414,0.499322,0.517337,0.504071,0.522419,0.508286,0.52712,0.511631,0.530637,0.513972,0.532136,0.515392,0.531051,0.516142,0.527294,0.516547,0.521282,0.516865,0.513787,0.517176,0.505686,0.517357,0.497749,0.517179,0.490512,0.516459,0.484273,0.5152,0.47914,0.513592,0.475093,0.511888,0.472029,0.51022,0.469796,0.508468,0.468231,0.506284,0.467215,0.503253,0.466731,0.499137,0.466891,0.494055,0.4679,0.488533,0.469949,0.483393,0.473085,0.479497,0.477114,0.477458,0.481618,0.477424,0.486104,0.479026,0.490217,0.481538,0.4939,0.484168,0.497434,0.486363,0.501294,0.487977,0.505926,0.489249,0.511519,0.490626,0.517873,0.492526,0.524398,0.495146,0.530244,0.498386,0.534507,0.501881,0.536462,0.505117,0.535726,0.507562,0.532285,0.508728,0.526335,0.508102,0.518004,0.50494,0.507047,0.498018,0.492696,0.485478,0.473783,0.46493,0.449229,0.433903,0.418934,0.390607,0.385147,0.335018,0.353834,0.273408,0.28795,0.364957
0.27371,0.288582,0.263987,0.372673,0.336561,0.409071,0.395033,0.441096,0.440482,0.466287,0.473612,0.484038,0.495789,0.495293,0.509137,0.50153,0.515949,0.50422,0.518204,0.504657,0.517399,0.504,0.514657,0.503349,0.510977,0.503764,0.507551,0.506369,0.506062,0.511498,0.500552,0.506282,0.491683,0.5028,0.486616,0.500338,0.484567,0.498006,0.484882,0.495542,0.486872,0.493017,0.48978,0.490629,0.492851,0.488584,0.495425,0.487029,0.496994,0.486048,0.497246,0.485697,0.496089,0.486027,0.493647,0.487096,0.490229,0.48893,0.486281,0.491467,0.482332,0.494498,0.478958,0.497657,0.476753,0.500469,0.476268,0.50245,0.477917,0.503222,0.481832,0.502602,0.48776,0.500655,0.495039,0.497699,0.502721,0.494264,0.509782,0.491002,0.515374,0.488557,0.519004,0.487416,0.520614,0.487777,0.520528,0.489464,0.519311,0.491938,0.517587,0.494397,0.515879,0.495979,0.514509,0.496018,0.513583,0.494296,0.513046,0.491201,0.512769,0.487697,0.512635,0.485096,0.512605,0.484656,0.512748,0.487139,0.51323,0.492485,0.514269,0.499726,0.51605,0.507203,0.518627,0.51302,0.521839,0.515586,0.525283,0.514051,0.528366,0.508516,0.530417,0.499963,0.530893,0.490014,0.529569,0.480541,0.526574,0.473166,0.522257,0.468871,0.517045,0.467863,0.511347,0.469667,0.505505,0.473384,0.499815,0.478057,0.49463,0.48297,0.490371,0.487724,0.487445,0.492178,0.486152,0.496352,0.4866,0.50037,0.488661,0.504424,0.491971,0.508743,0.496001,0.513497,0.500163,0.518646,0.503929,0.523805,0.506928,0.528242,0.509008,0.531049,0.510246,0.531441,0.510903,0.529039,0.511328,0.524009,0.511824,0.516987,0.512521,0.508865,0.513326,0.500526,0.513982,0.492666,0.514215,0.485726,0.513888,0.479925,0.513069,0.47532,0.511961,0.471859,0.510736,0.469406,0.509374,0.467775,0.507614,0.466773,0.505067,0.466276,0.501427,0.466287,0.496687,0.466955,0.491244,0.468496,0.485845,0.471068,0.481383,0.474631,0.478604,0.478898,0.477856,0.48342,0.478961,0.487772,0.481295,0.491757,0.484036,0.495503,0.486486,0.499398,0.488311,0.503891,0.489601,0.509257,0.490753,0.51544,0.492239,0.522003,0.49439,0.528224,0.497261,0.533266,0.500619,0.536385,0.504032,0.537106,0.506991,0.535291,0.508994,0.531053,0.509533,0.524534,0.507945,0.515607,0.503167,0.503651,0.493534,0.487542,0.476753,0.465949,0.450176,0.438019,0.411395,0.404451,0.359005,0.368837,0.29244,0.340388,0.18569,0.509483
0.747174,0.223955,0.396914,0.314419,0.406288,0.370983,0.432145,0.420246,0.45651,0.4587,0.475505,0.485858,0.488526,0.503207,0.496355,0.512988,0.500204,0.517392,0.501302,0.518167,0.500804,0.516577,0.499812,0.513586,0.499362,0.510082,0.500294,0.50694,0.502758,0.503805,0.503074,0.496893,0.500797,0.491174,0.498944,0.487984,0.497265,0.487092,0.495445,0.487979,0.493446,0.489995,0.491396,0.49246,0.489476,0.494751,0.487846,0.496358,0.486625,0.496921,0.485914,0.496254,0.485819,0.494364,0.486459,0.491443,0.487937,0.487843,0.490273,0.484017,0.493345,0.480487,0.49685,0.477815,0.500332,0.476571,0.50326,0.47726,0.505149,0.480192,0.505669,0.485338,0.504721,0.492245,0.502466,0.500074,0.499302,0.507771,0.495796,0.514321,0.492576,0.518989,0.4902,0.521474,0.489027,0.521922,0.489124,0.52083,0.490223,0.518864,0.491767,0.516673,0.49303,0.514741,0.493328,0.513324,0.492253,0.512461,0.489883,0.512038,0.486858,0.511886,0.484271,0.511858,0.483356,0.511906,0.485072,0.512115,0.489707,0.512688,0.496669,0.513886,0.50456,0.515911,0.511529,0.518788,0.515789,0.522284,0.516129,0.525904,0.51224,0.52899,0.504772,0.530881,0.495143,0.531115,0.485172,0.529549,0.476618,0.526341,0.470755,0.521838,0.468138,0.516471,0.468596,0.510664,0.471416,0.504794,0.475644,0.49921,0.480401,0.494281,0.485084,0.490396,0.489418,0.487921,0.493387,0.487096,0.497118,0.487929,0.500821,0.490169,0.504756,0.493339,0.509171,0.49685,0.514165,0.500129,0.519527,0.502749,0.524655,0.504514,0.528645,0.505479,0.530552,0.505913,0.529717,0.506201,0.526005,0.506695,0.519841,0.50759,0.512047,0.508839,0.503577,0.510184,0.495275,0.511285,0.487742,0.511882,0.481323,0.511909,0.476165,0.511484,0.47227,0.510779,0.46954,0.50985,0.467791,0.508534,0.466789,0.506496,0.466323,0.503398,0.466284,0.499124,0.466726,0.493933,0.46784,0.488469,0.469849,0.483605,0.472851,0.480182,0.476714,0.478724,0.481082,0.479258,0.485519,0.481305,0.489722,0.48407,0.493668,0.486751,0.497624,0.488831,0.502002,0.490223,0.507133,0.491222,0.513072,0.492317,0.519528,0.493941,0.525904,0.496306,0.531449,0.49933,0.535439,0.502691,0.537347,0.505932,0.536938,0.508563,0.534243,0.510084,0.529385,0.509891,0.522322,0.507067,0.512582,0.500153,0.499143,0.487028,0.480559,0.465035,0.455428,0.431408,0.423218,0.383933,0.385421,0.321753,0.345391,0.250091,0.261967,0.321351
0.724609,0.343225,0.323907,0.408599,0.348953,0.426262,0.397961,0.447559,0.441193,0.466751,0.473699,0.481207,0.495619,0.490663,0.508858,0.495865,0.515724,0.497866,0.518237,0.497758,0.517895,0.496626,0.515751,0.495519,0.51261,0.49531,0.509154,0.49637,0.505649,0.497743,0.500942,0.49734,0.495586,0.49641,0.491733,0.49549,0.489855,0.494425,0.489719,0.493112,0.490826,0.491598,0.492586,0.49001,0.494439,0.488498,0.495913,0.487203,0.496642,0.486259,0.496382,0.485818,0.495039,0.486054,0.49269,0.487137,0.489572,0.48917,0.48605,0.492118,0.482569,0.49576,0.479638,0.499688,0.477803,0.503372,0.47761,0.506264,0.479496,0.507917,0.483646,0.508081,0.489845,0.506759,0.497442,0.5042,0.505446,0.500855,0.512754,0.49729,0.518426,0.494069,0.521901,0.491647,0.5231,0.490267,0.522378,0.489904,0.520374,0.490255,0.517811,0.490804,0.515318,0.490949,0.513314,0.490212,0.511972,0.48844,0.511252,0.485964,0.510981,0.483595,0.510943,0.482432,0.510974,0.483508,0.511042,0.487382,0.51128,0.493832,0.511956,0.501797,0.513372,0.509591,0.515725,0.515358,0.518973,0.517599,0.522783,0.515596,0.526567,0.509599,0.529626,0.500731,0.531334,0.490682,0.531307,0.481267,0.52947,0.47399,0.52602,0.469735,0.521335,0.468663,0.515863,0.47031,0.51005,0.473823,0.504287,0.478249,0.498916,0.482786,0.494274,0.48696,0.490735,0.490662,0.488652,0.494022,0.488198,0.497272,0.489263,0.500702,0.491469,0.504619,0.494252,0.509241,0.497008,0.514535,0.499237,0.52007,0.50067,0.52502,0.501313,0.528363,0.501431,0.529201,0.501438,0.52708,0.501754,0.522141,0.502648,0.515051,0.50414,0.506764,0.505997,0.498244,0.507838,0.490257,0.509302,0.483297,0.51019,0.477614,0.510508,0.473279,0.510389,0.470232,0.509935,0.468312,0.509077,0.467272,0.507553,0.466842,0.505033,0.466814,0.501315,0.467134,0.496524,0.467923,0.491174,0.469417,0.486081,0.471818,0.482132,0.475148,0.48,0.479183,0.479912,0.483536,0.481567,0.487841,0.484253,0.49194,0.487117,0.495968,0.489478,0.50026,0.491057,0.505163,0.492004,0.510822,0.492767,0.517068,0.493855,0.523428,0.495618,0.529242,0.498138,0.533828,0.501227,0.536645,0.50451,0.537392,0.507531,0.536023,0.509809,0.532632,0.51079,0.527232,0.509681,0.519492,0.505228,0.508539,0.49553,0.492947,0.478049,0.470998,0.449878,0.44126,0.408271,0.40352,0.351227,0.360694,0.277367,0.333152,0.165795,0.675892
0.993635,0.254788,0.439432,0.324514,0.423976,0.373031,0.439574,0.420609,0.457883,0.458825,0.473342,0.485964,0.484383,0.503291,0.491103,0.513082,0.494261,0.517603,0.494823,0.518647,0.493822,0.517465,0.492305,0.514914,0.491223,0.511636,0.491183,0.508049,0.492059,0.504067,0.492753,0.499479,0.492826,0.495463,0.49272,0.492903,0.492461,0.491908,0.491941,0.492173,0.491128,0.493214,0.490068,0.494536,0.488866,0.495726,0.487667,0.496458,0.48663,0.496477,0.485943,0.49562,0.485827,0.493856,0.486511,0.491305,0.488175,0.488229,0.49087,0.484988,0.494462,0.482014,0.498614,0.479799,0.502829,0.478879,0.506539,0.479764,0.509223,0.482804,0.510508,0.488027,0.510248,0.49502,0.508542,0.502945,0.505707,0.510709,0.502209,0.517232,0.498574,0.521717,0.495282,0.523828,0.492688,0.523718,0.490952,0.521926,0.490006,0.519189,0.489567,0.516235,0.4892,0.513637,0.488457,0.51172,0.487063,0.510564,0.485095,0.510047,0.48307,0.50993,0.48187,0.509963,0.482482,0.509987,0.485627,0.510024,0.491411,0.510285,0.499133,0.511112,0.507375,0.512828,0.514341,0.515585,0.518355,0.519242,0.51834,0.523348,0.514121,0.527241,0.506453,0.53021,0.496797,0.531683,0.486932,0.531359,0.478511,0.529235,0.472705,0.525563,0.470009,0.520756,0.470259,0.51529,0.472789,0.50961,0.476678,0.504077,0.480985,0.49896,0.484986,0.494565,0.488395,0.491314,0.491318,0.489557,0.494027,0.489368,0.496844,0.490504,0.500123,0.492472,0.504178,0.494656,0.509135,0.496489,0.51476,0.497602,0.52037,0.497921,0.52495,0.497671,0.527437,0.49729,0.527075,0.497264,0.523679,0.497958,0.51767,0.499479,0.509919,0.501645,0.50145,0.504066,0.493185,0.5063,0.485784,0.508021,0.479627,0.509114,0.474865,0.509637,0.471486,0.509701,0.469354,0.509312,0.468231,0.508296,0.467816,0.50636,0.467826,0.503253,0.4681,0.498976,0.468664,0.4939,0.469721,0.488746,0.47153,0.484401,0.474245,0.481651,0.477794,0.480909,0.481887,0.482075,0.486149,0.484566,0.490325,0.487533,0.494409,0.490176,0.498638,0.492018,0.503334,0.49303,0.508702,0.493565,0.514677,0.494156,0.520899,0.495271,0.526799,0.497156,0.53175,0.499774,0.535216,0.502861,0.536861,0.506023,0.53658,0.508809,0.534431,0.510707,0.530462,0.511034,0.524467,0.508723,0.515751,0.502122,0.503014,0.488899,0.484442,0.466183,0.45807,0.430963,0.422366,0.380624,0.377066,0.313423,0.32412,0.231646,0.235064,0.250892
0.593797,0.347593,0.302659,0.417737,0.343011,0.431678,0.395913,0.448709,0.440556,0.464844,0.473684,0.477414,0.495863,0.485788,0.509199,0.49035,0.51614,0.491887,0.518799,0.491336,0.518709,0.48971,0.516885,0.488009,0.514016,0.487029,0.510582,0.487086,0.506831,0.487805,0.502791,0.488523,0.498908,0.489131,0.495963,0.489634,0.494314,0.489932,0.493866,0.489928,0.494254,0.489566,0.495035,0.488858,0.495842,0.487918,0.496424,0.486929,0.496569,0.486108,0.496088,0.485709,0.494864,0.486016,0.492907,0.487275,0.490369,0.489623,0.487517,0.493012,0.484698,0.497186,0.482329,0.501703,0.480895,0.506012,0.480914,0.509552,0.482846,0.51187,0.486925,0.512696,0.492997,0.511987,0.500447,0.509923,0.508292,0.506851,0.515403,0.503218,0.5208,0.49948,0.523893,0.496035,0.524594,0.493163,0.523276,0.490984,0.520615,0.489439,0.517387,0.488298,0.514281,0.487233,0.511776,0.48595,0.510093,0.48436,0.509207,0.482717,0.508912,0.481645,0.50891,0.481987,0.508939,0.484513,0.508889,0.489565,0.508867,0.496795,0.509185,0.505108,0.51024,0.512887,0.512341,0.518407,0.51555,0.520326,0.519603,0.518066,0.523942,0.511969,0.527853,0.503184,0.53065,0.493347,0.531837,0.484163,0.531198,0.477017,0.528811,0.472718,0.524986,0.471424,0.520176,0.472728,0.514867,0.475844,0.509472,0.479807,0.504239,0.483663,0.499316,0.486801,0.495073,0.489247,0.492054,0.491339,0.490564,0.493452,0.490539,0.495976,0.491592,0.499295,0.493138,0.503672,0.494559,0.509064,0.495378,0.514981,0.495407,0.520497,0.494794,0.524472,0.493965,0.525905,0.493467,0.524272,0.49377,0.519687,0.495099,0.512836,0.497354,0.504731,0.500164,0.496407,0.503036,0.488697,0.505531,0.482136,0.507402,0.476979,0.50861,0.473273,0.509236,0.47091,0.509333,0.469667,0.508816,0.469234,0.507449,0.469279,0.504972,0.469551,0.501286,0.469976,0.496617,0.470686,0.491559,0.471949,0.486955,0.474016,0.483657,0.476962,0.482247,0.480627,0.482831,0.484685,0.484995,0.488825,0.487956,0.492921,0.490842,0.497092,0.493,0.501606,0.494197,0.506692,0.494643,0.512368,0.49483,0.518376,0.49531,0.524233,0.496476,0.529368,0.498459,0.533265,0.501132,0.53557,0.504185,0.536139,0.507215,0.534997,0.509755,0.532211,0.511209,0.527679,0.510682,0.520893,0.506771,0.510749,0.497407,0.495518,0.479883,0.473027,0.451129,0.441022,0.40819,0.397562,0.348626,0.341381,0.269834,0.27812,0.151082,0.403229
0.708722,0.186262,0.417951,0.298306,0.42254,0.36502,0.438588,0.417964,0.45544,0.458091,0.46959,0.486016,0.479768,0.503666,0.485975,0.513593,0.488789,0.518218,0.489031,0.519413,0.487643,0.518444,0.485627,0.516122,0.4839,0.51299,0.483075,0.509424,0.483242,0.505651,0.484025,0.501942,0.485048,0.498817,0.486145,0.496704,0.487177,0.495688,0.488001,0.495543,0.488462,0.495861,0.488419,0.496268,0.487893,0.496584,0.487078,0.496697,0.486228,0.496449,0.485627,0.495673,0.485594,0.494283,0.486438,0.492318,0.488374,0.489951,0.491442,0.487443,0.495468,0.485129,0.500078,0.483414,0.504756,0.482775,0.508942,0.483709,0.512133,0.486598,0.513972,0.491526,0.514299,0.498145,0.513163,0.505665,0.510789,0.513013,0.50752,0.519108,0.50375,0.523142,0.499865,0.524773,0.496198,0.524157,0.492995,0.521843,0.490382,0.518586,0.488339,0.515144,0.48671,0.512125,0.485273,0.509894,0.483872,0.508554,0.482566,0.507976,0.481723,0.50787,0.481981,0.507905,0.484049,0.507846,0.488402,0.50767,0.494981,0.507602,0.503037,0.508045,0.511217,0.509417,0.517875,0.511967,0.52152,0.515634,0.521245,0.520023,0.516976,0.524492,0.509488,0.528319,0.500177,0.53087,0.490691,0.531739,0.482541,0.530805,0.476792,0.528225,0.473916,0.524366,0.473803,0.519713,0.475895,0.514743,0.479339,0.509767,0.483089,0.504797,0.486091,0.499875,0.488057,0.495693,0.489463,0.492891,0.490791,0.491632,0.492467,0.491673,0.494917,0.492499,0.498505,0.493471,0.503366,0.494017,0.509217,0.493814,0.515293,0.492888,0.520471,0.491609,0.523586,0.490559,0.523807,0.490313,0.520903,0.491233,0.515297,0.493342,0.50789,0.496326,0.499769,0.499671,0.491918,0.502848,0.485046,0.505477,0.479541,0.507399,0.475528,0.508633,0.472936,0.509246,0.471554,0.509221,0.471074,0.508401,0.471136,0.506546,0.471425,0.503492,0.471772,0.49933,0.472222,0.494507,0.47301,0.489779,0.474439,0.486018,0.476711,0.483938,0.479807,0.48385,0.483494,0.485544,0.487457,0.488354,0.491483,0.491398,0.495575,0.493885,0.499919,0.495375,0.50474,0.495887,0.510113,0.495817,0.515867,0.495737,0.521599,0.496165,0.526793,0.497398,0.530952,0.499465,0.53372,0.502172,0.534926,0.505184,0.534567,0.508082,0.532719,0.510344,0.529365,0.511221,0.524169,0.509545,0.516264,0.503537,0.504125,0.490741,0.485616,0.468185,0.45822,0.43278,0.419272,0.381818,0.365637,0.313199,0.290877,0.22618,0.162969,0.195273
0.0424788,0.337646,0.231556,0.408931,0.325679,0.426382,0.390053,0.444586,0.438447,0.46064,0.473112,0.472859,0.49596,0.480961,0.50958,0.485349,0.516658,0.486724,0.519432,0.485944,0.519487,0.483968,0.517835,0.481768,0.51512,0.480146,0.511788,0.479531,0.508171,0.479889,0.504563,0.480911,0.501338,0.48231,0.49889,0.483875,0.497424,0.485425,0.496863,0.486748,0.496865,0.487537,0.496969,0.487577,0.496966,0.487037,0.496901,0.486244,0.496726,0.485516,0.496273,0.485193,0.495375,0.485627,0.493968,0.487107,0.492125,0.489762,0.490027,0.493503,0.487931,0.498026,0.486156,0.502864,0.485101,0.507477,0.485233,0.511343,0.487006,0.514052,0.490693,0.515358,0.496211,0.515201,0.503024,0.513692,0.510212,0.511065,0.516691,0.507627,0.521508,0.503709,0.524082,0.499639,0.524327,0.495724,0.522609,0.492219,0.519594,0.489284,0.516051,0.486954,0.512671,0.485146,0.509951,0.483727,0.50813,0.482648,0.507191,0.482066,0.506898,0.482389,0.506901,0.484185,0.506871,0.487952,0.506649,0.49383,0.506334,0.501388,0.506274,0.509585,0.506934,0.51696,0.508707,0.522004,0.511734,0.52358,0.515813,0.521246,0.520439,0.515378,0.524924,0.507056,0.52857,0.497767,0.530826,0.489042,0.531384,0.482122,0.530217,0.477755,0.527555,0.476134,0.52382,0.476972,0.51952,0.47964,0.515096,0.483228,0.510633,0.486413,0.505627,0.488016,0.500459,0.488653,0.49635,0.489109,0.493803,0.489862,0.492746,0.491347,0.492758,0.493988,0.493222,0.498062,0.493496,0.503493,0.493119,0.509718,0.491964,0.515717,0.490294,0.520259,0.488676,0.522272,0.487771,0.521186,0.488091,0.517101,0.489815,0.510717,0.492737,0.503088,0.49636,0.495302,0.500091,0.488238,0.503428,0.482448,0.506079,0.47816,0.507969,0.475353,0.509139,0.473834,0.509619,0.473293,0.509327,0.473357,0.508071,0.473665,0.505659,0.473973,0.502072,0.474236,0.497603,0.47463,0.492882,0.475469,0.488752,0.477041,0.486019,0.479465,0.48518,0.482627,0.486247,0.486258,0.488727,0.490101,0.491792,0.494056,0.494564,0.49822,0.496415,0.502783,0.497148,0.507856,0.497001,0.513339,0.496504,0.518902,0.496246,0.524076,0.496676,0.528385,0.497993,0.531468,0.500143,0.533137,0.502887,0.533368,0.505864,0.532239,0.508616,0.529794,0.510516,0.525851,0.510602,0.519782,0.507387,0.510334,0.498719,0.495574,0.481834,0.473009,0.453658,0.439815,0.411321,0.392758,0.35263,0.326396,0.275759,0.223463,0.160791,0.0301614
0.958087,0.157319,0.415677,0.280591,0.411234,0.356656,0.431408,0.414173,0.450143,0.456521,0.464821,0.485504,0.475122,0.503634,0.481378,0.51378,0.484213,0.518535,0.484408,0.519855,0.482858,0.519028,0.480525,0.516847,0.478319,0.513831,0.476905,0.510373,0.476557,0.506812,0.477184,0.50349,0.478522,0.500766,0.480319,0.49891,0.482369,0.497994,0.484458,0.497819,0.486202,0.49785,0.487019,0.49759,0.486836,0.497223,0.486137,0.49695,0.485332,0.49667,0.484768,0.496159,0.484813,0.495253,0.485811,0.493926,0.487979,0.49228,0.49132,0.490506,0.495607,0.488845,0.500426,0.487605,0.505264,0.487178,0.509602,0.488014,0.513001,0.490496,0.51516,0.494766,0.51594,0.500562,0.515357,0.507196,0.513546,0.513685,0.510718,0.519018,0.507124,0.522433,0.503045,0.523602,0.498786,0.522671,0.494665,0.520158,0.490976,0.516777,0.48793,0.513254,0.48561,0.510179,0.483985,0.507919,0.482985,0.506585,0.482628,0.506034,0.483112,0.505948,0.484815,0.505947,0.488163,0.505754,0.493394,0.505326,0.500326,0.504907,0.508231,0.504944,0.515909,0.505922,0.521948,0.508151,0.525105,0.511637,0.524652,0.516045,0.520587,0.520789,0.513629,0.525178,0.505018,0.528576,0.4962,0.530524,0.488495,0.530816,0.482859,0.529512,0.479759,0.526912,0.479193,0.523485,0.480794,0.519777,0.483948,0.516176,0.487602,0.512151,0.489441,0.506362,0.489188,0.500918,0.488629,0.497029,0.488388,0.494802,0.488849,0.493911,0.49044,0.493789,0.493533,0.493764,0.498237,0.493254,0.504207,0.491966,0.510593,0.490009,0.516193,0.487876,0.519785,0.486271,0.520503,0.485847,0.518104,0.486964,0.513017,0.489572,0.506167,0.493247,0.498678,0.497368,0.491573,0.50133,0.485576,0.504703,0.481052,0.507291,0.478056,0.509075,0.476416,0.510094,0.47582,0.510328,0.475881,0.509647,0.476208,0.507868,0.4765,0.504894,0.476634,0.500874,0.476715,0.496288,0.477032,0.491897,0.477923,0.488547,0.47962,0.486895,0.482136,0.487179,0.485285,0.489121,0.488807,0.492011,0.492536,0.494955,0.496477,0.497175,0.50077,0.498253,0.505538,0.498224,0.510738,0.497503,0.516107,0.496688,0.521217,0.49634,0.525608,0.496824,0.528911,0.49825,0.530919,0.500498,0.531591,0.503289,0.531001,0.506228,0.529236,0.508783,0.526238,0.510169,0.521601,0.509166,0.514368,0.50395,0.502904,0.49204,0.484916,0.470495,0.457658,0.436371,0.41814,0.387331,0.362795,0.322287,0.284376,0.247433,0.150853,0.338983
0.37968,0.296348,0.250355,0.383809,0.319996,0.414205,0.385194,0.437502,0.435756,0.455365,0.471746,0.468259,0.495252,0.476693,0.509179,0.4813,0.516423,0.482817,0.519335,0.482073,0.519536,0.479991,0.518036,0.477508,0.515452,0.475439,0.512222,0.474304,0.508718,0.474262,0.505296,0.475194,0.502309,0.476874,0.500069,0.479098,0.498779,0.481692,0.498449,0.484356,0.498682,0.486287,0.498483,0.486598,0.497732,0.485958,0.497163,0.485069,0.49688,0.484295,0.496631,0.483979,0.496146,0.484487,0.495292,0.486112,0.494091,0.488954,0.492679,0.492875,0.491241,0.497522,0.490005,0.502414,0.489265,0.507039,0.489404,0.510945,0.490833,0.513797,0.493845,0.515406,0.498432,0.515718,0.504176,0.514789,0.510286,0.512745,0.515797,0.509751,0.519842,0.50601,0.521888,0.501779,0.521848,0.497378,0.520049,0.493172,0.517091,0.489505,0.513674,0.48663,0.510437,0.484659,0.507849,0.483584,0.506142,0.483364,0.505294,0.484039,0.505058,0.485793,0.505057,0.488912,0.504931,0.493632,0.504503,0.499926,0.503881,0.507341,0.503439,0.514964,0.503687,0.521578,0.505066,0.52595,0.507768,0.527177,0.511652,0.524939,0.516279,0.519592,0.521023,0.512071,0.52523,0.50364,0.528345,0.495601,0.53001,0.489031,0.530113,0.484617,0.528791,0.482616,0.526405,0.48292,0.523499,0.485207,0.520731,0.489027,0.518464,0.492731,0.513622,0.491468,0.506606,0.489558,0.501245,0.488211,0.497785,0.487619,0.495917,0.488115,0.495126,0.490109,0.494748,0.493851,0.494118,0.49921,0.492782,0.505543,0.490666,0.511763,0.488133,0.516594,0.485864,0.51895,0.484619,0.518265,0.484948,0.514652,0.486996,0.50883,0.490471,0.501874,0.494779,0.494898,0.499242,0.488791,0.503298,0.484077,0.506613,0.480916,0.509072,0.479177,0.510685,0.478547,0.511468,0.47862,0.511353,0.478976,0.510193,0.479271,0.50785,0.479321,0.504352,0.479161,0.50002,0.479036,0.495492,0.479301,0.491593,0.480266,0.489095,0.482061,0.488453,0.484602,0.489631,0.487668,0.492103,0.491055,0.495031,0.494699,0.497546,0.498681,0.499032,0.503117,0.499295,0.508011,0.498572,0.513159,0.497394,0.518178,0.496378,0.522614,0.496027,0.526084,0.496619,0.528356,0.498185,0.529368,0.50055,0.529187,0.503394,0.527925,0.506265,0.525616,0.508517,0.522045,0.509164,0.516544,0.506701,0.507814,0.498978,0.493871,0.48328,0.472167,0.456677,0.439898,0.416658,0.394381,0.361736,0.333438,0.290456,0.258573,0.175798,0.29627
0.415145,0.18571,0.342984,0.281274,0.390754,0.351894,0.42204,0.410561,0.444187,0.454238,0.46017,0.48396,0.471118,0.502437,0.477797,0.512765,0.480953,0.517673,0.481376,0.519166,0.47993,0.51853,0.477536,0.516527,0.475074,0.513645,0.473239,0.510276,0.472417,0.50679,0.472686,0.503555,0.473923,0.500918,0.475959,0.499179,0.47867,0.498557,0.481938,0.499038,0.485232,0.49965,0.486597,0.498587,0.485872,0.497443,0.484774,0.496932,0.483776,0.496795,0.483126,0.496638,0.483153,0.496199,0.484197,0.495409,0.486454,0.494349,0.48989,0.493175,0.494229,0.49206,0.499028,0.49121,0.503785,0.490907,0.508037,0.491515,0.511424,0.493389,0.513722,0.496713,0.514835,0.501336,0.514765,0.506719,0.513573,0.512039,0.511348,0.516421,0.508211,0.519189,0.504339,0.520043,0.500004,0.519093,0.495576,0.516782,0.491478,0.513724,0.488102,0.510555,0.485717,0.507803,0.484432,0.505805,0.48423,0.504662,0.485065,0.504231,0.486956,0.504185,0.490021,0.504131,0.494412,0.503783,0.500161,0.503103,0.507012,0.502352,0.514325,0.502005,0.521129,0.502575,0.52631,0.50441,0.528905,0.507558,0.528368,0.51175,0.52473,0.516476,0.518593,0.52112,0.510979,0.525089,0.503072,0.527922,0.495977,0.529356,0.49053,0.52936,0.487202,0.528138,0.486116,0.526123,0.487163,0.523994,0.490272,0.522859,0.495777,0.523449,0.496479,0.513632,0.492115,0.506351,0.489418,0.501577,0.48776,0.498687,0.48718,0.497159,0.488037,0.496361,0.490674,0.495592,0.495143,0.494265,0.501026,0.492118,0.507408,0.489335,0.513056,0.486512,0.516752,0.484454,0.517662,0.483878,0.515579,0.485151,0.510957,0.488167,0.504742,0.492422,0.498069,0.497213,0.49196,0.50187,0.487106,0.505913,0.483802,0.509102,0.481984,0.51138,0.481346,0.512761,0.481459,0.513228,0.481869,0.51268,0.482194,0.510977,0.482198,0.508058,0.48186,0.504092,0.481375,0.499563,0.481089,0.495221,0.48136,0.491892,0.482413,0.490215,0.484266,0.490408,0.48676,0.492183,0.48969,0.494834,0.49294,0.497479,0.49654,0.49935,0.500591,0.500023,0.505132,0.499513,0.510019,0.498212,0.51491,0.496713,0.519365,0.495611,0.522975,0.495339,0.525474,0.496092,0.526771,0.497831,0.526917,0.500327,0.526037,0.503207,0.52423,0.505935,0.521427,0.507716,0.517215,0.507332,0.510641,0.502981,0.500082,0.492243,0.483276,0.4723,0.457583,0.4405,0.420486,0.395183,0.37059,0.336295,0.309905,0.263864,0.218124,0.244204
0.430705,0.2384,0.250176,0.359067,0.314507,0.403579,0.380808,0.431153,0.432683,0.4507,0.469377,0.464489,0.493174,0.473531,0.507233,0.478619,0.514607,0.480531,0.517708,0.480086,0.518155,0.478161,0.516911,0.475644,0.514541,0.473325,0.511447,0.47177,0.507996,0.471252,0.504567,0.471801,0.501538,0.473324,0.499279,0.475741,0.498148,0.479069,0.498511,0.483335,0.500367,0.487289,0.500221,0.486273,0.497969,0.484577,0.496873,0.483242,0.496661,0.482269,0.49673,0.481844,0.496648,0.482294,0.496225,0.483899,0.495484,0.486737,0.494558,0.490635,0.493607,0.495207,0.492778,0.499966,0.492253,0.504432,0.492299,0.50822,0.493249,0.511075,0.495392,0.512869,0.498798,0.513574,0.503196,0.513211,0.507979,0.51182,0.51236,0.509447,0.515608,0.506186,0.517253,0.502225,0.517198,0.497885,0.515692,0.493606,0.513218,0.489867,0.510355,0.487079,0.507641,0.485494,0.505485,0.485185,0.504097,0.486098,0.503454,0.488144,0.503315,0.491285,0.503309,0.495538,0.503082,0.500905,0.502465,0.507234,0.501578,0.514106,0.500814,0.520803,0.500695,0.526404,0.501677,0.529994,0.503979,0.530909,0.507508,0.528925,0.511899,0.524332,0.516617,0.517864,0.521086,0.510518,0.524793,0.503337,0.527369,0.49722,0.528633,0.492795,0.528623,0.49038,0.527601,0.490037,0.526081,0.491761,0.525035,0.496221,0.527639,0.510967,0.523209,0.496569,0.512166,0.491963,0.505977,0.489255,0.50207,0.487682,0.499773,0.487452,0.498495,0.488941,0.497546,0.492345,0.49625,0.49746,0.494175,0.503581,0.491306,0.509591,0.488093,0.51424,0.485313,0.516497,0.483801,0.515867,0.48414,0.512514,0.486453,0.507188,0.490394,0.500972,0.495298,0.494969,0.500421,0.490026,0.505149,0.486591,0.5091,0.4847,0.512112,0.484075,0.514162,0.484263,0.515252,0.484767,0.515329,0.485158,0.514275,0.485159,0.511981,0.484698,0.508487,0.483929,0.504108,0.483177,0.499468,0.482823,0.495381,0.483162,0.492618,0.484299,0.491641,0.486149,0.492433,0.488527,0.494493,0.491289,0.497011,0.494422,0.499136,0.498011,0.500249,0.502124,0.50012,0.506678,0.49894,0.511385,0.497202,0.515819,0.495521,0.519547,0.494444,0.522258,0.494329,0.523819,0.495293,0.524255,0.497228,0.52369,0.499849,0.52226,0.502712,0.520006,0.505171,0.516723,0.506253,0.511772,0.504486,0.50391,0.49779,0.491228,0.483554,0.471308,0.459052,0.441633,0.422253,0.400392,0.373051,0.349052,0.314507,0.313454,0.221928,0.70502
0.384951,0.157382,0.335048,0.268051,0.384521,0.345953,0.416742,0.406913,0.439845,0.451262,0.456679,0.481096,0.468343,0.499545,0.475634,0.5099,0.479324,0.514964,0.480208,0.51674,0.479115,0.516452,0.476907,0.514784,0.474408,0.51215,0.472297,0.508899,0.471013,0.505396,0.47075,0.502038,0.471525,0.499238,0.473308,0.497431,0.476158,0.497152,0.480383,0.499261,0.486729,0.504143,0.488257,0.499203,0.484739,0.49679,0.482751,0.496239,0.481429,0.496419,0.480596,0.496642,0.480477,0.496558,0.481392,0.496099,0.483534,0.495382,0.486855,0.494574,0.491061,0.493813,0.495698,0.493212,0.500273,0.492929,0.504362,0.493213,0.50767,0.494364,0.510037,0.496595,0.511411,0.499874,0.511799,0.503847,0.511214,0.507898,0.50966,0.511329,0.507158,0.513576,0.503804,0.514361,0.499832,0.513736,0.495641,0.512019,0.491737,0.509679,0.48863,0.50722,0.486716,0.505076,0.486194,0.503539,0.487073,0.5027,0.489229,0.502433,0.492507,0.502431,0.496781,0.502326,0.501957,0.501852,0.507897,0.500986,0.51432,0.499997,0.52073,0.499363,0.526428,0.499594,0.530636,0.501041,0.532675,0.50378,0.532164,0.5076,0.529128,0.512079,0.524012,0.516698,0.517577,0.520942,0.510727,0.524385,0.504343,0.526737,0.499137,0.527887,0.495583,0.527923,0.493902,0.527149,0.494124,0.526131,0.496308,0.525897,0.500877,0.527136,0.500667,0.517718,0.495428,0.510612,0.491913,0.505835,0.489528,0.502803,0.488353,0.501016,0.488757,0.49984,0.49104,0.49857,0.495179,0.496635,0.500689,0.493828,0.506631,0.490412,0.511803,0.487071,0.515068,0.484683,0.515695,0.484011,0.513566,0.485426,0.509196,0.488793,0.503548,0.493556,0.497744,0.498957,0.492755,0.504273,0.489189,0.508976,0.487211,0.512775,0.4866,0.515569,0.486889,0.517345,0.487533,0.518083,0.488043,0.5177,0.48809,0.516073,0.487563,0.513146,0.486578,0.509075,0.485443,0.504319,0.484548,0.499616,0.484234,0.495798,0.484681,0.493532,0.485868,0.493082,0.487641,0.494213,0.489846,0.496273,0.492433,0.498417,0.495474,0.499883,0.499064,0.500217,0.503184,0.499366,0.507615,0.497653,0.51196,0.495629,0.515769,0.493897,0.518677,0.492947,0.520496,0.493059,0.521213,0.494273,0.520937,0.496411,0.519822,0.49912,0.517979,0.501871,0.515357,0.503883,0.511586,0.503979,0.505783,0.500432,0.496429,0.490916,0.481407,0.472753,0.458289,0.44354,0.424861,0.402284,0.379833,0.35197,0.323205,0.320366,0.224662,0.747462
0.115319,0.285635,0.208376,0.37092,0.304889,0.40266,0.376875,0.427916,0.429564,0.447629,0.466045,0.462083,0.489504,0.471824,0.503371,0.477559,0.510784,0.48006,0.514149,0.480128,0.515015,0.478588,0.514241,0.476252,0.512281,0.473854,0.509446,0.471952,0.50606,0.470884,0.502509,0.470795,0.499228,0.471725,0.496694,0.473736,0.495467,0.477083,0.496427,0.482812,0.502524,0.498786,0.502689,0.485692,0.496772,0.482353,0.495527,0.480616,0.495696,0.479438,0.496183,0.478817,0.496428,0.47905,0.49624,0.480427,0.495693,0.483043,0.494976,0.486731,0.494259,0.491107,0.493639,0.495685,0.493191,0.500001,0.493051,0.503698,0.493456,0.506566,0.494669,0.508523,0.496831,0.509565,0.499832,0.509704,0.503277,0.508934,0.506587,0.507231,0.509186,0.504615,0.51067,0.501222,0.510913,0.497364,0.510052,0.493516,0.508414,0.490234,0.506417,0.488023,0.504474,0.487224,0.502919,0.487952,0.501939,0.490123,0.501528,0.493527,0.50148,0.497918,0.501464,0.503077,0.501164,0.508808,0.500435,0.514877,0.499406,0.520944,0.49846,0.526523,0.498104,0.531017,0.498775,0.53383,0.500694,0.534519,0.503803,0.532923,0.507808,0.529232,0.512273,0.523947,0.516721,0.517784,0.520712,0.511527,0.523896,0.505902,0.526053,0.501483,0.527121,0.498635,0.527217,0.497501,0.526644,0.498037,0.525867,0.500017,0.525129,0.501906,0.521314,0.498897,0.514852,0.495332,0.509646,0.492472,0.506028,0.490591,0.503753,0.490078,0.502324,0.491304,0.501059,0.494389,0.499298,0.499051,0.496665,0.504559,0.49323,0.509837,0.489528,0.513725,0.486406,0.515327,0.484743,0.514276,0.485137,0.510838,0.487701,0.505807,0.492057,0.500263,0.497501,0.495258,0.503248,0.491547,0.508639,0.489443,0.513239,0.488816,0.516838,0.489211,0.519372,0.490032,0.520827,0.490719,0.521151,0.490876,0.520235,0.490342,0.517965,0.489206,0.514358,0.487761,0.509698,0.486408,0.504584,0.485523,0.499835,0.485341,0.496256,0.485896,0.494376,0.487066,0.494259,0.488689,0.495489,0.490684,0.497321,0.493106,0.498938,0.496074,0.499696,0.499641,0.499302,0.50367,0.497852,0.50782,0.495757,0.511637,0.493594,0.514709,0.491934,0.516778,0.491203,0.51778,0.491599,0.517794,0.493083,0.516974,0.495402,0.515471,0.498125,0.513339,0.500621,0.510414,0.501956,0.506131,0.500733,0.499357,0.494967,0.488335,0.482156,0.470852,0.459698,0.444632,0.425733,0.407739,0.380293,0.357946,0.325301,0.287901,0.228034,0.253042
0.939818,0.122222,0.396227,0.257002,0.392454,0.342968,0.415573,0.404537,0.437357,0.44805,0.454607,0.477026,0.467013,0.494914,0.475046,0.505076,0.479429,0.5103,0.480949,0.512509,0.480402,0.512804,0.478575,0.511723,0.47621,0.509546,0.473932,0.506526,0.472188,0.502995,0.471244,0.499383,0.471226,0.49619,0.472226,0.49398,0.474397,0.49343,0.478107,0.495505,0.484115,0.500639,0.485457,0.4962,0.481847,0.494433,0.479795,0.494537,0.478372,0.49526,0.477364,0.495848,0.476985,0.495953,0.47758,0.495569,0.479384,0.494894,0.482395,0.494155,0.486347,0.493491,0.4908,0.492947,0.495261,0.492563,0.499308,0.492467,0.50265,0.492888,0.505149,0.494055,0.506775,0.496049,0.507546,0.498707,0.50747,0.50163,0.506518,0.504309,0.504665,0.506289,0.501962,0.507305,0.49862,0.507319,0.495036,0.506499,0.491751,0.505139,0.48933,0.503586,0.488236,0.502171,0.488719,0.501142,0.490785,0.500599,0.494238,0.500459,0.498765,0.500474,0.504029,0.500331,0.509729,0.499802,0.515601,0.498881,0.521381,0.497826,0.526743,0.497084,0.531282,0.497127,0.534544,0.498283,0.536119,0.500635,0.53575,0.50402,0.533429,0.508101,0.529414,0.512462,0.5242,0.516684,0.518419,0.520401,0.512741,0.523329,0.507776,0.525301,0.504002,0.526285,0.501698,0.526397,0.500914,0.525862,0.501419,0.524842,0.502409,0.522682,0.501675,0.518038,0.49897,0.513089,0.496129,0.509171,0.493875,0.506504,0.492704,0.504825,0.493053,0.503553,0.495147,0.501984,0.498858,0.499598,0.503668,0.496293,0.508686,0.492437,0.512814,0.488778,0.515066,0.486233,0.514873,0.485577,0.512262,0.487174,0.507833,0.490874,0.502571,0.496099,0.497556,0.502065,0.493668,0.508014,0.491376,0.513375,0.490669,0.517806,0.491136,0.521161,0.492148,0.523395,0.493064,0.524477,0.493399,0.524319,0.492929,0.522786,0.491708,0.519794,0.490021,0.515454,0.488282,0.510189,0.486904,0.504725,0.486169,0.499928,0.486161,0.496537,0.486779,0.494919,0.487849,0.494952,0.489257,0.496084,0.491029,0.497536,0.493302,0.498553,0.496197,0.498627,0.49968,0.497606,0.50349,0.495698,0.507202,0.493371,0.510367,0.491206,0.512658,0.48973,0.513941,0.489296,0.514254,0.490016,0.513735,0.491763,0.51255,0.494206,0.510817,0.496828,0.508515,0.498884,0.505335,0.499263,0.500497,0.496334,0.492624,0.487879,0.479796,0.471301,0.45986,0.444232,0.430881,0.405477,0.39106,0.355359,0.334763,0.288647,0.213976,0.211859
0.0590105,0.314584,0.207566,0.381581,0.307273,0.403007,0.377053,0.425827,0.427425,0.445731,0.462173,0.460994,0.484511,0.471587,0.497821,0.478113,0.505182,0.481346,0.508907,0.482081,0.510411,0.481084,0.510381,0.479084,0.509094,0.476727,0.506716,0.47453,0.503485,0.472852,0.499775,0.471913,0.496088,0.471856,0.493008,0.472818,0.491168,0.474973,0.491188,0.478419,0.493232,0.481891,0.493814,0.480642,0.492692,0.478831,0.492886,0.477364,0.49386,0.476135,0.49482,0.475278,0.49527,0.475143,0.495087,0.476081,0.49444,0.478268,0.493614,0.48161,0.49283,0.485767,0.492169,0.490264,0.491624,0.494613,0.491218,0.49843,0.491086,0.50148,0.491456,0.503676,0.492526,0.505021,0.494331,0.505543,0.496677,0.505241,0.499188,0.504087,0.50143,0.502085,0.503058,0.49935,0.503893,0.496183,0.503937,0.493057,0.503342,0.490546,0.502349,0.489191,0.501241,0.489369,0.500282,0.491211,0.499654,0.494595,0.499394,0.499202,0.499368,0.504616,0.499323,0.510422,0.498998,0.516272,0.498279,0.521893,0.497287,0.527052,0.496367,0.531503,0.495972,0.534959,0.496492,0.537113,0.498126,0.537704,0.500835,0.536599,0.504387,0.533857,0.508438,0.529749,0.512615,0.52472,0.516565,0.519323,0.519986,0.514142,0.52265,0.509715,0.524423,0.506452,0.525286,0.504551,0.525315,0.503927,0.524599,0.504094,0.522998,0.503949,0.519919,0.502384,0.515782,0.500044,0.511935,0.497807,0.509041,0.496298,0.507154,0.496038,0.505881,0.497336,0.504529,0.500152,0.502443,0.50413,0.49937,0.508606,0.495535,0.51263,0.491556,0.515202,0.488308,0.515609,0.486668,0.513665,0.48722,0.509766,0.490063,0.504765,0.494809,0.499725,0.500742,0.495614,0.507063,0.493049,0.513081,0.492163,0.518321,0.492628,0.522527,0.493806,0.525595,0.494979,0.527488,0.49556,0.528139,0.495232,0.527416,0.493998,0.525171,0.49213,0.52137,0.490064,0.516244,0.488256,0.510364,0.487042,0.504564,0.486549,0.499715,0.486697,0.496456,0.487294,0.494984,0.488177,0.495017,0.489328,0.495913,0.490881,0.496902,0.493019,0.49732,0.495814,0.496782,0.499119,0.495257,0.502572,0.493036,0.505717,0.490623,0.508165,0.488584,0.509706,0.487391,0.510317,0.487314,0.51011,0.48837,0.509247,0.49034,0.507879,0.492811,0.506073,0.495176,0.503707,0.496559,0.500295,0.495654,0.494824,0.490586,0.485708,0.47894,0.470986,0.458132,0.448809,0.426197,0.41798,0.382864,0.37779,0.329618,0.328637,0.233213,0.442061
0.628636,0.161564,0.377878,0.275871,0.389577,0.349191,0.412664,0.404904,0.435142,0.445188,0.453494,0.472235,0.466951,0.48906,0.475899,0.498847,0.481103,0.504258,0.483379,0.507072,0.483498,0.508208,0.482177,0.507996,0.480058,0.506524,0.477687,0.503903,0.475488,0.500402,0.473756,0.496474,0.472699,0.492715,0.472487,0.489787,0.473278,0.488313,0.475122,0.488602,0.477527,0.489824,0.47845,0.490082,0.477554,0.490685,0.476345,0.491971,0.475107,0.493341,0.473966,0.494206,0.473232,0.494303,0.473325,0.493726,0.474587,0.492784,0.47713,0.491794,0.480782,0.490932,0.485143,0.490214,0.489707,0.489596,0.49399,0.489107,0.497635,0.488903,0.500445,0.489215,0.502371,0.490213,0.503438,0.491892,0.503684,0.494044,0.503117,0.496324,0.501735,0.498369,0.499602,0.499903,0.496921,0.500789,0.494076,0.501027,0.491595,0.500731,0.490046,0.500091,0.489902,0.499344,0.491425,0.498712,0.494607,0.498332,0.499183,0.4982,0.504713,0.498162,0.510691,0.497987,0.516662,0.497496,0.522283,0.496684,0.527335,0.495772,0.531672,0.495142,0.535163,0.495197,0.537641,0.496217,0.538913,0.498273,0.538806,0.501236,0.537242,0.504837,0.534294,0.508759,0.530204,0.512681,0.525366,0.516315,0.520282,0.519414,0.515492,0.52179,0.511494,0.523334,0.508642,0.524013,0.507037,0.523843,0.506439,0.522794,0.506192,0.520681,0.505399,0.517506,0.503804,0.514055,0.501938,0.511142,0.500432,0.50912,0.499872,0.507856,0.50066,0.506767,0.502808,0.505058,0.505983,0.502284,0.509742,0.498586,0.513378,0.494478,0.515969,0.49074,0.516716,0.488263,0.515251,0.487787,0.511773,0.489651,0.506983,0.493691,0.501884,0.499331,0.497493,0.505788,0.494558,0.512297,0.49337,0.518261,0.493715,0.523301,0.494987,0.527231,0.496409,0.529977,0.497283,0.531482,0.497177,0.531629,0.496011,0.530243,0.494028,0.52718,0.491686,0.522488,0.489492,0.516541,0.487847,0.510059,0.486935,0.50395,0.486701,0.499055,0.486931,0.495882,0.487401,0.494464,0.488024,0.494389,0.488901,0.494971,0.490251,0.495479,0.492253,0.495344,0.494892,0.494296,0.497908,0.4924,0.500881,0.490009,0.503381,0.487647,0.505121,0.48585,0.506009,0.485023,0.506113,0.485337,0.505582,0.486707,0.504576,0.488822,0.503209,0.491186,0.501478,0.493097,0.499123,0.493528,0.49545,0.490957,0.489212,0.483269,0.478681,0.467911,0.462057,0.442432,0.438201,0.405477,0.407615,0.359156,0.372567,0.330947,0.289818,0.785421
0.458247,0.303499,0.269987,0.372062,0.324886,0.396813,0.381747,0.422248,0.426513,0.44412,0.458242,0.460844,0.478881,0.472555,0.491395,0.480005,0.498674,0.484067,0.502874,0.485556,0.505226,0.485195,0.506198,0.483621,0.505843,0.481384,0.504134,0.478934,0.501184,0.476621,0.497343,0.474708,0.493173,0.473418,0.489375,0.472951,0.486654,0.473432,0.485517,0.474697,0.485893,0.475901,0.486831,0.475958,0.487972,0.475262,0.489622,0.474237,0.491422,0.473035,0.492764,0.471903,0.493244,0.471262,0.492833,0.471575,0.491807,0.473164,0.490562,0.476079,0.489397,0.480076,0.488419,0.484693,0.487588,0.489384,0.486851,0.493656,0.486266,0.497167,0.486019,0.499751,0.486338,0.501387,0.487362,0.502129,0.489051,0.502038,0.491186,0.501153,0.493449,0.49953,0.495524,0.497314,0.497168,0.494798,0.498246,0.492433,0.498733,0.490766,0.498703,0.49032,0.498318,0.491464,0.497792,0.49432,0.497332,0.498724,0.49705,0.50427,0.496922,0.510408,0.496796,0.516582,0.496488,0.522346,0.495903,0.527427,0.495133,0.531712,0.494453,0.535177,0.49423,0.537801,0.494784,0.539506,0.496272,0.540156,0.498657,0.539607,0.50175,0.53778,0.505284,0.534726,0.508983,0.530658,0.512585,0.525945,0.515859,0.521076,0.518605,0.516583,0.520665,0.512944,0.521938,0.510449,0.52237,0.509089,0.521925,0.508496,0.520545,0.508017,0.518227,0.507118,0.515355,0.505845,0.51262,0.504642,0.510553,0.504083,0.509297,0.504667,0.508504,0.506503,0.507324,0.509132,0.504936,0.51213,0.501422,0.515162,0.497309,0.517512,0.493282,0.51836,0.490165,0.517192,0.488768,0.514016,0.489619,0.509372,0.492791,0.504172,0.497896,0.499445,0.504234,0.496044,0.511019,0.494417,0.517558,0.494493,0.523358,0.495739,0.528132,0.497354,0.531747,0.498537,0.534135,0.498719,0.535196,0.497707,0.534751,0.495686,0.532589,0.493118,0.528602,0.490565,0.522956,0.488511,0.516188,0.487214,0.509149,0.486662,0.502786,0.486628,0.497867,0.486822,0.494752,0.487061,0.493324,0.487377,0.49308,0.487987,0.493321,0.489152,0.493374,0.490998,0.492764,0.493404,0.491319,0.496027,0.489185,0.498435,0.486764,0.50028,0.484583,0.501392,0.483133,0.501785,0.482731,0.501582,0.483437,0.500942,0.485058,0.499997,0.487197,0.498809,0.48928,0.49727,0.490498,0.494943,0.489649,0.490897,0.484977,0.483668,0.47415,0.471517,0.454555,0.453085,0.423965,0.42858,0.381436,0.402634,0.327581,0.40556,0.231054,0.931299
0.876039,0.223433,0.3721,0.305441,0.376948,0.359327,0.405997,0.406714,0.432291,0.442744,0.452894,0.467384,0.467805,0.482936,0.477825,0.492302,0.483928,0.49797,0.487019,0.50154,0.487867,0.503718,0.487117,0.5046,0.485313,0.504044,0.482913,0.501984,0.480287,0.498601,0.477738,0.494364,0.475534,0.489967,0.473929,0.486205,0.473148,0.483772,0.473247,0.483001,0.473892,0.483608,0.474328,0.484988,0.474155,0.486933,0.473495,0.489121,0.472443,0.490958,0.471151,0.491917,0.469969,0.4918,0.469406,0.490793,0.469961,0.489309,0.471927,0.487767,0.475289,0.486413,0.479715,0.485284,0.484668,0.48431,0.489547,0.483459,0.493837,0.482833,0.497205,0.482644,0.499516,0.483105,0.50079,0.484313,0.501121,0.486188,0.500614,0.488499,0.499368,0.490943,0.497518,0.49322,0.495296,0.495088,0.493075,0.496393,0.491342,0.497078,0.490625,0.497198,0.491365,0.496916,0.4938,0.496453,0.49789,0.496017,0.503311,0.495715,0.509524,0.495516,0.515908,0.495286,0.521908,0.494897,0.527154,0.494329,0.531496,0.493738,0.534959,0.493412,0.537637,0.493663,0.539588,0.494704,0.540766,0.496579,0.541033,0.499172,0.54022,0.502266,0.538219,0.505621,0.535059,0.509011,0.530945,0.512235,0.52626,0.515111,0.521518,0.517475,0.51727,0.519193,0.513969,0.520161,0.511829,0.520309,0.510732,0.519588,0.510243,0.518004,0.509822,0.515761,0.509191,0.513351,0.5085,0.511334,0.508196,0.510066,0.508825,0.509518,0.510695,0.50905,0.513326,0.507322,0.515728,0.503984,0.517997,0.499883,0.51988,0.495705,0.520622,0.492152,0.51959,0.490002,0.51661,0.489898,0.512053,0.492124,0.506719,0.496502,0.501614,0.502474,0.497666,0.509289,0.495467,0.516204,0.495109,0.522629,0.496172,0.528175,0.497876,0.532636,0.499338,0.535909,0.499852,0.537901,0.499078,0.538446,0.497105,0.537302,0.494371,0.534245,0.491484,0.529245,0.489017,0.522623,0.48733,0.515081,0.486481,0.507572,0.486252,0.501035,0.486296,0.496128,0.48632,0.493061,0.486247,0.491591,0.486242,0.491156,0.486609,0.49107,0.4876,0.490725,0.489253,0.489733,0.491348,0.488009,0.493497,0.485772,0.495319,0.483458,0.496572,0.48158,0.497203,0.480562,0.497303,0.48061,0.497019,0.481664,0.49649,0.48343,0.495804,0.485433,0.494942,0.487023,0.493652,0.487264,0.491273,0.484757,0.486617,0.477504,0.478062,0.463005,0.464026,0.438682,0.443904,0.402489,0.419694,0.352785,0.398027,0.28259,0.33523,0.215486
0.593696,0.251731,0.304411,0.342974,0.338544,0.384301,0.386194,0.41718,0.425922,0.442643,0.454647,0.46134,0.473553,0.474324,0.485286,0.48275,0.492545,0.48767,0.497321,0.489945,0.500653,0.490262,0.502784,0.489169,0.503525,0.487116,0.502635,0.484476,0.500083,0.481565,0.496172,0.478674,0.491523,0.476106,0.48697,0.474167,0.483368,0.473092,0.481348,0.472868,0.481067,0.47309,0.482161,0.473195,0.484146,0.472906,0.486575,0.472144,0.488843,0.470919,0.490322,0.469444,0.490631,0.468179,0.489791,0.467722,0.488163,0.468592,0.486239,0.471046,0.484414,0.474976,0.482863,0.479942,0.481574,0.485304,0.480477,0.490393,0.479587,0.494672,0.479049,0.497823,0.479083,0.499758,0.479868,0.500555,0.481443,0.500371,0.483684,0.499379,0.486341,0.497757,0.489105,0.495727,0.49167,0.493604,0.493775,0.491811,0.495236,0.490843,0.495986,0.491169,0.496092,0.493116,0.495745,0.496768,0.495199,0.501912,0.494676,0.508069,0.494284,0.514598,0.493994,0.52086,0.493697,0.526367,0.493312,0.530885,0.49288,0.534423,0.492582,0.537143,0.492683,0.539224,0.493413,0.540742,0.494877,0.541623,0.497024,0.541674,0.499687,0.540677,0.502654,0.538493,0.505727,0.535151,0.508736,0.530888,0.511536,0.526144,0.513987,0.521485,0.515956,0.517482,0.517319,0.514551,0.517972,0.512814,0.517842,0.512061,0.516909,0.511847,0.515281,0.511756,0.513284,0.511661,0.511406,0.511791,0.510108,0.512637,0.509649,0.51471,0.509864,0.51794,0.509478,0.520485,0.50639,0.52186,0.502147,0.523038,0.497837,0.523489,0.494009,0.522462,0.491303,0.519602,0.490377,0.515096,0.491665,0.509618,0.495199,0.50412,0.500595,0.499575,0.507195,0.496698,0.514254,0.495747,0.521118,0.49645,0.527309,0.498093,0.532539,0.499757,0.536659,0.500608,0.539567,0.500142,0.541114,0.498313,0.541052,0.49549,0.539088,0.492303,0.535029,0.489412,0.528969,0.487296,0.521403,0.486117,0.513187,0.485707,0.50533,0.485683,0.498716,0.485648,0.49387,0.485383,0.490859,0.484952,0.489342,0.484643,0.488726,0.4848,0.488354,0.485618,0.487685,0.487034,0.486412,0.488754,0.484535,0.490403,0.482331,0.491685,0.480259,0.49248,0.478792,0.492832,0.478258,0.492875,0.478736,0.492744,0.480046,0.492539,0.481805,0.492281,0.483475,0.491833,0.484321,0.490745,0.483258,0.488089,0.478666,0.482426,0.468329,0.472066,0.449667,0.455758,0.420249,0.433802,0.378188,0.409993,0.320299,0.404954,0.208546,0.812102
0.225731,0.230841,0.288712,0.31436,0.354358,0.364489,0.397784,0.40777,0.429597,0.440667,0.452838,0.463261,0.469255,0.477713,0.480323,0.486772,0.487304,0.492781,0.491207,0.497176,0.492799,0.500468,0.492657,0.502525,0.491229,0.502978,0.488874,0.501577,0.485903,0.498396,0.482608,0.493903,0.479309,0.488892,0.476372,0.484317,0.47417,0.481051,0.472936,0.479609,0.472576,0.479958,0.472628,0.481619,0.472578,0.48402,0.472126,0.486541,0.471128,0.48849,0.469612,0.489307,0.467895,0.4888,0.466564,0.48719,0.466298,0.484965,0.467626,0.482638,0.470729,0.480551,0.475372,0.47882,0.480972,0.477408,0.486769,0.47628,0.492025,0.4755,0.496189,0.475241,0.498985,0.475703,0.500397,0.477003,0.500586,0.479116,0.499793,0.481868,0.498278,0.484979,0.496303,0.488121,0.494173,0.490963,0.492265,0.493216,0.491029,0.494685,0.490928,0.495318,0.492343,0.495231,0.495458,0.49467,0.500181,0.493936,0.506128,0.493267,0.512686,0.49277,0.519165,0.492416,0.524975,0.492118,0.529763,0.491832,0.533473,0.491631,0.536277,0.491696,0.538441,0.492238,0.540165,0.493397,0.541479,0.495177,0.542226,0.497459,0.542136,0.500053,0.540937,0.502776,0.538487,0.505481,0.534852,0.508059,0.530347,0.510411,0.525497,0.512433,0.520932,0.514011,0.517229,0.51503,0.51474,0.515387,0.513492,0.515023,0.513202,0.513972,0.513442,0.51243,0.513899,0.510769,0.514555,0.509452,0.515731,0.508902,0.517994,0.50941,0.521879,0.510739,0.52641,0.509096,0.526829,0.504229,0.52691,0.499597,0.526859,0.495563,0.525734,0.492484,0.522949,0.490915,0.518497,0.491354,0.512899,0.494006,0.507034,0.498679,0.501883,0.504844,0.498263,0.511809,0.496591,0.518893,0.49676,0.525552,0.498171,0.531425,0.499915,0.536308,0.501063,0.540077,0.500949,0.542595,0.499356,0.543627,0.496542,0.542848,0.493113,0.539945,0.489796,0.534809,0.487196,0.527697,0.485612,0.519284,0.484967,0.51054,0.48489,0.502481,0.484896,0.495894,0.484623,0.491164,0.483984,0.488232,0.483191,0.486686,0.482622,0.485924,0.482603,0.485327,0.483242,0.484418,0.484384,0.482976,0.485705,0.481076,0.486889,0.479047,0.487752,0.477343,0.488286,0.476366,0.4886,0.476322,0.488831,0.477155,0.489081,0.478577,0.489384,0.480138,0.489662,0.481244,0.489613,0.481061,0.488533,0.478324,0.485195,0.471188,0.47794,0.457287,0.465121,0.434107,0.445909,0.399592,0.421104,0.352991,0.391302,0.304866,0.301617,0.53314
0.478107,0.199885,0.291305,0.315728,0.340095,0.373549,0.387933,0.413403,0.425319,0.442039,0.451976,0.462404,0.469581,0.476458,0.480762,0.485744,0.488116,0.491461,0.493503,0.494505,0.497804,0.495514,0.501072,0.494949,0.502909,0.49316,0.502871,0.490433,0.500779,0.487044,0.496872,0.483301,0.491811,0.479592,0.486558,0.476379,0.482158,0.474096,0.479443,0.472941,0.478742,0.472675,0.479745,0.472681,0.48179,0.472447,0.484269,0.471719,0.486511,0.470357,0.487824,0.468463,0.487779,0.466496,0.486381,0.465182,0.484017,0.465269,0.481251,0.467253,0.478575,0.471191,0.476273,0.476674,0.474421,0.482949,0.472993,0.489127,0.471997,0.494419,0.471537,0.498295,0.471781,0.500553,0.472874,0.501281,0.474858,0.500744,0.477634,0.499283,0.480975,0.497247,0.484568,0.49498,0.488051,0.492856,0.491064,0.491289,0.4933,0.490723,0.49458,0.491559,0.494907,0.494058,0.494471,0.498237,0.493595,0.50382,0.492623,0.510261,0.491803,0.516863,0.491229,0.522953,0.490866,0.528063,0.490637,0.53203,0.490523,0.534986,0.490607,0.537238,0.491049,0.53909,0.491992,0.540692,0.493485,0.541972,0.49545,0.542661,0.497722,0.542406,0.500119,0.540914,0.502501,0.538075,0.504782,0.534042,0.506907,0.529241,0.508818,0.524297,0.510434,0.519893,0.511652,0.516583,0.512359,0.514638,0.512462,0.513982,0.511928,0.514277,0.510846,0.515125,0.509466,0.516297,0.50818,0.517876,0.507443,0.520292,0.507747,0.524311,0.509778,0.531028,0.51366,0.533582,0.506599,0.531449,0.501012,0.530568,0.496703,0.529247,0.493385,0.526529,0.491361,0.522169,0.491099,0.51652,0.492914,0.510357,0.496787,0.504647,0.50235,0.500274,0.509001,0.497798,0.516077,0.497287,0.522997,0.49829,0.529342,0.499963,0.534856,0.501327,0.539388,0.501572,0.542803,0.500296,0.544887,0.497601,0.545312,0.494018,0.543693,0.490302,0.539755,0.487173,0.53352,0.485082,0.525431,0.484093,0.516323,0.483896,0.507232,0.483969,0.499126,0.483814,0.492671,0.483174,0.488116,0.482126,0.485298,0.481011,0.48376,0.480238,0.482904,0.480076,0.482154,0.480532,0.481104,0.481388,0.479613,0.482341,0.477829,0.483166,0.476112,0.483797,0.474878,0.484312,0.474426,0.484844,0.474819,0.485502,0.475874,0.486326,0.477219,0.487262,0.47836,0.488089,0.478644,0.48828,0.47711,0.486825,0.472292,0.482192,0.462155,0.472561,0.444303,0.456433,0.416513,0.433407,0.377388,0.404269,0.326265,0.371437,0.230199,0.538115
0.455183,0.194326,0.286149,0.307544,0.345824,0.365684,0.394224,0.408381,0.428898,0.439519,0.453653,0.460769,0.471018,0.474516,0.482843,0.483462,0.49055,0.48985,0.495193,0.495003,0.497511,0.499288,0.498004,0.502405,0.49702,0.5038,0.494824,0.503054,0.491654,0.500129,0.487786,0.495465,0.48359,0.489928,0.479565,0.484629,0.476282,0.480654,0.474213,0.478721,0.473436,0.478842,0.473392,0.480283,0.473245,0.482349,0.472692,0.484562,0.471559,0.486223,0.469727,0.486684,0.467418,0.485674,0.465267,0.483387,0.464139,0.480334,0.464809,0.477107,0.467677,0.47416,0.472617,0.471731,0.479005,0.469882,0.485902,0.468615,0.492313,0.467975,0.497432,0.468073,0.500796,0.469035,0.502321,0.470926,0.502219,0.473701,0.500878,0.477192,0.498738,0.481121,0.49623,0.485135,0.493769,0.488838,0.491772,0.491843,0.490669,0.493852,0.490866,0.494738,0.492673,0.494592,0.496198,0.493705,0.501276,0.492474,0.507449,0.491272,0.514045,0.490337,0.520346,0.489737,0.525777,0.489419,0.530055,0.489309,0.533232,0.4894,0.535606,0.489776,0.537553,0.490558,0.53934,0.491818,0.541005,0.493521,0.542332,0.495527,0.54294,0.497654,0.542423,0.499749,0.540504,0.501729,0.537157,0.503569,0.532658,0.505259,0.527564,0.506768,0.522598,0.508028,0.518465,0.508935,0.515668,0.509378,0.514373,0.509275,0.514407,0.508627,0.51539,0.507568,0.516957,0.506384,0.518956,0.505478,0.521565,0.505338,0.525347,0.5067,0.531683,0.512291,0.548612,0.510835,0.536711,0.502163,0.53437,0.497361,0.532769,0.493883,0.530141,0.491583,0.525952,0.490798,0.52036,0.491883,0.514019,0.494957,0.507849,0.499814,0.502774,0.505973,0.499473,0.512826,0.498184,0.519788,0.498625,0.526406,0.500064,0.532381,0.501528,0.537535,0.502101,0.541731,0.501199,0.544775,0.498738,0.546356,0.495119,0.54606,0.491074,0.543491,0.487401,0.538463,0.484709,0.531173,0.48323,0.522247,0.482777,0.51264,0.48285,0.503395,0.482857,0.495395,0.48237,0.489173,0.481289,0.484854,0.47985,0.482199,0.47848,0.480721,0.477569,0.479836,0.477295,0.479018,0.477579,0.477933,0.478181,0.476524,0.47886,0.474998,0.4795,0.473714,0.480136,0.473011,0.480894,0.473055,0.481894,0.473766,0.483183,0.474856,0.484717,0.475904,0.486316,0.476381,0.487567,0.47556,0.487656,0.47232,0.485231,0.464997,0.478472,0.451443,0.465492,0.429434,0.445067,0.397332,0.417336,0.354793,0.381998,0.307883,0.287269,0.458399
0.163222,0.197469,0.26858,0.314044,0.341253,0.372986,0.389801,0.413775,0.425683,0.443078,0.451056,0.463961,0.467906,0.478518,0.478841,0.488366,0.486375,0.494729,0.492286,0.498471,0.497361,0.500164,0.501539,0.500176,0.504282,0.498753,0.504992,0.496095,0.503353,0.492428,0.499519,0.488072,0.494153,0.483506,0.488312,0.479368,0.483226,0.476341,0.47997,0.474879,0.479043,0.474752,0.479867,0.474731,0.481212,0.47415,0.482934,0.473149,0.484627,0.471507,0.485501,0.46914,0.484986,0.466453,0.482993,0.464278,0.479877,0.463585,0.476236,0.465107,0.472657,0.469074,0.469558,0.475117,0.467148,0.482373,0.465492,0.489732,0.46462,0.496136,0.464586,0.500818,0.465466,0.503435,0.467312,0.504049,0.470096,0.503019,0.473692,0.500851,0.477867,0.498074,0.482302,0.495188,0.486598,0.492654,0.490329,0.490917,0.493104,0.490392,0.494666,0.491422,0.49498,0.494191,0.494253,0.498632,0.492879,0.504385,0.491314,0.510834,0.489935,0.517244,0.488943,0.522954,0.488364,0.527561,0.48812,0.531008,0.488139,0.533547,0.488424,0.535587,0.48905,0.537492,0.490095,0.539417,0.49156,0.54124,0.493337,0.542599,0.495247,0.543025,0.497118,0.542101,0.498845,0.53962,0.500408,0.535678,0.501834,0.530703,0.503146,0.525385,0.504324,0.520516,0.505293,0.516793,0.505945,0.514631,0.506169,0.514082,0.505899,0.514879,0.505171,0.516615,0.504157,0.518957,0.503168,0.521823,0.502618,0.52545,0.503017,0.530424,0.505123,0.537694,0.509166,0.540308,0.502443,0.53773,0.497422,0.535982,0.49389,0.533527,0.491475,0.529622,0.490354,0.524234,0.490858,0.517875,0.493199,0.511396,0.497314,0.505732,0.502859,0.501651,0.509308,0.499546,0.516107,0.499314,0.52279,0.500368,0.529031,0.501797,0.534633,0.502629,0.539455,0.502127,0.543323,0.500004,0.545955,0.496491,0.546935,0.492233,0.545798,0.488056,0.542195,0.484702,0.536085,0.482589,0.527853,0.481698,0.518285,0.481619,0.508396,0.481731,0.499191,0.481465,0.491439,0.480526,0.485544,0.478991,0.48153,0.477228,0.479097,0.475691,0.477743,0.474709,0.476905,0.474362,0.476111,0.474515,0.47511,0.474949,0.47392,0.475512,0.472782,0.476194,0.472014,0.4771,0.471841,0.478359,0.47228,0.480039,0.473129,0.482103,0.474029,0.484389,0.474539,0.486553,0.474096,0.48793,0.471863,0.487368,0.466534,0.48316,0.456279,0.47325,0.438991,0.455803,0.412896,0.430131,0.37722,0.398283,0.331102,0.377171,0.235226,0.717921
0.207181,0.221646,0.283974,0.31974,0.352103,0.370475,0.397692,0.410393,0.431062,0.440158,0.455404,0.460678,0.472776,0.474136,0.484867,0.48313,0.493035,0.489832,0.498276,0.49551,0.501259,0.500472,0.502395,0.504339,0.501932,0.50645,0.500036,0.506257,0.496874,0.503607,0.492696,0.498874,0.487918,0.492943,0.483166,0.487043,0.479237,0.482487,0.47691,0.480302,0.476539,0.480586,0.477114,0.481408,0.476356,0.482059,0.475158,0.483262,0.47365,0.484286,0.471428,0.484251,0.468529,0.482718,0.465598,0.479786,0.463654,0.475949,0.463698,0.471853,0.466336,0.468073,0.471551,0.464994,0.478691,0.462809,0.486658,0.461591,0.494217,0.461371,0.500309,0.462173,0.504274,0.464003,0.50593,0.466818,0.50551,0.470504,0.503518,0.474866,0.500561,0.479621,0.49724,0.484404,0.4941,0.488783,0.491634,0.492309,0.49029,0.494621,0.490446,0.495544,0.492349,0.495166,0.496024,0.493821,0.501212,0.491993,0.507366,0.490165,0.513764,0.488681,0.519682,0.487684,0.524603,0.487144,0.528348,0.486964,0.531092,0.487079,0.533238,0.487505,0.535219,0.488307,0.537306,0.489513,0.539487,0.491056,0.541465,0.492775,0.542756,0.494476,0.542847,0.496021,0.541365,0.497365,0.538214,0.498549,0.533648,0.499636,0.528252,0.50066,0.52283,0.501589,0.518212,0.502335,0.515043,0.502777,0.513627,0.502809,0.51389,0.502388,0.515487,0.501586,0.517989,0.500612,0.521098,0.499793,0.524765,0.499525,0.529186,0.500193,0.534568,0.501742,0.539698,0.500583,0.539716,0.496609,0.538462,0.493314,0.536384,0.49096,0.532917,0.489687,0.527907,0.489783,0.521726,0.491503,0.515132,0.494903,0.509044,0.499771,0.504293,0.505685,0.5014,0.512145,0.500437,0.518695,0.500987,0.525003,0.502244,0.530858,0.503241,0.536124,0.503127,0.540646,0.501428,0.544174,0.498171,0.546316,0.493857,0.546577,0.489281,0.544495,0.485266,0.539828,0.482407,0.532712,0.480887,0.523714,0.480449,0.513729,0.480516,0.503784,0.480434,0.4948,0.479731,0.487426,0.478289,0.481952,0.476348,0.478315,0.474359,0.476172,0.472754,0.475012,0.471772,0.474303,0.471411,0.473638,0.471516,0.472846,0.471925,0.472005,0.472584,0.471352,0.473567,0.471121,0.475004,0.4714,0.476987,0.472064,0.479497,0.472822,0.482386,0.473291,0.485345,0.47302,0.487815,0.471388,0.488826,0.467407,0.486855,0.459577,0.479853,0.445987,0.465606,0.424804,0.442471,0.395101,0.41061,0.357695,0.373494,0.320819,0.293165,0.523348
0.734622,0.247542,0.331233,0.337848,0.353347,0.382693,0.393851,0.41839,0.427791,0.445668,0.45248,0.465743,0.469086,0.480098,0.480023,0.490111,0.487724,0.496884,0.493928,0.501192,0.49941,0.503518,0.504094,0.504132,0.507397,0.503181,0.508638,0.500781,0.507387,0.497102,0.503693,0.492464,0.498159,0.487419,0.491873,0.482772,0.486213,0.479483,0.482573,0.478443,0.481975,0.479839,0.483599,0.479879,0.48259,0.477786,0.482482,0.476079,0.483184,0.474047,0.483456,0.47122,0.482447,0.467886,0.479915,0.464951,0.476144,0.463561,0.471734,0.464655,0.46736,0.468614,0.463578,0.475114,0.460747,0.483211,0.459044,0.491615,0.458529,0.499036,0.459197,0.50449,0.461003,0.507483,0.46386,0.508024,0.467637,0.506522,0.472148,0.503604,0.477146,0.499953,0.48231,0.496219,0.487233,0.492974,0.491454,0.490726,0.494534,0.489906,0.496175,0.490826,0.496323,0.493601,0.495208,0.498072,0.493284,0.50378,0.49109,0.510033,0.489094,0.516068,0.487572,0.521264,0.486588,0.525317,0.486064,0.528296,0.485893,0.530567,0.486035,0.532604,0.486523,0.534776,0.487404,0.53719,0.488659,0.539644,0.490159,0.541684,0.491709,0.542748,0.49313,0.542334,0.494333,0.540163,0.495339,0.536289,0.496233,0.531135,0.49709,0.525434,0.497927,0.520072,0.498687,0.51587,0.499258,0.513388,0.49951,0.512796,0.49935,0.513901,0.49877,0.516283,0.497883,0.519506,0.496932,0.523288,0.496241,0.527559,0.496119,0.532314,0.496612,0.537065,0.496737,0.539718,0.494659,0.53976,0.492063,0.538396,0.489988,0.535561,0.488746,0.531121,0.48861,0.525332,0.489851,0.518849,0.49261,0.512547,0.496795,0.507288,0.502096,0.5037,0.508083,0.502011,0.514333,0.50198,0.520519,0.502946,0.526433,0.503997,0.531945,0.504227,0.536927,0.503003,0.541164,0.500144,0.544301,0.495963,0.545845,0.491152,0.545268,0.486558,0.542175,0.482912,0.536479,0.480603,0.528502,0.479577,0.518957,0.479378,0.508798,0.479343,0.49901,0.478868,0.490414,0.477634,0.483541,0.475708,0.478579,0.47346,0.475397,0.471366,0.473615,0.469796,0.472723,0.468895,0.472229,0.468609,0.471799,0.468798,0.471336,0.469377,0.470948,0.47038,0.470821,0.471924,0.471073,0.47412,0.471646,0.476981,0.472309,0.480377,0.472728,0.484023,0.472525,0.487428,0.471233,0.48977,0.468125,0.489729,0.46202,0.4854,0.451245,0.474436,0.433957,0.454539,0.408926,0.424312,0.376619,0.385261,0.338537,0.357616,0.252524,0.715477
0.903208,0.265181,0.362638,0.335628,0.372193,0.375924,0.406186,0.413617,0.435278,0.442893,0.457677,0.463315,0.474192,0.476814,0.486034,0.485908,0.494331,0.49273,0.499953,0.498557,0.50347,0.503736,0.505202,0.507913,0.505304,0.510409,0.503851,0.510601,0.500939,0.508224,0.49678,0.503542,0.49181,0.497378,0.48675,0.491,0.482584,0.485919,0.480454,0.483708,0.481601,0.485924,0.486348,0.485834,0.481565,0.482789,0.478825,0.48243,0.476814,0.482665,0.47423,0.482112,0.470842,0.480114,0.467276,0.476657,0.464665,0.472192,0.464182,0.467404,0.466589,0.462978,0.471963,0.459446,0.479644,0.457134,0.48843,0.456188,0.496909,0.456617,0.503821,0.458341,0.508336,0.461224,0.510165,0.465086,0.509523,0.469726,0.506969,0.474911,0.503223,0.48036,0.499019,0.485716,0.495029,0.490536,0.491843,0.494348,0.489967,0.496759,0.48979,0.497575,0.491524,0.496892,0.49512,0.495078,0.500217,0.492676,0.506176,0.490235,0.51222,0.488161,0.517637,0.486634,0.521992,0.485637,0.525231,0.485058,0.527653,0.484809,0.529739,0.484887,0.53194,0.485344,0.534479,0.486207,0.537264,0.487402,0.539909,0.488758,0.541849,0.490068,0.542501,0.491191,0.541429,0.4921,0.538488,0.492869,0.533902,0.493598,0.528261,0.494345,0.522418,0.495088,0.517298,0.49573,0.513675,0.496137,0.511984,0.496185,0.512257,0.495809,0.514182,0.495048,0.51728,0.494066,0.521107,0.493128,0.525378,0.492523,0.529934,0.492398,0.534481,0.492451,0.538105,0.491715,0.539634,0.490107,0.539298,0.488539,0.537306,0.487504,0.533627,0.487308,0.528446,0.488226,0.522311,0.49045,0.516032,0.493991,0.510472,0.49865,0.506335,0.504079,0.503983,0.5099,0.503348,0.515805,0.503931,0.521597,0.504925,0.527162,0.505426,0.532401,0.504692,0.537141,0.502349,0.541069,0.498497,0.543721,0.493668,0.544543,0.488657,0.543035,0.484272,0.538925,0.481086,0.532304,0.479268,0.523665,0.478551,0.513819,0.478347,0.503725,0.477987,0.494293,0.476984,0.486239,0.475205,0.479982,0.472878,0.475624,0.470454,0.472973,0.468386,0.471619,0.46696,0.471064,0.466243,0.47087,0.466157,0.470778,0.466609,0.470743,0.467589,0.470859,0.469187,0.471225,0.471521,0.471821,0.474636,0.472467,0.478435,0.472872,0.482657,0.472708,0.486855,0.471611,0.490317,0.469056,0.491919,0.464148,0.489966,0.455481,0.482188,0.441273,0.465996,0.419956,0.438994,0.391378,0.399537,0.358839,0.346277,0.337009,0.242612,0.584449
0.606526,0.27618,0.325199,0.35992,0.355301,0.395012,0.396966,0.424846,0.431419,0.44894,0.456367,0.467369,0.473138,0.480957,0.484179,0.490734,0.491903,0.497619,0.498055,0.502275,0.503472,0.505095,0.508166,0.506268,0.511609,0.505859,0.51311,0.503903,0.512159,0.500511,0.508675,0.49598,0.503138,0.49089,0.496566,0.486133,0.490374,0.482852,0.486204,0.482431,0.486217,0.487981,0.498872,0.488111,0.484832,0.481981,0.48229,0.479599,0.482016,0.477292,0.481711,0.474131,0.480267,0.470327,0.477309,0.466839,0.473052,0.46493,0.468093,0.465673,0.463173,0.469553,0.458969,0.47629,0.455977,0.484905,0.454472,0.494006,0.45453,0.502153,0.456073,0.508208,0.458924,0.51155,0.462849,0.512119,0.467599,0.510313,0.472931,0.506809,0.47859,0.502384,0.484268,0.497795,0.48957,0.493724,0.494032,0.490767,0.497203,0.489409,0.498772,0.48997,0.498688,0.492524,0.4972,0.496829,0.494796,0.502326,0.492059,0.508247,0.489491,0.51381,0.487397,0.518449,0.485847,0.52197,0.484761,0.524575,0.484023,0.526723,0.483592,0.52892,0.483511,0.531496,0.483848,0.534477,0.484601,0.537569,0.48565,0.540244,0.486794,0.541885,0.487846,0.541947,0.488719,0.540106,0.489442,0.536377,0.490114,0.531156,0.490816,0.525182,0.491557,0.519392,0.49226,0.514703,0.492789,0.511796,0.493003,0.510965,0.492804,0.51209,0.492177,0.514755,0.491225,0.518437,0.490159,0.522683,0.489252,0.527182,0.488718,0.531657,0.488536,0.535602,0.488294,0.538191,0.487567,0.538969,0.48664,0.537971,0.485966,0.535214,0.485867,0.530837,0.486614,0.525282,0.48843,0.519271,0.491401,0.513642,0.49543,0.509142,0.500258,0.506243,0.505563,0.505031,0.511066,0.505178,0.516585,0.506015,0.522028,0.506695,0.527329,0.506424,0.532361,0.504674,0.536862,0.501334,0.54041,0.496732,0.542456,0.491541,0.542441,0.486567,0.539956,0.482515,0.53489,0.479773,0.527513,0.4783,0.51845,0.477664,0.508556,0.47722,0.498753,0.476369,0.489861,0.474785,0.482488,0.472517,0.476956,0.469921,0.473285,0.467473,0.471229,0.465569,0.470359,0.464409,0.470204,0.464005,0.470388,0.464285,0.470717,0.46521,0.471163,0.46683,0.471765,0.469248,0.472504,0.472535,0.473233,0.476633,0.473693,0.481315,0.47359,0.486169,0.472626,0.490566,0.470426,0.493541,0.466342,0.493636,0.459243,0.488783,0.447489,0.476398,0.429277,0.453695,0.403545,0.417991,0.371815,0.366064,0.341191,0.29273,0.281088,0.306648
0.378675,0.231752,0.343787,0.32475,0.384584,0.376235,0.414899,0.417413,0.439938,0.447756,0.459898,0.468557,0.475085,0.482209,0.486275,0.49129,0.494352,0.497933,0.500055,0.50347,0.503871,0.508363,0.506052,0.51238,0.506685,0.514909,0.505775,0.515307,0.50335,0.513203,0.499569,0.50871,0.494845,0.502504,0.489909,0.49576,0.485785,0.489981,0.483668,0.486814,0.484845,0.487943,0.489655,0.486778,0.484949,0.482782,0.482251,0.481659,0.480194,0.481316,0.477439,0.480323,0.473752,0.477952,0.469794,0.474119,0.466766,0.469247,0.465927,0.464047,0.468124,0.459288,0.473491,0.455619,0.481383,0.45347,0.490566,0.453028,0.499549,0.454267,0.506971,0.456994,0.51189,0.460929,0.513927,0.465763,0.513239,0.471212,0.510371,0.477021,0.506075,0.482924,0.50115,0.488584,0.496358,0.493579,0.492387,0.497443,0.489826,0.499781,0.489116,0.50041,0.49047,0.499438,0.493788,0.497254,0.498626,0.494421,0.504258,0.491498,0.509862,0.488895,0.514748,0.486785,0.51857,0.485143,0.521399,0.483853,0.523642,0.482838,0.525828,0.482121,0.528382,0.481799,0.531445,0.481942,0.534829,0.482514,0.538073,0.48336,0.540569,0.484276,0.541709,0.485117,0.541038,0.485848,0.538376,0.486536,0.533907,0.487264,0.528189,0.488057,0.522079,0.48885,0.516549,0.48951,0.512464,0.48988,0.510377,0.489838,0.510418,0.489339,0.512326,0.488442,0.515592,0.48732,0.519665,0.486225,0.524089,0.485409,0.52852,0.484995,0.532591,0.484857,0.535763,0.484684,0.537479,0.48438,0.537494,0.484163,0.535749,0.484292,0.532321,0.485014,0.527546,0.486554,0.522038,0.489051,0.51658,0.492495,0.511928,0.496716,0.508636,0.501458,0.506922,0.506474,0.506622,0.511606,0.507222,0.516783,0.507979,0.521974,0.508106,0.527099,0.506977,0.531955,0.504293,0.536169,0.500163,0.539223,0.495076,0.540535,0.489759,0.539605,0.48497,0.536161,0.481275,0.530271,0.478872,0.522357,0.477547,0.513125,0.476765,0.503431,0.475895,0.494128,0.474463,0.485942,0.472323,0.479377,0.469684,0.474663,0.466982,0.471745,0.464674,0.470328,0.463081,0.469981,0.462326,0.470274,0.462393,0.470896,0.463233,0.471691,0.464853,0.47261,0.467327,0.473597,0.470728,0.474512,0.475034,0.475114,0.480063,0.475128,0.485442,0.474297,0.4906,0.47235,0.494703,0.468838,0.49651,0.462902,0.494218,0.45312,0.485425,0.437624,0.46732,0.414662,0.436987,0.383778,0.391139,0.349158,0.32205,0.344951,0.186532,0.883058
0.410164,0.285422,0.286675,0.376022,0.349015,0.406145,0.400067,0.431081,0.437041,0.452044,0.462644,0.468632,0.479596,0.481162,0.490607,0.490367,0.498087,0.497016,0.503801,0.501696,0.508691,0.504755,0.512925,0.506335,0.516114,0.506452,0.517622,0.505081,0.516891,0.50227,0.513702,0.498257,0.508353,0.493579,0.501686,0.489088,0.494977,0.485839,0.489687,0.484825,0.487046,0.486297,0.486511,0.486466,0.483485,0.484485,0.481674,0.482769,0.481046,0.480516,0.48031,0.477214,0.478496,0.473182,0.475217,0.469432,0.470659,0.467265,0.465419,0.46779,0.460285,0.471529,0.45602,0.478231,0.453206,0.486936,0.452171,0.496243,0.45298,0.50468,0.455471,0.511051,0.459336,0.51466,0.464208,0.515372,0.469745,0.513523,0.475662,0.509758,0.481711,0.504858,0.487613,0.499624,0.493007,0.494817,0.497452,0.491123,0.500512,0.48911,0.501898,0.489142,0.501578,0.491285,0.499816,0.495244,0.497107,0.500385,0.494022,0.505879,0.491043,0.510941,0.488442,0.515064,0.486265,0.518164,0.484416,0.520552,0.482792,0.522753,0.481385,0.525259,0.4803,0.528323,0.479674,0.531867,0.479573,0.535514,0.479925,0.538693,0.480557,0.540783,0.48129,0.541247,0.482025,0.539755,0.482772,0.536286,0.483589,0.531189,0.484502,0.525162,0.485448,0.519135,0.486286,0.51407,0.486839,0.510733,0.486962,0.509517,0.486588,0.510385,0.485753,0.51294,0.484608,0.51661,0.483393,0.520833,0.482378,0.525165,0.481767,0.529249,0.481595,0.532697,0.481702,0.535053,0.481893,0.535948,0.482153,0.5352,0.482606,0.532791,0.48343,0.52894,0.484825,0.524136,0.486957,0.519075,0.489884,0.514491,0.493521,0.510984,0.497682,0.50888,0.502165,0.508159,0.506832,0.50847,0.511635,0.509202,0.516575,0.509633,0.521622,0.509098,0.52663,0.507157,0.531286,0.503711,0.535114,0.499029,0.53754,0.493686,0.538012,0.488405,0.536145,0.483856,0.531834,0.480456,0.525311,0.478236,0.517108,0.47685,0.507966,0.475729,0.498702,0.474315,0.490088,0.472291,0.482754,0.469691,0.477103,0.466845,0.473277,0.464219,0.471148,0.462224,0.470388,0.461099,0.470583,0.460911,0.471354,0.461631,0.472442,0.463234,0.473696,0.465749,0.474999,0.469232,0.47619,0.473682,0.477026,0.478959,0.477235,0.484738,0.476576,0.4905,0.474844,0.495509,0.47175,0.498709,0.46668,0.498568,0.458476,0.492962,0.44538,0.479241,0.425311,0.454529,0.396481,0.416051,0.358245,0.360395,0.311401,0.277108,0.224776,0.177803
0.861785,0.178391,0.399391,0.309959,0.400952,0.378611,0.422828,0.423998,0.444011,0.455105,0.46176,0.475956,0.475583,0.489492,0.485894,0.498282,0.493416,0.504411,0.498824,0.509261,0.502586,0.513447,0.504945,0.516917,0.505966,0.519189,0.505616,0.519646,0.503868,0.517831,0.500811,0.51368,0.496779,0.507657,0.492413,0.50073,0.488612,0.494189,0.486303,0.489269,0.48597,0.48644,0.486661,0.484172,0.48605,0.482074,0.484902,0.481035,0.483201,0.480325,0.480443,0.478936,0.476661,0.476234,0.472599,0.472142,0.469468,0.467081,0.468511,0.461781,0.470563,0.45706,0.475763,0.453629,0.4835,0.451961,0.492582,0.452242,0.501559,0.454381,0.509081,0.458078,0.514184,0.462925,0.516433,0.468514,0.515905,0.474506,0.513063,0.480644,0.508599,0.48669,0.503293,0.49235,0.497939,0.497237,0.493298,0.50092,0.490046,0.503038,0.488702,0.503437,0.489515,0.502249,0.492374,0.499868,0.496784,0.496834,0.501968,0.493664,0.507081,0.490707,0.51147,0.488085,0.514876,0.485737,0.517474,0.483544,0.519742,0.48146,0.522213,0.479572,0.525238,0.478065,0.528847,0.477105,0.532753,0.476738,0.536442,0.47687,0.539309,0.477334,0.540786,0.477986,0.540447,0.478774,0.538111,0.479708,0.533917,0.480795,0.528362,0.481963,0.522246,0.48305,0.516529,0.48385,0.512111,0.484183,0.509617,0.483955,0.509262,0.483192,0.510841,0.482037,0.513849,0.480731,0.517678,0.479562,0.521788,0.478785,0.525768,0.478535,0.529284,0.478766,0.531988,0.479305,0.533532,0.480004,0.533653,0.480834,0.532236,0.481867,0.529375,0.483246,0.525419,0.48513,0.520947,0.487624,0.516638,0.490721,0.513103,0.494309,0.510743,0.498236,0.509663,0.502391,0.509663,0.506747,0.510281,0.511334,0.510899,0.516165,0.510877,0.521152,0.509696,0.526045,0.507085,0.530418,0.503088,0.533725,0.49807,0.535398,0.492635,0.534973,0.487468,0.532219,0.483138,0.527198,0.479918,0.520274,0.477704,0.512044,0.476073,0.503238,0.474476,0.494613,0.472475,0.486854,0.469926,0.48049,0.467016,0.475828,0.464156,0.47292,0.461803,0.471581,0.460302,0.471469,0.459818,0.472203,0.460372,0.473458,0.461932,0.474995,0.46448,0.476628,0.468036,0.478152,0.472593,0.479302,0.478045,0.479788,0.484115,0.479365,0.49034,0.477861,0.496059,0.475099,0.500364,0.470682,0.501969,0.463729,0.499057,0.45271,0.489246,0.435521,0.469787,0.409842,0.438076,0.37343,0.392416,0.322978,0.332807,0.245177,0.230626,0.11469
0.0712407,0.328973,0.258471,0.396445,0.353688,0.415337,0.409078,0.435848,0.445987,0.454509,0.471046,0.46964,0.487583,0.481117,0.498196,0.489511,0.505119,0.495552,0.51007,0.499844,0.514092,0.502767,0.517534,0.504484,0.520189,0.505009,0.521523,0.504284,0.520962,0.502293,0.518158,0.499183,0.5132,0.495373,0.506692,0.491563,0.499675,0.488594,0.493352,0.487107,0.488614,0.48701,0.485401,0.487095,0.482952,0.486586,0.481426,0.48544,0.480513,0.483278,0.479342,0.479951,0.477134,0.475928,0.473567,0.472233,0.468841,0.470113,0.46357,0.470603,0.458565,0.474179,0.454617,0.480598,0.452332,0.488958,0.45203,0.497952,0.453721,0.506194,0.457151,0.51254,0.461896,0.516291,0.467492,0.517248,0.473533,0.515646,0.479724,0.512017,0.48584,0.507059,0.491649,0.501539,0.496834,0.496244,0.501003,0.491934,0.503768,0.48926,0.504884,0.488657,0.504356,0.490222,0.502463,0.493649,0.499678,0.498274,0.496517,0.50325,0.493382,0.507811,0.490462,0.511521,0.487738,0.514388,0.485084,0.516795,0.482411,0.519279,0.479766,0.522268,0.477346,0.525895,0.475399,0.52996,0.474103,0.534012,0.473488,0.537478,0.473451,0.539792,0.473846,0.540491,0.474573,0.539289,0.475588,0.536155,0.476861,0.531379,0.478297,0.525578,0.479705,0.519613,0.480835,0.51442,0.481456,0.510788,0.481433,0.509171,0.480772,0.509594,0.479618,0.511701,0.47823,0.514916,0.476922,0.518637,0.475994,0.522378,0.475648,0.525791,0.475924,0.528598,0.476698,0.530521,0.477775,0.531297,0.479001,0.530748,0.480327,0.52885,0.481807,0.52581,0.483567,0.522067,0.48573,0.518209,0.48835,0.514823,0.491391,0.512352,0.494758,0.510998,0.498376,0.510694,0.50224,0.511128,0.506404,0.511811,0.510919,0.512179,0.51575,0.511702,0.520705,0.509992,0.525418,0.506896,0.529379,0.502546,0.532025,0.497353,0.532855,0.491916,0.531543,0.48687,0.528021,0.482683,0.5225,0.479506,0.51543,0.477135,0.507427,0.47512,0.499183,0.472979,0.491378,0.470424,0.484606,0.467478,0.479295,0.46445,0.475652,0.46179,0.473651,0.459916,0.473066,0.459098,0.473567,0.459433,0.474815,0.460908,0.476521,0.463473,0.478434,0.467099,0.480297,0.471752,0.481809,0.477335,0.482647,0.483615,0.482535,0.490182,0.481302,0.496444,0.478842,0.501606,0.474932,0.504587,0.468961,0.503868,0.459684,0.497384,0.445166,0.482599,0.422994,0.456905,0.390572,0.418507,0.344632,0.369234,0.276541,0.339394,0.147376,0.818113
0.794427,0.201892,0.407778,0.331547,0.408513,0.394453,0.427286,0.436006,0.446701,0.464923,0.463273,0.484624,0.476108,0.497481,0.485498,0.505645,0.492171,0.510993,0.496868,0.514908,0.500139,0.518144,0.502299,0.520844,0.503458,0.522686,0.503591,0.523114,0.502626,0.521608,0.500572,0.517941,0.497631,0.512341,0.494277,0.505528,0.491198,0.498552,0.489071,0.492461,0.488191,0.48784,0.488119,0.484563,0.487981,0.482383,0.487294,0.481044,0.485678,0.479843,0.482884,0.47796,0.47914,0.474874,0.47524,0.470561,0.472327,0.465467,0.471517,0.460338,0.473531,0.456002,0.478459,0.453163,0.485725,0.452269,0.494248,0.453449,0.502723,0.456522,0.509932,0.461086,0.51498,0.466637,0.517423,0.472703,0.517249,0.478927,0.514785,0.48507,0.510584,0.490938,0.505324,0.49629,0.499761,0.500796,0.494685,0.504083,0.490845,0.50585,0.488841,0.505998,0.488985,0.50469,0.491196,0.502311,0.494983,0.499345,0.499572,0.49622,0.504139,0.493178,0.508092,0.490244,0.511252,0.487293,0.513869,0.48419,0.516436,0.480924,0.519429,0.47766,0.523073,0.474696,0.527253,0.472327,0.531573,0.470733,0.535493,0.469929,0.538465,0.469823,0.540024,0.4703,0.539842,0.471278,0.537784,0.47268,0.533966,0.474381,0.528805,0.476154,0.522999,0.477694,0.517422,0.478702,0.512933,0.478975,0.510166,0.478481,0.509382,0.477361,0.510425,0.475898,0.512822,0.474447,0.515971,0.473359,0.519322,0.472898,0.522481,0.47317,0.525185,0.474105,0.527228,0.475499,0.528401,0.477119,0.528513,0.4788,0.527462,0.480493,0.525319,0.482255,0.522374,0.484201,0.519095,0.486427,0.516008,0.488963,0.513565,0.491781,0.512035,0.494852,0.511459,0.498197,0.511661,0.501892,0.512293,0.506022,0.512902,0.510598,0.513007,0.515482,0.512173,0.520362,0.510101,0.524772,0.506701,0.52817,0.502149,0.530039,0.496871,0.529997,0.491458,0.527879,0.486492,0.523771,0.482351,0.517991,0.479086,0.511032,0.476428,0.503493,0.473943,0.496005,0.471261,0.489166,0.468252,0.48347,0.465089,0.479243,0.462165,0.476599,0.459932,0.475449,0.458748,0.475553,0.458804,0.476611,0.460134,0.478323,0.462682,0.480403,0.46637,0.482554,0.471119,0.484432,0.476817,0.485668,0.483255,0.485936,0.490072,0.485035,0.496738,0.482886,0.502552,0.479396,0.506592,0.474192,0.507604,0.466336,0.50385,0.45416,0.493077,0.435366,0.472749,0.40736,0.440642,0.367467,0.39593,0.311829,0.340447,0.231003,0.244158,0.16369
0.539515,0.32187,0.339291,0.397249,0.385674,0.417392,0.426966,0.437833,0.458105,0.456188,0.480563,0.470761,0.495843,0.481442,0.505658,0.488893,0.511796,0.493975,0.515825,0.497433,0.518841,0.499781,0.521361,0.501283,0.523362,0.502006,0.524432,0.501892,0.524013,0.500865,0.521658,0.498952,0.517261,0.496396,0.511186,0.493679,0.504227,0.491401,0.497396,0.490012,0.491572,0.489507,0.487155,0.489358,0.484085,0.488925,0.482093,0.48772,0.480601,0.485417,0.478816,0.482063,0.476085,0.478217,0.472172,0.474856,0.467333,0.473073,0.462205,0.473727,0.457602,0.477169,0.454293,0.483132,0.452835,0.490805,0.453475,0.499048,0.456128,0.506673,0.460438,0.512687,0.465891,0.516456,0.471957,0.517742,0.478208,0.516653,0.484362,0.51355,0.490237,0.508969,0.495652,0.503573,0.500356,0.498117,0.504019,0.493391,0.506328,0.490121,0.507107,0.488818,0.506414,0.489639,0.504538,0.49232,0.501913,0.496228,0.498965,0.500559,0.495977,0.504613,0.493014,0.508033,0.489961,0.510899,0.48664,0.51362,0.482962,0.516679,0.479029,0.520376,0.475133,0.524676,0.471655,0.529233,0.468919,0.533525,0.4671,0.537014,0.466213,0.539249,0.466186,0.539907,0.466922,0.538816,0.468315,0.535984,0.470206,0.531657,0.472332,0.526345,0.47433,0.520785,0.475816,0.515807,0.476499,0.512144,0.476274,0.510244,0.475255,0.510168,0.473743,0.511606,0.472144,0.514018,0.470874,0.516831,0.470263,0.519593,0.470487,0.522025,0.471523,0.523963,0.473182,0.525269,0.475184,0.525789,0.477266,0.52539,0.479269,0.52404,0.481163,0.521884,0.483021,0.519249,0.484954,0.516571,0.487048,0.514275,0.489343,0.512665,0.491865,0.511864,0.494672,0.511812,0.497868,0.512294,0.501567,0.512988,0.50582,0.513504,0.510536,0.513432,0.515451,0.512397,0.520143,0.510131,0.524093,0.506566,0.526788,0.501896,0.527814,0.496566,0.526943,0.491159,0.524166,0.486212,0.519693,0.482022,0.513905,0.478558,0.507299,0.475525,0.500429,0.472549,0.493852,0.469392,0.488076,0.466087,0.483493,0.462927,0.480326,0.46035,0.478611,0.458778,0.478221,0.458493,0.47893,0.459604,0.480471,0.462075,0.482564,0.465799,0.484893,0.470643,0.487085,0.476457,0.488723,0.483029,0.489419,0.490034,0.488914,0.496999,0.487114,0.5033,0.484003,0.508143,0.479406,0.510487,0.472681,0.508901,0.462477,0.501462,0.446714,0.485825,0.422875,0.459614,0.388538,0.421074,0.341849,0.36935,0.280921,0.300994,0.179398,0.274036
0.741264,0.304789,0.397368,0.387922,0.405309,0.421762,0.427009,0.45165,0.447793,0.475621,0.464733,0.49311,0.477222,0.504838,0.485791,0.512178,0.491396,0.516664,0.494993,0.519613,0.497327,0.521879,0.498878,0.523777,0.499868,0.525141,0.500318,0.525495,0.50014,0.524297,0.499245,0.521191,0.497673,0.516201,0.495675,0.509807,0.493688,0.502843,0.492163,0.496254,0.491315,0.490759,0.490944,0.486647,0.490536,0.483802,0.489557,0.481773,0.487622,0.479837,0.484644,0.477275,0.480987,0.473676,0.477439,0.469099,0.475,0.46404,0.474571,0.45926,0.476671,0.45556,0.481289,0.45358,0.487879,0.453676,0.495516,0.455868,0.503122,0.459866,0.509701,0.465172,0.514509,0.471216,0.517134,0.477498,0.517481,0.483672,0.515708,0.489536,0.512165,0.494951,0.507367,0.499739,0.501968,0.50364,0.496736,0.506359,0.492458,0.507681,0.489804,0.507574,0.489161,0.506238,0.490517,0.504042,0.493445,0.501397,0.497242,0.498608,0.501171,0.495783,0.504733,0.492822,0.50783,0.489513,0.510746,0.485683,0.513931,0.481338,0.517735,0.476713,0.522196,0.472218,0.527014,0.468295,0.531671,0.465283,0.535612,0.463354,0.538387,0.462533,0.539697,0.46276,0.539387,0.463925,0.537434,0.465848,0.533978,0.468238,0.529364,0.470681,0.524157,0.472704,0.519077,0.473906,0.514859,0.474076,0.512067,0.473266,0.510949,0.471768,0.51138,0.470034,0.512942,0.468556,0.515089,0.467751,0.517333,0.467869,0.519357,0.468947,0.521007,0.470819,0.522207,0.47318,0.52287,0.475693,0.52288,0.47809,0.522146,0.480241,0.520692,0.482151,0.518699,0.483914,0.516487,0.485652,0.514422,0.487468,0.512813,0.48945,0.511839,0.491706,0.51153,0.494376,0.511787,0.497607,0.512418,0.501487,0.513154,0.505969,0.513662,0.510827,0.513565,0.515673,0.512489,0.520015,0.510157,0.523344,0.506504,0.525236,0.501745,0.525422,0.496354,0.523831,0.490918,0.520592,0.485927,0.515995,0.481605,0.510442,0.477863,0.5044,0.474417,0.498362,0.470988,0.492803,0.467487,0.488132,0.464091,0.484637,0.461181,0.482451,0.459204,0.481554,0.458523,0.481813,0.459331,0.48303,0.461645,0.484964,0.465351,0.487319,0.470272,0.489718,0.476204,0.491712,0.482908,0.492848,0.49007,0.492789,0.497261,0.491388,0.503925,0.488654,0.509369,0.484558,0.512722,0.478725,0.512819,0.47013,0.508063,0.456979,0.496393,0.436881,0.475496,0.407394,0.443311,0.366965,0.398457,0.316943,0.33853,0.273947,0.224303,0.506463
0.924244,0.309675,0.428672,0.386694,0.424278,0.412812,0.446969,0.437157,0.470255,0.457409,0.489254,0.472484,0.502923,0.482744,0.511811,0.489215,0.517161,0.493062,0.520334,0.495298,0.522436,0.49666,0.524109,0.497587,0.525483,0.498252,0.52627,0.498627,0.525956,0.49858,0.524041,0.498001,0.52028,0.496926,0.514829,0.495579,0.50826,0.494303,0.50142,0.493372,0.495156,0.492801,0.490046,0.492285,0.486242,0.491365,0.48348,0.489638,0.481158,0.486942,0.478555,0.483492,0.475131,0.479906,0.470761,0.477057,0.465783,0.475819,0.460872,0.4768,0.45683,0.480164,0.454362,0.485594,0.45392,0.492381,0.455623,0.499608,0.459264,0.506349,0.464379,0.511838,0.47038,0.515558,0.476702,0.517257,0.482924,0.516903,0.488798,0.514653,0.494193,0.51083,0.498993,0.505934,0.503016,0.500635,0.506015,0.495712,0.507766,0.491932,0.508179,0.489875,0.507368,0.48978,0.505634,0.49147,0.503362,0.494414,0.500872,0.497925,0.498311,0.501422,0.495604,0.50465,0.492519,0.507744,0.488807,0.511086,0.484355,0.515041,0.479297,0.519715,0.474005,0.524853,0.468985,0.529929,0.464722,0.534345,0.461561,0.537613,0.459676,0.539441,0.459097,0.539716,0.459753,0.538451,0.461474,0.535762,0.463957,0.53189,0.466752,0.527243,0.469309,0.522389,0.471106,0.517982,0.4718,0.514611,0.471335,0.512647,0.469956,0.512138,0.468137,0.512817,0.466446,0.514216,0.465399,0.515849,0.465342,0.517363,0.466388,0.518589,0.468408,0.51949,0.471092,0.520051,0.474044,0.52021,0.476903,0.519869,0.479427,0.518962,0.481531,0.517541,0.483266,0.515796,0.48476,0.514006,0.486163,0.512455,0.487631,0.511351,0.489328,0.510791,0.491445,0.510773,0.494171,0.511217,0.497636,0.51198,0.501832,0.512845,0.50657,0.513497,0.511485,0.513536,0.5161,0.512543,0.519912,0.510213,0.522489,0.506488,0.52354,0.50163,0.522956,0.496155,0.520813,0.490652,0.517335,0.485565,0.51285,0.481049,0.507746,0.476987,0.502439,0.473143,0.497347,0.469358,0.492853,0.465696,0.489266,0.462452,0.486777,0.460058,0.485449,0.458931,0.485238,0.459352,0.486028,0.461409,0.487651,0.465017,0.489864,0.469971,0.492324,0.476013,0.494575,0.482853,0.496117,0.490162,0.496526,0.497537,0.495573,0.504477,0.49324,0.510372,0.489587,0.514483,0.484458,0.515863,0.477149,0.513215,0.466187,0.504795,0.449376,0.488486,0.42421,0.462166,0.388732,0.424275,0.343098,0.374439,0.292593,0.323205,0.219022,0.566212
0.751073,0.369327,0.378148,0.431436,0.393898,0.444948,0.423007,0.464936,0.447904,0.484337,0.46663,0.49972,0.479406,0.510387,0.487317,0.517007,0.491733,0.520791,0.493946,0.522966,0.494993,0.524444,0.495584,0.525664,0.496107,0.526589,0.496668,0.526836,0.497171,0.525882,0.497431,0.523303,0.497311,0.518981,0.496816,0.513195,0.496111,0.506587,0.495414,0.499977,0.494826,0.4941,0.49422,0.489371,0.493269,0.485771,0.491619,0.482877,0.489081,0.480031,0.485777,0.476623,0.48219,0.472368,0.479077,0.467436,0.477249,0.462397,0.477339,0.458027,0.479618,0.455078,0.483935,0.454089,0.48977,0.455276,0.496371,0.458517,0.502933,0.463399,0.508733,0.469335,0.513229,0.475709,0.516072,0.482021,0.51709,0.487952,0.516255,0.493351,0.513691,0.498139,0.509698,0.502207,0.504787,0.505377,0.499656,0.507445,0.49509,0.508288,0.491802,0.507952,0.490255,0.50667,0.490533,0.504791,0.492334,0.502646,0.4951,0.500417,0.498249,0.498071,0.501419,0.495375,0.504596,0.492017,0.508065,0.487768,0.51218,0.482623,0.517098,0.476858,0.522615,0.470969,0.528201,0.465537,0.533188,0.461072,0.537005,0.457923,0.539319,0.456262,0.540043,0.456105,0.539262,0.457332,0.537143,0.45966,0.53391,0.46263,0.529871,0.465636,0.52545,0.468045,0.521167,0.469364,0.517555,0.469389,0.515026,0.46827,0.513752,0.466462,0.513612,0.464588,0.51425,0.463267,0.515223,0.462964,0.516161,0.463888,0.516874,0.465972,0.517336,0.468919,0.517594,0.472296,0.51766,0.475655,0.517467,0.478648,0.51691,0.481085,0.515935,0.482944,0.514602,0.484329,0.513086,0.485417,0.511618,0.486418,0.510411,0.487561,0.509608,0.4891,0.509279,0.491279,0.50944,0.49428,0.51006,0.498142,0.511049,0.50271,0.512202,0.507639,0.513166,0.512452,0.513468,0.516641,0.512619,0.519761,0.510294,0.521506,0.506474,0.521746,0.501489,0.520526,0.495906,0.518032,0.490308,0.514543,0.485085,0.510384,0.48034,0.505903,0.475958,0.501449,0.471783,0.497357,0.467797,0.493914,0.464201,0.49133,0.461378,0.489716,0.459766,0.489097,0.45972,0.489436,0.461414,0.490644,0.464818,0.492564,0.469729,0.494919,0.475846,0.497289,0.48282,0.499153,0.490282,0.500014,0.497825,0.49954,0.504984,0.497647,0.511221,0.494419,0.515903,0.489862,0.518255,0.483566,0.517237,0.474398,0.511416,0.460426,0.498936,0.439167,0.477749,0.408251,0.446137,0.366547,0.403242,0.316556,0.347652,0.279408,0.23902,0.57368
0.978067,0.271094,0.462732,0.363608,0.445786,0.403513,0.459743,0.435095,0.478351,0.458852,0.495061,0.475213,0.50762,0.485372,0.515879,0.490897,0.520706,0.493366,0.523305,0.494134,0.52477,0.494226,0.525814,0.494299,0.526681,0.494666,0.527192,0.495346,0.5269,0.496158,0.525315,0.496858,0.522121,0.497264,0.517331,0.497338,0.511334,0.497159,0.504805,0.49681,0.498506,0.496256,0.49303,0.495299,0.488605,0.493668,0.485032,0.491192,0.481781,0.487946,0.478236,0.484327,0.473991,0.480996,0.46905,0.478705,0.463857,0.478084,0.459142,0.479459,0.455687,0.482784,0.454113,0.487678,0.454737,0.493534,0.457524,0.499673,0.462124,0.505462,0.467964,0.510393,0.474397,0.514096,0.480842,0.516315,0.486899,0.516883,0.492363,0.515737,0.497163,0.512963,0.50125,0.508867,0.504517,0.503992,0.506808,0.499065,0.507992,0.494855,0.508065,0.491993,0.507197,0.490807,0.505696,0.491251,0.503894,0.492961,0.502012,0.495438,0.500067,0.498278,0.497852,0.501357,0.495021,0.504849,0.49124,0.509071,0.486354,0.514215,0.480493,0.520137,0.474074,0.526315,0.4677,0.532009,0.462003,0.53652,0.457507,0.539407,0.454556,0.540559,0.453305,0.540118,0.453726,0.538353,0.455598,0.535556,0.458488,0.532024,0.461771,0.528085,0.464727,0.524126,0.466715,0.520568,0.467359,0.517785,0.466661,0.515997,0.465002,0.515193,0.463021,0.515137,0.46143,0.515457,0.46082,0.515799,0.461525,0.515954,0.463568,0.515893,0.46669,0.515705,0.47044,0.515474,0.474305,0.515196,0.477835,0.514772,0.480725,0.514079,0.48286,0.513062,0.48429,0.511779,0.485188,0.510388,0.4858,0.509082,0.486418,0.508033,0.487363,0.507366,0.488949,0.507171,0.491426,0.507511,0.494894,0.508411,0.499242,0.509794,0.504141,0.511415,0.50911,0.512829,0.513615,0.513454,0.517186,0.512742,0.519494,0.510378,0.520395,0.506418,0.51992,0.501281,0.518239,0.495576,0.515608,0.489865,0.512317,0.484482,0.508661,0.4795,0.504926,0.474842,0.501387,0.470461,0.498287,0.466478,0.495818,0.463209,0.494105,0.461082,0.493209,0.460501,0.493147,0.461725,0.49391,0.464802,0.495431,0.469564,0.497528,0.475691,0.499858,0.482779,0.501922,0.490396,0.503175,0.498108,0.503185,0.505462,0.501766,0.511968,0.498972,0.517083,0.494911,0.520169,0.489412,0.5204,0.481684,0.516625,0.470112,0.507271,0.452359,0.490443,0.425826,0.464344,0.388467,0.427998,0.339698,0.381845,0.280044,0.327238,0.183262,0.38824
0.457458,0.376632,0.327494,0.442765,0.376842,0.453688,0.417743,0.47097,0.448213,0.488706,0.469429,0.503228,0.482847,0.513455,0.490241,0.519768,0.493457,0.523218,0.494178,0.524971,0.493763,0.525964,0.493188,0.526707,0.493028,0.527264,0.493491,0.527342,0.494484,0.526484,0.495734,0.524271,0.496929,0.520514,0.497842,0.515355,0.498372,0.509264,0.498507,0.502915,0.498215,0.496969,0.497375,0.491849,0.4958,0.487588,0.493358,0.483835,0.49011,0.480031,0.486404,0.475699,0.48284,0.470694,0.480129,0.465317,0.478896,0.460224,0.479503,0.456216,0.48197,0.453992,0.486002,0.453973,0.491097,0.456226,0.496681,0.460471,0.502219,0.466168,0.50728,0.472649,0.511528,0.479266,0.514694,0.485523,0.516532,0.491142,0.516833,0.496022,0.515481,0.500149,0.512553,0.503486,0.508384,0.505937,0.503565,0.50739,0.498841,0.50781,0.494936,0.50731,0.492375,0.506153,0.491364,0.504663,0.491772,0.503099,0.493255,0.501536,0.495449,0.499816,0.498168,0.497596,0.501497,0.494467,0.505696,0.490134,0.510982,0.484554,0.517271,0.478003,0.524076,0.47103,0.530598,0.464319,0.535992,0.458535,0.539645,0.454202,0.541338,0.451644,0.541218,0.450973,0.539652,0.452071,0.537064,0.454575,0.533831,0.457884,0.530272,0.461232,0.526687,0.463856,0.523372,0.465196,0.520607,0.46507,0.518586,0.463727,0.517346,0.461766,0.51674,0.459955,0.51648,0.459009,0.516253,0.459404,0.51585,0.461286,0.515234,0.464465,0.514513,0.468502,0.513838,0.472838,0.51328,0.47693,0.512779,0.480363,0.512188,0.482911,0.511359,0.484545,0.510239,0.485401,0.508893,0.485736,0.507474,0.485889,0.506164,0.486245,0.505132,0.4872,0.504524,0.489085,0.504477,0.492081,0.50511,0.49614,0.506469,0.500963,0.508444,0.506058,0.510687,0.510855,0.512619,0.514834,0.513555,0.517628,0.512914,0.519069,0.51044,0.519181,0.506296,0.518136,0.50099,0.516191,0.495156,0.513625,0.489322,0.510709,0.483776,0.507682,0.478586,0.504761,0.473747,0.502137,0.469336,0.49996,0.465601,0.498337,0.462934,0.497332,0.461763,0.496989,0.462422,0.49735,0.465043,0.498431,0.469527,0.50016,0.475564,0.502299,0.482713,0.504417,0.490478,0.505962,0.498368,0.506424,0.505912,0.5055,0.512646,0.503167,0.518096,0.499566,0.521739,0.49471,0.522924,0.48812,0.520744,0.478534,0.513906,0.463861,0.50072,0.441471,0.479364,0.408833,0.44855,0.364247,0.408697,0.306518,0.362984,0.228518,0.274705,0.132586
0.920183,0.22784,0.453611,0.340139,0.445298,0.394778,0.461319,0.43381,0.480209,0.461247,0.496871,0.479063,0.509402,0.489258,0.517652,0.493918,0.52242,0.495028,0.524858,0.494288,0.526047,0.493016,0.526736,0.492098,0.527236,0.491991,0.527456,0.492768,0.527044,0.49421,0.525578,0.495949,0.522747,0.497608,0.518494,0.498912,0.513072,0.499701,0.506997,0.499877,0.500897,0.499332,0.4953,0.497931,0.490438,0.495577,0.486161,0.492333,0.482026,0.488516,0.477538,0.484687,0.472432,0.481543,0.466855,0.479722,0.461365,0.479627,0.456753,0.48133,0.453794,0.484593,0.453026,0.488972,0.454628,0.493962,0.458411,0.499108,0.463884,0.504059,0.470374,0.508558,0.477177,0.512377,0.483705,0.515261,0.489579,0.516916,0.494641,0.517063,0.498878,0.515554,0.502305,0.512484,0.504894,0.508245,0.506571,0.503474,0.507291,0.498908,0.507122,0.495203,0.506276,0.492779,0.50506,0.49175,0.50376,0.491974,0.502515,0.493199,0.501239,0.495251,0.499623,0.498156,0.49723,0.502128,0.493652,0.507389,0.488673,0.513926,0.482392,0.52131,0.475229,0.52872,0.467843,0.535174,0.460976,0.539843,0.455306,0.542313,0.45134,0.542643,0.449359,0.54125,0.449389,0.5387,0.451184,0.535525,0.454213,0.532135,0.457719,0.528822,0.460854,0.525798,0.462897,0.52323,0.463457,0.521227,0.462599,0.519804,0.460821,0.518853,0.458893,0.51815,0.457626,0.517437,0.457647,0.516519,0.459247,0.515359,0.462345,0.514077,0.466545,0.51287,0.471269,0.511885,0.475902,0.511128,0.479924,0.510463,0.482992,0.509687,0.484978,0.508644,0.485953,0.507297,0.486152,0.505738,0.485934,0.504141,0.485742,0.502709,0.486046,0.50164,0.487274,0.501125,0.489707,0.501354,0.493384,0.502475,0.49806,0.504508,0.503244,0.507247,0.508323,0.510197,0.512709,0.512636,0.515966,0.513797,0.517882,0.513125,0.518468,0.510465,0.517903,0.506101,0.516463,0.500618,0.514446,0.494657,0.512122,0.488703,0.509712,0.483013,0.507389,0.477688,0.505291,0.472816,0.503522,0.468596,0.502147,0.465374,0.501205,0.463577,0.500736,0.463589,0.5008,0.465632,0.501473,0.469693,0.502782,0.475511,0.504613,0.482634,0.506639,0.490513,0.508353,0.498585,0.5092,0.506329,0.508768,0.513279,0.506925,0.519002,0.503783,0.52307,0.499472,0.524978,0.493779,0.524034,0.4858,0.519202,0.473766,0.509027,0.455173,0.491749,0.427263,0.465764,0.387773,0.430606,0.335433,0.38981,0.267808,0.375013,0.155752,0.897867
0.399215,0.350015,0.305089,0.427514,0.366405,0.447662,0.415066,0.468789,0.449944,0.488088,0.473291,0.503352,0.487309,0.514015,0.494267,0.5206,0.496395,0.524178,0.495711,0.525912,0.493874,0.526739,0.492109,0.527204,0.491173,0.527436,0.491369,0.527241,0.492614,0.526261,0.49456,0.524155,0.496747,0.520736,0.49875,0.516074,0.500251,0.510501,0.50104,0.504536,0.500966,0.498722,0.499897,0.493422,0.497754,0.488677,0.494594,0.484195,0.490704,0.479519,0.486617,0.474301,0.483022,0.468539,0.480593,0.462663,0.479792,0.457424,0.48076,0.453653,0.483308,0.45201,0.487029,0.452813,0.491443,0.455987,0.496137,0.461111,0.500826,0.467529,0.505334,0.474497,0.509517,0.481337,0.513173,0.487564,0.515991,0.492928,0.517589,0.49738,0.517628,0.500965,0.515958,0.503713,0.51273,0.505603,0.508399,0.506602,0.503633,0.506745,0.499138,0.506193,0.495491,0.505222,0.493026,0.504132,0.491826,0.503124,0.491807,0.502193,0.492874,0.5011,0.495052,0.499423,0.498525,0.496687,0.503524,0.492533,0.510102,0.486865,0.517917,0.479929,0.526175,0.472277,0.533792,0.464654,0.539718,0.457837,0.543273,0.452496,0.544322,0.449094,0.543235,0.447833,0.540681,0.44862,0.537375,0.451045,0.533902,0.454413,0.530647,0.457851,0.527815,0.460513,0.525488,0.461807,0.523669,0.461581,0.522295,0.460164,0.52123,0.458267,0.520274,0.456749,0.519207,0.456371,0.517863,0.457588,0.516213,0.460457,0.514386,0.464666,0.512613,0.469652,0.51111,0.474752,0.509962,0.479356,0.509073,0.483008,0.508219,0.485467,0.507165,0.486714,0.505768,0.486935,0.504043,0.486479,0.502134,0.485817,0.500267,0.485487,0.498686,0.486011,0.497637,0.487786,0.497362,0.490966,0.498078,0.49539,0.499918,0.500599,0.50282,0.505943,0.50643,0.510753,0.510084,0.514499,0.512935,0.516889,0.51419,0.517896,0.513367,0.5177,0.510448,0.516608,0.505841,0.514954,0.500183,0.51304,0.494101,0.511092,0.488046,0.509269,0.482271,0.507669,0.476931,0.506346,0.472219,0.505318,0.46844,0.504583,0.465998,0.504146,0.465307,0.504056,0.466667,0.504411,0.47016,0.505316,0.475606,0.506772,0.482581,0.508586,0.490505,0.510337,0.498744,0.511475,0.506705,0.511504,0.513878,0.510171,0.519847,0.507509,0.524246,0.503694,0.5267,0.498721,0.5267,0.492021,0.523451,0.482193,0.515745,0.466978,0.50196,0.44358,0.480338,0.409326,0.449575,0.362572,0.409813,0.303698,0.363446,0.239175,0.273684,0.314521
0.787457,0.224897,0.415082,0.332772,0.428168,0.391983,0.453322,0.435078,0.47625,0.464886,0.494864,0.48371,0.508484,0.493895,0.517423,0.497823,0.522643,0.497758,0.525341,0.495678,0.526599,0.493148,0.527169,0.491257,0.527397,0.490592,0.527272,0.491274,0.526555,0.493054,0.524939,0.495463,0.522189,0.497973,0.518248,0.500124,0.513284,0.501576,0.50767,0.502092,0.501888,0.501507,0.496357,0.499727,0.491262,0.496788,0.486471,0.492935,0.481613,0.488659,0.476303,0.484639,0.470405,0.481583,0.464201,0.480039,0.458359,0.480238,0.453735,0.482066,0.451105,0.48515,0.450945,0.489016,0.453325,0.493252,0.457927,0.497599,0.464138,0.501947,0.471198,0.506247,0.478353,0.510388,0.485003,0.514113,0.490786,0.517008,0.495583,0.518599,0.499429,0.518517,0.502398,0.51665,0.504527,0.513224,0.505811,0.508753,0.506269,0.503913,0.506016,0.499364,0.505285,0.495613,0.504373,0.492957,0.503527,0.491512,0.502828,0.491317,0.502128,0.492455,0.501062,0.495121,0.499142,0.499563,0.49591,0.505901,0.491099,0.513901,0.484752,0.522846,0.477258,0.531611,0.469283,0.538957,0.461631,0.543906,0.455086,0.546034,0.450283,0.545543,0.447611,0.54311,0.447157,0.539608,0.448675,0.535842,0.451583,0.532382,0.45505,0.529526,0.458161,0.527345,0.460154,0.525754,0.460648,0.524585,0.459762,0.523619,0.45807,0.522623,0.456423,0.52138,0.455675,0.519742,0.456441,0.517692,0.458943,0.515373,0.462992,0.513045,0.468076,0.510986,0.47352,0.509357,0.478642,0.508129,0.482885,0.50709,0.485894,0.505947,0.487546,0.504463,0.487949,0.502556,0.487408,0.500322,0.486397,0.497991,0.485494,0.495853,0.485305,0.494211,0.486344,0.493351,0.4889,0.493543,0.492935,0.494996,0.498061,0.497773,0.503621,0.501675,0.508868,0.506171,0.513152,0.510434,0.51607,0.513539,0.517515,0.514723,0.517646,0.513631,0.516791,0.510394,0.515338,0.505528,0.513641,0.499702,0.511968,0.493522,0.510487,0.487414,0.50928,0.481652,0.508366,0.476467,0.507715,0.472143,0.507274,0.469061,0.507,0.467639,0.506901,0.468237,0.507065,0.471033,0.507634,0.475946,0.508709,0.482621,0.510231,0.490482,0.5119,0.498843,0.51322,0.507025,0.513655,0.514447,0.512835,0.520662,0.510683,0.52534,0.507357,0.528205,0.502987,0.528912,0.497299,0.52689,0.48927,0.521178,0.476978,0.510353,0.457751,0.492662,0.42866,0.466406,0.387374,0.430446,0.333532,0.384196,0.271045,0.326509,0.185605,0.381235
0.522545,0.297866,0.308299,0.396441,0.365525,0.432318,0.416675,0.460596,0.453439,0.48342,0.47784,0.500645,0.492144,0.512529,0.49873,0.519937,0.499999,0.524072,0.498176,0.526129,0.495146,0.527041,0.492333,0.527359,0.490647,0.527262,0.490471,0.526655,0.491728,0.525318,0.494013,0.523031,0.496757,0.519679,0.499391,0.515314,0.501449,0.510169,0.502591,0.504618,0.502588,0.499063,0.501307,0.493773,0.498746,0.48876,0.49509,0.483762,0.490767,0.478404,0.486416,0.47245,0.482769,0.46602,0.480453,0.459659,0.479821,0.454204,0.480867,0.45052,0.483279,0.449248,0.486593,0.450632,0.490375,0.454498,0.494351,0.460313,0.498438,0.467331,0.502663,0.474742,0.507029,0.48184,0.511377,0.488138,0.515334,0.49341,0.518365,0.497644,0.519931,0.500931,0.519672,0.503357,0.517547,0.50496,0.513861,0.505758,0.509173,0.505831,0.504147,0.505365,0.499399,0.50463,0.495403,0.5039,0.492474,0.503331,0.490823,0.502878,0.490647,0.502265,0.492195,0.501042,0.495756,0.498708,0.501522,0.494867,0.50938,0.489372,0.518733,0.482414,0.528491,0.47451,0.537288,0.466413,0.543864,0.458958,0.547446,0.452908,0.547948,0.448829,0.545929,0.447003,0.542336,0.44737,0.538182,0.449513,0.534286,0.4527,0.531137,0.456016,0.528889,0.458583,0.527437,0.459812,0.526517,0.45958,0.525802,0.458272,0.524967,0.456654,0.523748,0.455619,0.521983,0.455917,0.51966,0.457945,0.516936,0.461665,0.5141,0.466662,0.511483,0.472281,0.50933,0.477802,0.507686,0.482584,0.506379,0.486165,0.50509,0.488314,0.503498,0.489039,0.501418,0.488579,0.498871,0.487371,0.49607,0.486004,0.493343,0.485141,0.491052,0.485402,0.489542,0.48722,0.489122,0.49071,0.490051,0.495599,0.492478,0.501273,0.496347,0.506932,0.501287,0.511804,0.506583,0.515336,0.511282,0.517302,0.514435,0.517794,0.515375,0.517139,0.513903,0.515774,0.510301,0.514125,0.505171,0.512529,0.499198,0.511196,0.492963,0.510222,0.486889,0.509608,0.481287,0.50929,0.47646,0.509166,0.472768,0.509134,0.470622,0.509145,0.470417,0.509248,0.472414,0.509584,0.476643,0.51032,0.482848,0.511516,0.490502,0.513011,0.498898,0.514407,0.507281,0.515171,0.514975,0.514849,0.521463,0.513237,0.526407,0.510421,0.529592,0.506595,0.530815,0.501717,0.529713,0.495129,0.525576,0.485297,0.517212,0.469811,0.50298,0.445697,0.481058,0.41005,0.449849,0.361111,0.407987,0.300934,0.351233,0.252,0.233062,0.52257
0.521354,0.209897,0.361855,0.332721,0.404986,0.395196,0.44045,0.43894,0.46848,0.469263,0.490043,0.488393,0.505522,0.498481,0.515713,0.501887,0.521809,0.500974,0.525093,0.49788,0.52666,0.49435,0.527256,0.491628,0.527244,0.490405,0.526688,0.49084,0.52548,0.492662,0.523462,0.495327,0.520524,0.498206,0.516661,0.500724,0.511999,0.502436,0.506798,0.503035,0.501394,0.502336,0.496077,0.500285,0.490955,0.496997,0.485887,0.492813,0.480545,0.488303,0.474629,0.484176,0.468111,0.481122,0.461379,0.479615,0.45519,0.47979,0.450459,0.481442,0.447973,0.484147,0.448175,0.487451,0.45107,0.49104,0.456253,0.494812,0.46303,0.498834,0.470571,0.503208,0.47808,0.507902,0.484941,0.51264,0.490799,0.516905,0.495555,0.520054,0.499278,0.521521,0.502088,0.520999,0.504064,0.518535,0.505248,0.514505,0.505694,0.509493,0.505538,0.504149,0.505013,0.499069,0.504394,0.494742,0.503892,0.491562,0.503558,0.489874,0.503223,0.49003,0.502517,0.492391,0.500955,0.497234,0.498069,0.504573,0.493558,0.513965,0.487414,0.524423,0.479967,0.534542,0.471843,0.542839,0.463853,0.54818,0.456828,0.550105,0.451477,0.548918,0.448265,0.545513,0.447335,0.541045,0.448461,0.536588,0.451063,0.532893,0.454296,0.530304,0.457234,0.528786,0.459123,0.528037,0.459604,0.527624,0.45883,0.5271,0.457415,0.526098,0.456222,0.524396,0.456092,0.521958,0.457582,0.518945,0.460828,0.515674,0.465545,0.512532,0.471144,0.509842,0.476897,0.507739,0.482107,0.506108,0.486221,0.504637,0.488902,0.502938,0.490055,0.500721,0.489828,0.49791,0.488593,0.494669,0.486912,0.491347,0.48547,0.488367,0.484965,0.486147,0.485966,0.485045,0.488757,0.485354,0.493225,0.487276,0.498852,0.490858,0.504837,0.495882,0.510307,0.501791,0.514545,0.507708,0.517157,0.512606,0.518118,0.51558,0.517711,0.516103,0.516398,0.514155,0.514681,0.510157,0.512984,0.504775,0.511597,0.498697,0.51066,0.492488,0.510185,0.486578,0.510091,0.481321,0.510236,0.477078,0.510462,0.47425,0.510657,0.473243,0.510805,0.474383,0.511017,0.477806,0.511485,0.483374,0.512362,0.490649,0.513625,0.498951,0.515,0.507476,0.516008,0.515449,0.516146,0.522249,0.515094,0.527479,0.512828,0.530941,0.509535,0.532539,0.505335,0.532099,0.499889,0.529158,0.492071,0.52278,0.479836,0.511507,0.460364,0.493531,0.43049,0.467088,0.387367,0.43081,0.329486,0.383341,0.258363,0.326218,0.161019,0.464263
0.179326,0.259892,0.296336,0.370259,0.372411,0.415673,0.422025,0.449631,0.457863,0.476217,0.482151,0.495978,0.496453,0.509598,0.502814,0.518227,0.503564,0.523218,0.500995,0.525814,0.49712,0.526947,0.493506,0.527166,0.491177,0.526695,0.490581,0.525549,0.491646,0.523659,0.493922,0.520963,0.496771,0.517455,0.499541,0.51321,0.501691,0.508395,0.502833,0.503258,0.502723,0.498058,0.501254,0.492955,0.498473,0.487902,0.494623,0.482649,0.490169,0.476873,0.485757,0.470421,0.482085,0.463507,0.479726,0.45676,0.478966,0.451078,0.479748,0.44736,0.481736,0.446244,0.48449,0.447945,0.487651,0.452234,0.49107,0.458519,0.494808,0.465993,0.499029,0.473802,0.503825,0.481211,0.509053,0.487722,0.514277,0.493116,0.518835,0.497402,0.522015,0.500698,0.523272,0.503124,0.522379,0.50475,0.519473,0.505625,0.514989,0.505844,0.509528,0.505589,0.503741,0.505115,0.498244,0.504662,0.493597,0.504359,0.490311,0.504148,0.488876,0.503762,0.489759,0.50278,0.49334,0.500723,0.49977,0.497197,0.508778,0.49202,0.519534,0.485324,0.530687,0.477562,0.540624,0.469444,0.547892,0.4618,0.551616,0.455427,0.551731,0.450942,0.548933,0.448681,0.544403,0.448625,0.539417,0.450383,0.535019,0.453236,0.531821,0.456286,0.529962,0.458677,0.529192,0.459847,0.529018,0.459702,0.528869,0.45865,0.528237,0.457458,0.526787,0.45699,0.524415,0.457934,0.521257,0.4606,0.517651,0.464863,0.514037,0.470234,0.510821,0.476021,0.508235,0.481498,0.506248,0.486045,0.504573,0.489235,0.502786,0.490869,0.500494,0.490995,0.497506,0.489898,0.493905,0.488078,0.490026,0.486202,0.486347,0.485007,0.483368,0.48517,0.481519,0.487141,0.481136,0.490993,0.482451,0.496365,0.485568,0.502518,0.490391,0.508526,0.496524,0.513523,0.50323,0.516917,0.509513,0.518511,0.514332,0.518483,0.51689,0.517279,0.516839,0.515457,0.51434,0.513537,0.509939,0.511912,0.504344,0.510805,0.49824,0.510273,0.49218,0.510242,0.486605,0.510549,0.481903,0.510989,0.478469,0.511381,0.476708,0.511639,0.476985,0.511817,0.479524,0.512096,0.484311,0.512687,0.491031,0.513687,0.499075,0.514959,0.507635,0.516119,0.515856,0.516662,0.523001,0.516173,0.528564,0.514501,0.532308,0.51177,0.534194,0.508179,0.534206,0.503648,0.532123,0.497442,0.527284,0.487938,0.518461,0.472628,0.503944,0.448386,0.481886,0.411907,0.450835,0.360111,0.410058,0.29017,0.357651,0.198438,0.249578,0.112633
0.494463,0.254795,0.345452,0.355318,0.388131,0.404593,0.426869,0.443965,0.458769,0.473134,0.483454,0.492101,0.501188,0.502166,0.512977,0.505378,0.520205,0.504038,0.524255,0.500341,0.526242,0.496138,0.526907,0.492787,0.526636,0.491059,0.525571,0.491146,0.523741,0.492756,0.521157,0.495298,0.517856,0.498085,0.513912,0.500494,0.509442,0.502056,0.504618,0.502469,0.49964,0.50158,0.49467,0.499377,0.489727,0.496014,0.484635,0.491838,0.479093,0.487385,0.472857,0.483305,0.465975,0.480214,0.458904,0.478527,0.45246,0.478354,0.447593,0.479497,0.445109,0.481582,0.445446,0.484234,0.448588,0.487246,0.4541,0.490639,0.461249,0.494593,0.46917,0.499294,0.477033,0.504737,0.484202,0.510618,0.490314,0.516324,0.495275,0.52108,0.499168,0.524154,0.502129,0.525058,0.504262,0.523665,0.505626,0.520195,0.506287,0.51513,0.506378,0.509099,0.506114,0.502784,0.505737,0.496872,0.505432,0.492034,0.505234,0.488914,0.50499,0.488116,0.504373,0.490145,0.50295,0.495297,0.500292,0.503484,0.496103,0.514072,0.490331,0.525843,0.483237,0.53716,0.475377,0.546338,0.467508,0.552105,0.460446,0.553956,0.454914,0.552257,0.451411,0.548065,0.450118,0.542761,0.450848,0.537648,0.453058,0.533651,0.455939,0.531173,0.45861,0.530116,0.460359,0.530007,0.460864,0.53019,0.460296,0.530009,0.459262,0.528973,0.458585,0.526854,0.459031,0.523722,0.461066,0.519905,0.464735,0.515892,0.469682,0.512176,0.475288,0.509098,0.480836,0.506728,0.485666,0.504838,0.48928,0.502989,0.491389,0.500703,0.49194,0.497658,0.49112,0.493826,0.489341,0.489487,0.487211,0.485146,0.485464,0.481386,0.484839,0.478734,0.485925,0.477592,0.488992,0.478224,0.493876,0.480763,0.499972,0.485185,0.506375,0.491228,0.512108,0.498313,0.516385,0.505554,0.518793,0.511887,0.519342,0.516331,0.518399,0.518245,0.516532,0.517489,0.514349,0.514399,0.512357,0.509622,0.510891,0.503894,0.510094,0.497887,0.509933,0.492141,0.510246,0.4871,0.510797,0.483169,0.511346,0.480747,0.511729,0.480211,0.511927,0.481849,0.512081,0.485759,0.512426,0.491763,0.51315,0.499367,0.514254,0.507811,0.515472,0.516203,0.516343,0.523693,0.516396,0.529641,0.515354,0.533713,0.513234,0.53586,0.510241,0.536178,0.506475,0.534664,0.501547,0.530945,0.494268,0.524067,0.482537,0.512487,0.463483,0.494328,0.433788,0.467941,0.389947,0.432678,0.327876,0.389918,0.240421,0.348998,0.107714,0.543777
0.899693,0.276632,0.380239,0.360627,0.390776,0.400812,0.428371,0.437424,0.46128,0.467505,0.485003,0.490053,0.499369,0.505682,0.505826,0.515734,0.506489,0.521711,0.503618,0.52492,0.49928,0.526298,0.495138,0.526404,0.492305,0.525515,0.49128,0.523757,0.492,0.521221,0.493984,0.51801,0.496551,0.514238,0.49902,0.510025,0.500845,0.505496,0.501662,0.500791,0.501279,0.49604,0.499648,0.49129,0.496852,0.48643,0.49313,0.481199,0.488887,0.475311,0.484668,0.468666,0.481062,0.461536,0.478561,0.454594,0.477423,0.448768,0.477621,0.444976,0.478896,0.443865,0.480913,0.445656,0.483431,0.450118,0.486411,0.45665,0.490012,0.464426,0.494464,0.472572,0.499888,0.480327,0.506122,0.487177,0.512668,0.492893,0.518759,0.497482,0.523552,0.501066,0.526342,0.503774,0.526732,0.505684,0.524693,0.506851,0.520522,0.507364,0.514752,0.50739,0.508064,0.507153,0.501216,0.506861,0.495006,0.506622,0.490231,0.506388,0.487649,0.50594,0.487913,0.504927,0.491473,0.502945,0.498429,0.499643,0.508365,0.494838,0.520257,0.488606,0.532545,0.48132,0.543423,0.473606,0.551293,0.466232,0.555197,0.459962,0.555071,0.455414,0.551708,0.452944,0.546452,0.452566,0.540784,0.453934,0.535931,0.456384,0.532616,0.459079,0.530987,0.461228,0.530693,0.46232,0.531062,0.462293,0.53132,0.461549,0.530801,0.460807,0.529106,0.46085,0.526182,0.462259,0.522307,0.465244,0.517992,0.469604,0.513815,0.474822,0.51024,0.480228,0.507461,0.485153,0.505337,0.489053,0.503447,0.491569,0.501249,0.492561,0.498293,0.492113,0.494404,0.490535,0.489763,0.488347,0.48486,0.486231,0.480344,0.484939,0.476852,0.485156,0.474884,0.487325,0.474764,0.491501,0.476648,0.497274,0.480542,0.50384,0.486269,0.510188,0.493394,0.515371,0.501174,0.518745,0.508612,0.520097,0.514648,0.51964,0.518419,0.517894,0.519492,0.515509,0.517943,0.513104,0.514269,0.511143,0.509194,0.509889,0.503463,0.509391,0.497721,0.509523,0.492488,0.510041,0.488194,0.510657,0.485237,0.511132,0.483991,0.511364,0.484776,0.511432,0.487779,0.511559,0.492951,0.512,0.499942,0.512874,0.508093,0.514053,0.516525,0.515157,0.524313,0.515701,0.530677,0.515303,0.535141,0.513849,0.537578,0.511485,0.538127,0.508407,0.53696,0.504502,0.533985,0.498993,0.52856,0.490227,0.51938,0.475709,0.504616,0.452357,0.482395,0.416791,0.451607,0.365184,0.413197,0.291392,0.37177,0.180904,0.29093,0.00650865
0.801053,0.309566,0.359273,0.377098,0.372986,0.411463,0.411921,0.446606,0.447663,0.474842,0.475739,0.493921,0.495943,0.504334,0.509465,0.507799,0.517898,0.506492,0.522739,0.502604,0.52514,0.498049,0.525851,0.494269,0.525291,0.492106,0.523687,0.49178,0.521207,0.492992,0.518025,0.49512,0.514321,0.497452,0.510257,0.499372,0.505956,0.50045,0.501519,0.500456,0.497033,0.499318,0.492538,0.497084,0.487968,0.493912,0.483108,0.490082,0.477665,0.486003,0.471437,0.482171,0.464512,0.479075,0.457381,0.477074,0.450874,0.476299,0.445951,0.476651,0.443424,0.477891,0.443748,0.479788,0.446927,0.482261,0.452545,0.485421,0.459881,0.489507,0.468064,0.494717,0.476252,0.501031,0.483787,0.50809,0.490288,0.515208,0.495644,0.521504,0.49993,0.526122,0.503276,0.528426,0.505784,0.528123,0.507508,0.525282,0.508509,0.520277,0.508907,0.513713,0.508887,0.506355,0.50866,0.499078,0.508381,0.492808,0.508084,0.488457,0.507654,0.486841,0.506842,0.488576,0.50531,0.493953,0.502715,0.502782,0.498798,0.514269,0.493494,0.527016,0.486994,0.539215,0.479756,0.549044,0.47244,0.55514,0.465788,0.556966,0.460477,0.554928,0.456997,0.550189,0.455541,0.544284,0.455962,0.53868,0.457773,0.534427,0.46024,0.531987,0.462564,0.531227,0.464109,0.531554,0.464604,0.532138,0.464232,0.532158,0.463557,0.531017,0.463317,0.528483,0.464158,0.524724,0.466428,0.520233,0.470083,0.515656,0.474735,0.511584,0.479789,0.508359,0.484603,0.505964,0.488614,0.504035,0.491418,0.501994,0.492805,0.499271,0.492768,0.495528,0.491512,0.490801,0.48945,0.485508,0.487174,0.480326,0.485398,0.475997,0.484843,0.473149,0.486085,0.472201,0.489384,0.473356,0.494565,0.476637,0.501,0.481906,0.507737,0.488824,0.513738,0.496787,0.518149,0.504917,0.520506,0.512166,0.520801,0.517544,0.519427,0.520373,0.517013,0.520457,0.514253,0.518089,0.511744,0.513904,0.509889,0.508671,0.508862,0.503119,0.508613,0.49785,0.508921,0.493344,0.509475,0.490003,0.509969,0.488191,0.510213,0.488234,0.510204,0.490371,0.51013,0.494665,0.510274,0.500911,0.510858,0.508586,0.511892,0.51689,0.513111,0.524872,0.51406,0.53164,0.514284,0.536551,0.513536,0.539345,0.511854,0.540121,0.509447,0.539161,0.506396,0.536619,0.502281,0.532186,0.495898,0.524862,0.485185,0.512971,0.467399,0.494501,0.43947,0.467795,0.398206,0.432649,0.339535,0.393065,0.254471,0.379498,0.115717,0.88352
0.715825,0.267087,0.371955,0.337877,0.392236,0.381148,0.428823,0.423278,0.461326,0.457747,0.485386,0.483345,0.500372,0.501049,0.507417,0.512521,0.508467,0.519451,0.50572,0.523224,0.501265,0.524802,0.496836,0.524766,0.493623,0.523454,0.492178,0.521105,0.49245,0.517957,0.493943,0.514264,0.495956,0.510254,0.497813,0.50609,0.499011,0.501871,0.499272,0.49765,0.498506,0.493444,0.496754,0.4892,0.494135,0.484748,0.490836,0.479814,0.48713,0.474135,0.483377,0.467646,0.479988,0.460639,0.477339,0.453791,0.475679,0.448019,0.475068,0.444233,0.475409,0.443091,0.476542,0.44484,0.478382,0.449289,0.481,0.455877,0.484611,0.463803,0.489452,0.472197,0.495611,0.480285,0.502875,0.487533,0.510676,0.493686,0.518173,0.49873,0.524431,0.502769,0.528628,0.505914,0.530228,0.508233,0.529049,0.509771,0.525258,0.510605,0.519319,0.510881,0.511937,0.51079,0.504,0.510509,0.496519,0.510131,0.49054,0.50963,0.487042,0.508853,0.486818,0.507556,0.490353,0.505444,0.497682,0.502252,0.508262,0.497823,0.520912,0.492198,0.533928,0.485662,0.545388,0.478726,0.553612,0.472049,0.557604,0.466308,0.557314,0.462068,0.55359,0.459668,0.547878,0.459141,0.54178,0.460186,0.536638,0.462215,0.533248,0.464483,0.531769,0.466295,0.531787,0.467221,0.532503,0.467237,0.532993,0.466726,0.532467,0.466325,0.530478,0.466692,0.527021,0.468271,0.522511,0.471162,0.517623,0.475113,0.513067,0.479632,0.509355,0.484129,0.506629,0.488055,0.504626,0.490988,0.502776,0.492669,0.500411,0.493023,0.497023,0.492157,0.492464,0.49037,0.487022,0.488143,0.481342,0.486104,0.476242,0.484951,0.472489,0.485329,0.470637,0.487668,0.470979,0.492029,0.473569,0.498019,0.478284,0.504834,0.484833,0.511441,0.492715,0.516842,0.501177,0.520327,0.509248,0.521624,0.515896,0.52092,0.520277,0.518746,0.52195,0.515808,0.520975,0.512803,0.517845,0.510285,0.513296,0.508579,0.508108,0.507757,0.502962,0.507667,0.498395,0.508003,0.494832,0.508411,0.492623,0.508615,0.492083,0.508518,0.493469,0.508242,0.496916,0.508069,0.50235,0.5083,0.509402,0.509077,0.517394,0.510269,0.525419,0.511495,0.532517,0.512273,0.537896,0.512237,0.541121,0.511289,0.542178,0.509579,0.54137,0.50729,0.539038,0.504286,0.535195,0.499778,0.529196,0.492152,0.519623,0.479048,0.504475,0.457711,0.481698,0.425449,0.449999,0.379853,0.40987,0.317582,0.363719,0.227708,0.271871,0.103014
0.562082,0.267166,0.3,0.363294,0.34225,0.406771,0.393188,0.444026,0.435479,0.473359,0.467465,0.493456,0.490138,0.504814,0.505288,0.509028,0.514812,0.508189,0.520342,0.504467,0.523077,0.499824,0.52379,0.495775,0.522944,0.493234,0.520853,0.492458,0.517809,0.49315,0.514128,0.494675,0.510114,0.496324,0.506002,0.497516,0.501923,0.497908,0.497925,0.497384,0.494002,0.49599,0.490097,0.493845,0.486066,0.491096,0.481668,0.487909,0.476618,0.484499,0.47074,0.481143,0.464142,0.478154,0.457307,0.475818,0.451041,0.474318,0.44627,0.47371,0.443794,0.473957,0.444084,0.475024,0.44719,0.476973,0.452756,0.479992,0.460115,0.484327,0.468429,0.490136,0.476865,0.49733,0.484748,0.505477,0.491671,0.513826,0.497495,0.521433,0.502261,0.527364,0.506073,0.53088,0.509009,0.531558,0.511111,0.529333,0.512426,0.524478,0.513059,0.517571,0.513173,0.509447,0.512947,0.501142,0.512511,0.493796,0.511904,0.488534,0.511059,0.486326,0.50982,0.487856,0.507975,0.493383,0.505294,0.502614,0.501596,0.514625,0.49682,0.527891,0.491099,0.54051,0.484781,0.550602,0.478396,0.55678,0.472563,0.558516,0.467867,0.556252,0.46474,0.551209,0.463365,0.544997,0.463615,0.539162,0.465065,0.534816,0.467073,0.532449,0.46895,0.531902,0.470164,0.532505,0.47052,0.533312,0.470215,0.533382,0.469755,0.532042,0.469755,0.529065,0.470711,0.524718,0.472834,0.519646,0.476006,0.514648,0.479847,0.510409,0.483843,0.507268,0.487487,0.505115,0.490365,0.503437,0.492201,0.50151,0.492868,0.498664,0.4924,0.494542,0.490989,0.489243,0.488991,0.483315,0.48692,0.477594,0.485395,0.472967,0.485065,0.470154,0.486466,0.469584,0.489863,0.471387,0.495121,0.475462,0.50166,0.481534,0.508557,0.489158,0.514762,0.497678,0.519372,0.506221,0.521845,0.513784,0.522103,0.51943,0.520496,0.522531,0.517657,0.522923,0.51433,0.52092,0.511193,0.517181,0.508735,0.512495,0.507188,0.507607,0.506515,0.503121,0.506462,0.499489,0.506657,0.497061,0.506747,0.496126,0.506534,0.496929,0.506049,0.499642,0.505543,0.504282,0.50536,0.510625,0.505761,0.518144,0.506765,0.526032,0.508102,0.533332,0.509312,0.539142,0.509942,0.542849,0.509751,0.544268,0.508779,0.543636,0.507222,0.541393,0.505138,0.537823,0.502095,0.532658,0.496913,0.524829,0.487633,0.512501,0.471788,0.493442,0.44695,0.465684,0.411449,0.428233,0.365071,0.381121,0.308452,0.322659,0.210254,0.353362
0.423017,0.17207,0.330558,0.28578,0.37927,0.355225,0.422354,0.408187,0.457432,0.447891,0.48315,0.476415,0.499497,0.495929,0.507666,0.50859,0.509541,0.516294,0.507278,0.520504,0.502983,0.52221,0.498451,0.522028,0.49495,0.520358,0.493092,0.517538,0.492851,0.513931,0.493733,0.509908,0.495036,0.505786,0.496112,0.501764,0.496534,0.49792,0.496139,0.49424,0.49497,0.490654,0.493173,0.487032,0.4909,0.483162,0.48827,0.478767,0.485379,0.473608,0.48235,0.467638,0.479368,0.461147,0.476666,0.454772,0.474477,0.449375,0.472982,0.445823,0.472287,0.44476,0.472459,0.446465,0.4736,0.45081,0.475895,0.457314,0.47959,0.465242,0.484879,0.473758,0.491768,0.482094,0.499953,0.489694,0.508795,0.496274,0.517402,0.501777,0.524795,0.50627,0.530094,0.509832,0.532671,0.512506,0.53223,0.514323,0.528828,0.515352,0.522861,0.515724,0.515048,0.515608,0.506378,0.515156,0.498029,0.514449,0.491238,0.513485,0.487138,0.512187,0.48661,0.510426,0.490132,0.508041,0.497663,0.504875,0.508546,0.500829,0.521491,0.495922,0.534714,0.490354,0.546256,0.484506,0.554442,0.478889,0.558303,0.474054,0.557826,0.470471,0.5539,0.468428,0.548013,0.46795,0.541801,0.46877,0.536634,0.470376,0.533325,0.472132,0.532021,0.473468,0.532264,0.474063,0.533179,0.473951,0.533743,0.473493,0.533085,0.473224,0.530734,0.473648,0.526742,0.47505,0.52165,0.477422,0.516293,0.480493,0.511512,0.483844,0.507863,0.487026,0.505441,0.489661,0.503855,0.491482,0.502378,0.492343,0.50021,0.492224,0.496775,0.491227,0.491938,0.489592,0.486076,0.4877,0.479972,0.486055,0.474587,0.485242,0.470804,0.48583,0.469229,0.488233,0.470126,0.492552,0.473454,0.498475,0.478952,0.505279,0.486194,0.511976,0.494583,0.517558,0.503329,0.521252,0.511484,0.522695,0.518088,0.521983,0.522384,0.519591,0.524017,0.516224,0.523121,0.512632,0.520239,0.509455,0.516139,0.507099,0.511608,0.50569,0.507311,0.505077,0.503745,0.504914,0.501262,0.5048,0.500125,0.504433,0.500551,0.503737,0.502703,0.50289,0.506651,0.502248,0.512283,0.502165,0.519224,0.502811,0.526807,0.504059,0.534142,0.505521,0.540286,0.506708,0.544474,0.50725,0.546332,0.507043,0.545951,0.506223,0.543773,0.504947,0.540271,0.50306,0.535529,0.499781,0.528883,0.493557,0.518798,0.482211,0.503079,0.463426,0.479397,0.435588,0.445948,0.399093,0.401815,0.359179,0.344929,0.34333,0.233658,0.747605
0.00460031,0.251248,0.203055,0.345892,0.306797,0.395817,0.375133,0.437207,0.424306,0.469063,0.459642,0.491021,0.484223,0.503891,0.500583,0.509292,0.510905,0.509275,0.516928,0.506001,0.519888,0.501469,0.520579,0.497272,0.51951,0.494394,0.517068,0.493143,0.513647,0.493241,0.509666,0.494062,0.505518,0.494918,0.50149,0.495291,0.497718,0.49494,0.494211,0.493884,0.490895,0.492296,0.48764,0.490371,0.484259,0.488235,0.480498,0.485925,0.476093,0.483432,0.470894,0.480779,0.465012,0.478071,0.458894,0.475503,0.453274,0.473311,0.449001,0.471726,0.446822,0.470945,0.447204,0.471159,0.450244,0.47259,0.455673,0.475498,0.462919,0.480107,0.471215,0.486488,0.479761,0.494441,0.48788,0.503441,0.495137,0.512679,0.501353,0.521189,0.506523,0.528019,0.510705,0.532389,0.513946,0.533801,0.516265,0.532091,0.517706,0.527449,0.518367,0.520418,0.518401,0.511875,0.51797,0.502966,0.517187,0.494986,0.516096,0.489199,0.514676,0.48667,0.51287,0.488096,0.510594,0.493681,0.507751,0.503035,0.504252,0.515131,0.500065,0.528375,0.495273,0.540847,0.490108,0.550695,0.484953,0.55659,0.480272,0.558067,0.476522,0.555615,0.474047,0.550482,0.472986,0.544282,0.473213,0.538547,0.474353,0.534371,0.475856,0.532219,0.477159,0.531899,0.477869,0.532692,0.477891,0.533585,0.477448,0.533568,0.476984,0.531931,0.476969,0.528473,0.477726,0.523555,0.479327,0.517971,0.481597,0.512672,0.484205,0.508434,0.486778,0.505598,0.488995,0.503962,0.490622,0.502865,0.491524,0.501431,0.491654,0.49888,0.491052,0.494815,0.489854,0.489376,0.48831,0.483208,0.486785,0.477277,0.485754,0.472594,0.485746,0.46996,0.487243,0.469823,0.490534,0.472263,0.49557,0.477067,0.501893,0.483819,0.508683,0.491944,0.514941,0.500699,0.519744,0.509195,0.522465,0.516477,0.522912,0.521715,0.521326,0.524408,0.518279,0.52452,0.514513,0.522467,0.510767,0.518971,0.507619,0.514841,0.505381,0.510801,0.504058,0.507395,0.503388,0.504991,0.502963,0.503831,0.502397,0.504088,0.50149,0.505895,0.500319,0.509326,0.499201,0.514334,0.498552,0.520672,0.498681,0.527826,0.499624,0.535026,0.501114,0.541356,0.502679,0.545966,0.503862,0.548301,0.504408,0.548264,0.504336,0.546203,0.503811,0.542679,0.502866,0.53806,0.501059,0.532094,0.497235,0.523648,0.489532,0.510739,0.475722,0.490931,0.453957,0.461937,0.42402,0.422217,0.389552,0.371497,0.36192,0.319975,0.311403,0.548357
0.698591,0.107244,0.327407,0.248731,0.364724,0.336416,0.412375,0.396737,0.450871,0.439759,0.479,0.470049,0.497254,0.490648,0.506962,0.504036,0.51,0.512223,0.508497,0.516705,0.504573,0.518485,0.500081,0.518203,0.496365,0.51631,0.494102,0.513222,0.493308,0.509384,0.493511,0.505248,0.494035,0.501184,0.494283,0.497413,0.493917,0.493996,0.492898,0.490874,0.491402,0.48792,0.489678,0.48496,0.487907,0.481768,0.48613,0.478087,0.484262,0.473712,0.482178,0.468615,0.479813,0.463059,0.477237,0.457607,0.474655,0.453021,0.472362,0.450071,0.470676,0.449347,0.469905,0.451135,0.470351,0.455377,0.472321,0.4617,0.476084,0.469478,0.481768,0.477949,0.489253,0.48637,0.498113,0.494172,0.50763,0.501034,0.516886,0.506851,0.524914,0.511639,0.530845,0.515431,0.534027,0.518241,0.534104,0.52009,0.531049,0.52105,0.5252,0.521255,0.517262,0.520869,0.508279,0.52003,0.49953,0.518818,0.492367,0.517253,0.488008,0.515327,0.487357,0.513021,0.490858,0.51031,0.498383,0.507156,0.509181,0.503527,0.521896,0.499439,0.534731,0.495006,0.545777,0.490471,0.553445,0.486183,0.556868,0.48254,0.556109,0.47989,0.552095,0.478444,0.546305,0.478193,0.540329,0.478885,0.535476,0.480071,0.532499,0.481231,0.531495,0.481939,0.531966,0.482012,0.53299,0.481562,0.533503,0.480937,0.532601,0.480561,0.529818,0.480762,0.525276,0.481659,0.519643,0.483146,0.513907,0.48497,0.509034,0.486834,0.505634,0.488482,0.503757,0.489741,0.502889,0.490513,0.502148,0.490756,0.500592,0.490475,0.49756,0.489727,0.492904,0.48864,0.487051,0.48744,0.480881,0.486459,0.47547,0.486127,0.471795,0.486915,0.470523,0.489219,0.471914,0.493217,0.475863,0.49873,0.481992,0.505188,0.489732,0.51172,0.498359,0.517359,0.507013,0.521289,0.514754,0.523037,0.520708,0.52256,0.524266,0.520214,0.525245,0.516639,0.523938,0.512596,0.521002,0.508788,0.517259,0.505719,0.513486,0.503586,0.510284,0.502271,0.508048,0.501417,0.507005,0.500591,0.507287,0.499477,0.508971,0.498019,0.512101,0.496453,0.51665,0.495205,0.522451,0.494692,0.529128,0.495123,0.536055,0.496386,0.542409,0.498094,0.547326,0.499751,0.550119,0.500975,0.550499,0.501636,0.548652,0.501833,0.545117,0.50169,0.540448,0.501025,0.534765,0.499057,0.527377,0.494267,0.51666,0.484574,0.500276,0.467891,0.475701,0.443152,0.440852,0.412004,0.394512,0.382428,0.335443,0.391574,0.228768,0.962682
0.0459065,0.210741,0.189716,0.322707,0.294563,0.382421,0.366062,0.428355,0.417061,0.463133,0.453457,0.487361,0.478733,0.502096,0.4956,0.508982,0.506299,0.510042,0.512576,0.507428,0.515659,0.503174,0.516346,0.498934,0.515175,0.495763,0.512584,0.494027,0.509029,0.493489,0.504991,0.493559,0.50091,0.493598,0.497099,0.493167,0.493693,0.492137,0.490675,0.490653,0.487933,0.489001,0.485302,0.487437,0.482582,0.486065,0.479541,0.484792,0.475958,0.483397,0.47172,0.481647,0.466935,0.479434,0.461985,0.476843,0.457493,0.474144,0.454177,0.471728,0.452679,0.470017,0.453412,0.469422,0.456492,0.470326,0.461749,0.473072,0.468752,0.477866,0.476853,0.484665,0.485314,0.493124,0.493473,0.502602,0.50087,0.512245,0.507279,0.521105,0.512643,0.528279,0.516964,0.533021,0.520247,0.534826,0.522495,0.533478,0.52375,0.529099,0.524127,0.522184,0.523791,0.513609,0.522902,0.504566,0.521573,0.496421,0.519855,0.490505,0.517771,0.487907,0.515347,0.489298,0.512619,0.494807,0.509618,0.503958,0.506353,0.515656,0.502827,0.528297,0.499079,0.540013,0.495229,0.549067,0.491499,0.554265,0.488189,0.555264,0.485611,0.552623,0.484003,0.547593,0.483437,0.541729,0.483769,0.536465,0.484651,0.532792,0.48562,0.531087,0.486248,0.531097,0.486297,0.532066,0.485798,0.532955,0.485018,0.53274,0.484333,0.530716,0.48406,0.526734,0.484338,0.521259,0.485104,0.515227,0.486156,0.509733,0.487259,0.505644,0.488229,0.50331,0.488964,0.502447,0.489432,0.502253,0.489626,0.501694,0.489547,0.499869,0.489201,0.496318,0.488618,0.49118,0.48789,0.485155,0.487197,0.479295,0.486831,0.474704,0.487181,0.472262,0.488668,0.472459,0.491617,0.475363,0.496108,0.480689,0.501854,0.487898,0.508209,0.496269,0.514288,0.504947,0.519188,0.512989,0.522213,0.519487,0.52303,0.523742,0.521722,0.525448,0.518736,0.524775,0.514758,0.522314,0.510545,0.518891,0.506755,0.515339,0.503791,0.512326,0.501727,0.510288,0.500323,0.509452,0.499161,0.509907,0.497833,0.511672,0.496142,0.514731,0.494198,0.519033,0.492377,0.524444,0.491162,0.530683,0.490912,0.537266,0.4917,0.543501,0.493274,0.548578,0.49517,0.551756,0.496921,0.55258,0.49825,0.551046,0.499137,0.547584,0.499703,0.542817,0.499941,0.537151,0.499388,0.530328,0.496888,0.521167,0.490588,0.507604,0.47829,0.487091,0.458219,0.457206,0.430257,0.416243,0.397564,0.363519,0.366355,0.301793,0.290876,0.383329
0.0689122,0.133267,0.264591,0.255711,0.347209,0.334654,0.401556,0.392435,0.443251,0.434761,0.473899,0.464918,0.494283,0.485584,0.50576,0.499113,0.510173,0.50745,0.50963,0.512044,0.506255,0.513876,0.501943,0.513588,0.498098,0.51166,0.49546,0.508546,0.494097,0.504734,0.493588,0.500707,0.493316,0.496855,0.492761,0.493405,0.491686,0.490404,0.490167,0.487773,0.488493,0.485363,0.48699,0.482994,0.485853,0.480465,0.485052,0.477573,0.484337,0.474168,0.483356,0.470248,0.481811,0.466036,0.479601,0.461991,0.476883,0.458722,0.474035,0.45685,0.471559,0.456848,0.469972,0.458945,0.469749,0.463128,0.471326,0.469175,0.47503,0.476632,0.480923,0.48485,0.488739,0.493133,0.4979,0.50091,0.507604,0.507823,0.516936,0.513716,0.524996,0.51854,0.530998,0.522279,0.534343,0.524914,0.534671,0.526461,0.53191,0.527008,0.526334,0.526715,0.518602,0.525764,0.509749,0.524304,0.501078,0.522421,0.49397,0.520159,0.489658,0.517566,0.489021,0.514718,0.492439,0.511709,0.499702,0.508614,0.50999,0.505467,0.521929,0.502282,0.533777,0.499092,0.543749,0.495997,0.550422,0.493183,0.553094,0.490886,0.551947,0.48933,0.547945,0.488636,0.542517,0.488744,0.537141,0.489397,0.532978,0.490194,0.530647,0.490722,0.530146,0.49071,0.530917,0.490128,0.532022,0.489185,0.532394,0.488219,0.53115,0.487537,0.527871,0.487284,0.522766,0.487415,0.51663,0.487753,0.510597,0.488099,0.50575,0.488327,0.502753,0.488415,0.501622,0.488412,0.501732,0.488381,0.50205,0.488351,0.501489,0.488308,0.499284,0.488211,0.495237,0.488034,0.489782,0.487813,0.483848,0.487682,0.478581,0.4879,0.47504,0.488832,0.473958,0.490866,0.475631,0.494269,0.479938,0.499033,0.486419,0.504792,0.494379,0.51085,0.502952,0.51634,0.511178,0.52044,0.518101,0.522573,0.522938,0.52253,0.525263,0.520497,0.525126,0.51699,0.523044,0.512725,0.519842,0.508442,0.516414,0.504729,0.513514,0.501876,0.51164,0.499823,0.511035,0.498233,0.511756,0.496665,0.513759,0.494792,0.516958,0.492569,0.521242,0.490268,0.526462,0.488367,0.532385,0.48734,0.538636,0.487443,0.54466,0.488601,0.549758,0.490451,0.553204,0.492506,0.554446,0.49437,0.553298,0.49588,0.550024,0.497084,0.545211,0.498053,0.539435,0.498569,0.532811,0.497825,0.524626,0.494275,0.513214,0.485774,0.496196,0.470093,0.470997,0.445857,0.435503,0.413789,0.388585,0.377422,0.329481,0.339241,0.224663,0.410084
0.269318,0.209573,0.235287,0.312631,0.306952,0.371484,0.367559,0.41942,0.414615,0.456653,0.449448,0.483176,0.474067,0.499901,0.490678,0.508421,0.501317,0.510723,0.507621,0.508945,0.510757,0.505135,0.5115,0.500985,0.510387,0.497601,0.507875,0.495404,0.504439,0.494218,0.500578,0.493521,0.496737,0.492763,0.493227,0.491603,0.490177,0.490022,0.48756,0.48827,0.485255,0.486713,0.483102,0.485643,0.480933,0.485132,0.478577,0.48498,0.475891,0.484783,0.472816,0.484092,0.469456,0.482599,0.466111,0.480271,0.463252,0.477382,0.461417,0.474439,0.461077,0.472044,0.462511,0.470753,0.465775,0.47108,0.470806,0.4735,0.477398,0.478252,0.48509,0.485181,0.493236,0.493771,0.501195,0.503251,0.50849,0.51273,0.514845,0.521323,0.52014,0.528239,0.524319,0.532842,0.527339,0.534683,0.529183,0.533541,0.529905,0.529485,0.52965,0.522941,0.528618,0.514729,0.526999,0.506011,0.524922,0.498142,0.522456,0.492442,0.51966,0.489967,0.516628,0.491326,0.513492,0.496575,0.510393,0.505164,0.507429,0.515975,0.504633,0.527447,0.502,0.537839,0.499535,0.545597,0.497303,0.549734,0.49544,0.550071,0.494121,0.547256,0.493479,0.542524,0.493515,0.537319,0.494054,0.532909,0.494755,0.530102,0.495226,0.529123,0.49517,0.529625,0.494508,0.530812,0.493406,0.53165,0.492178,0.531149,0.491132,0.528662,0.490425,0.524119,0.490017,0.5181,0.48973,0.511679,0.489372,0.506079,0.48885,0.502256,0.488208,0.500571,0.48759,0.50067,0.487154,0.501623,0.486995,0.502248,0.487112,0.501509,0.487424,0.498859,0.487811,0.494397,0.488177,0.488826,0.488498,0.483237,0.48888,0.478793,0.489571,0.476448,0.490936,0.476759,0.493341,0.479825,0.497005,0.485341,0.501846,0.492679,0.507434,0.500988,0.513054,0.50928,0.517877,0.516541,0.521166,0.521893,0.522455,0.524779,0.521639,0.525122,0.51899,0.523348,0.515079,0.520269,0.510637,0.516844,0.506372,0.513931,0.50278,0.51212,0.500021,0.511699,0.497912,0.512708,0.49605,0.515047,0.494025,0.518548,0.491631,0.523024,0.488987,0.528273,0.486502,0.534059,0.484696,0.540069,0.483981,0.545867,0.484478,0.550882,0.485981,0.554471,0.488059,0.556055,0.490254,0.555319,0.492266,0.552343,0.494027,0.547598,0.495597,0.541711,0.496916,0.535068,0.497483,0.527393,0.496098,0.517485,0.490818,0.503282,0.479238,0.482248,0.459151,0.451994,0.429561,0.41094,0.391878,0.359195,0.349716,0.308342,0.263916,0.533137
0.749929,0.200257,0.311473,0.287608,0.341195,0.344749,0.392024,0.393995,0.435525,0.432734,0.468494,0.461217,0.491022,0.481061,0.504334,0.494206,0.510233,0.502401,0.510799,0.506988,0.508152,0.508888,0.504195,0.50872,0.500357,0.506956,0.497422,0.504055,0.495516,0.5005,0.494295,0.496766,0.49324,0.493228,0.491939,0.4901,0.490268,0.487422,0.488406,0.485115,0.486718,0.483045,0.485572,0.481072,0.485156,0.479067,0.485376,0.476921,0.485855,0.474569,0.486062,0.472046,0.485507,0.469528,0.483933,0.467342,0.481425,0.465906,0.478408,0.465635,0.475512,0.466813,0.473371,0.46949,0.472511,0.473609,0.47351,0.479203,0.476872,0.486112,0.482651,0.493843,0.490414,0.501755,0.499412,0.509272,0.508755,0.516001,0.517561,0.521724,0.525048,0.526329,0.530577,0.529738,0.533668,0.531898,0.534011,0.532821,0.531512,0.53262,0.526376,0.5315,0.519179,0.52969,0.510877,0.527375,0.502715,0.524664,0.496027,0.52163,0.491996,0.518366,0.491438,0.51502,0.494655,0.51178,0.501368,0.508812,0.510722,0.506208,0.521375,0.50397,0.531702,0.502049,0.540112,0.500407,0.54541,0.499066,0.547108,0.498122,0.545527,0.497684,0.541665,0.497795,0.53687,0.498345,0.532449,0.499058,0.529353,0.499562,0.527997,0.499538,0.52823,0.498856,0.529419,0.497636,0.530612,0.496178,0.530784,0.494807,0.52912,0.493708,0.525291,0.49285,0.519613,0.492044,0.513011,0.491075,0.506745,0.489846,0.502007,0.488444,0.499508,0.487103,0.499241,0.486094,0.500488,0.485613,0.502078,0.485713,0.502785,0.486304,0.501724,0.487202,0.498619,0.488195,0.493867,0.489118,0.488392,0.489912,0.483369,0.49068,0.479911,0.491689,0.478826,0.49332,0.480478,0.495926,0.484778,0.499679,0.491237,0.504436,0.499065,0.509719,0.507267,0.514814,0.514773,0.51894,0.520595,0.521446,0.524034,0.521959,0.524856,0.520465,0.523371,0.517309,0.520352,0.513107,0.516815,0.508594,0.513737,0.504421,0.511835,0.500972,0.511478,0.498277,0.512722,0.496048,0.515419,0.493862,0.519321,0.491384,0.524152,0.488558,0.529634,0.485655,0.535487,0.483169,0.541408,0.481607,0.547038,0.481274,0.55193,0.482159,0.555556,0.483955,0.557384,0.486214,0.557034,0.488545,0.554434,0.490746,0.549891,0.492804,0.543985,0.494725,0.537251,0.496239,0.529768,0.496491,0.520806,0.49385,0.508722,0.485974,0.491189,0.470218,0.46571,0.444384,0.430282,0.407765,0.383936,0.363433,0.325814,0.339406,0.22081,0.794585
0.607496,0.225664,0.295994,0.306373,0.326619,0.361006,0.373939,0.410435,0.415269,0.450018,0.447265,0.478795,0.470373,0.497502,0.486177,0.507693,0.496425,0.51134,0.502595,0.510563,0.50576,0.507396,0.506641,0.503525,0.505749,0.500073,0.503526,0.497498,0.500429,0.495698,0.496929,0.494257,0.493443,0.492744,0.490254,0.490946,0.487478,0.488949,0.485088,0.487083,0.482982,0.485753,0.48105,0.485256,0.479203,0.485626,0.477381,0.486582,0.475552,0.487592,0.473735,0.488049,0.472034,0.487483,0.470652,0.485747,0.469877,0.483086,0.470028,0.480082,0.47136,0.477437,0.473915,0.475681,0.477457,0.475266,0.482044,0.477006,0.487952,0.481336,0.494989,0.487993,0.502598,0.496257,0.510149,0.505217,0.517134,0.513963,0.523228,0.521708,0.528243,0.527829,0.532054,0.531853,0.534566,0.533441,0.535738,0.532401,0.535638,0.528752,0.534453,0.522829,0.53244,0.515342,0.529843,0.507351,0.526832,0.500124,0.523511,0.494902,0.51997,0.492664,0.516353,0.493941,0.512867,0.498713,0.509736,0.506388,0.507124,0.515867,0.505083,0.525691,0.503558,0.534308,0.502436,0.54041,0.501635,0.543254,0.501146,0.542856,0.501027,0.53995,0.501331,0.535733,0.502006,0.531503,0.50284,0.528304,0.503493,0.526707,0.503621,0.526732,0.503033,0.527901,0.50179,0.529373,0.500173,0.530142,0.498529,0.529292,0.497092,0.526279,0.495865,0.521148,0.494647,0.514599,0.493183,0.507832,0.491338,0.50218,0.489203,0.498675,0.487078,0.497691,0.485354,0.498823,0.484357,0.501035,0.484236,0.503009,0.484933,0.503582,0.48623,0.502098,0.487823,0.498583,0.489418,0.493699,0.490805,0.488521,0.491924,0.484239,0.492909,0.481861,0.49407,0.482023,0.495811,0.484896,0.498474,0.490203,0.502181,0.497278,0.506735,0.505173,0.511629,0.512782,0.51616,0.519016,0.5196,0.523018,0.521375,0.52437,0.521192,0.52322,0.519118,0.520262,0.515563,0.516539,0.511181,0.51315,0.506691,0.510972,0.502667,0.510502,0.499369,0.511851,0.4967,0.514849,0.494306,0.519176,0.491786,0.524461,0.48892,0.530334,0.485801,0.536444,0.482817,0.542455,0.480494,0.548038,0.479275,0.552834,0.479343,0.556437,0.480571,0.558413,0.482598,0.558387,0.485004,0.556191,0.48748,0.551973,0.489904,0.54619,0.492265,0.539412,0.494439,0.531959,0.49587,0.523522,0.495288,0.512922,0.4906,0.498173,0.479065,0.476848,0.457799,0.44669,0.42449,0.406263,0.378142,0.355344,0.319624,0.295295,0.222683,0.342864
0.342518,0.239105,0.264843,0.309804,0.32492,0.354697,0.381088,0.397413,0.427535,0.432431,0.462938,0.458733,0.487563,0.477303,0.502676,0.489747,0.510095,0.497622,0.511896,0.502145,0.510173,0.504159,0.506796,0.504231,0.503173,0.502806,0.500095,0.500308,0.49774,0.497185,0.495861,0.493865,0.494069,0.490681,0.492094,0.487816,0.489937,0.485302,0.487861,0.483076,0.486275,0.481055,0.485552,0.479187,0.485856,0.477464,0.48704,0.475912,0.488649,0.474583,0.49004,0.473559,0.490589,0.472969,0.48991,0.472985,0.488014,0.473806,0.485329,0.475621,0.482575,0.478507,0.480406,0.482102,0.478931,0.485886,0.478886,0.490621,0.481433,0.496686,0.486662,0.503719,0.49392,0.511084,0.50226,0.51818,0.510714,0.524569,0.518457,0.529969,0.524866,0.534196,0.529497,0.537105,0.53203,0.538599,0.532237,0.538684,0.530016,0.537501,0.525493,0.535312,0.51912,0.532414,0.511721,0.529052,0.504413,0.525383,0.498421,0.521513,0.494826,0.517574,0.494355,0.513764,0.497229,0.510339,0.503117,0.507535,0.511165,0.505478,0.520118,0.504151,0.528529,0.503415,0.535051,0.503099,0.538765,0.503086,0.539416,0.503353,0.537465,0.503932,0.533927,0.504815,0.530036,0.505859,0.526893,0.506767,0.525191,0.507183,0.525099,0.506846,0.526279,0.505734,0.528,0.504082,0.529308,0.502254,0.529244,0.500545,0.527106,0.499016,0.522688,0.497485,0.516435,0.495654,0.509388,0.49332,0.502921,0.490533,0.498309,0.487624,0.496307,0.485087,0.496896,0.483395,0.499289,0.482836,0.502205,0.483429,0.504292,0.48496,0.504549,0.487061,0.502601,0.489325,0.498768,0.491404,0.493924,0.493082,0.489224,0.494338,0.485804,0.495366,0.484535,0.496532,0.485867,0.49826,0.48978,0.500871,0.495808,0.504438,0.503117,0.508716,0.51062,0.513182,0.517156,0.517152,0.521711,0.519947,0.523661,0.521055,0.522948,0.52026,0.520128,0.517702,0.516219,0.513855,0.51242,0.509397,0.509784,0.505013,0.508983,0.501177,0.51024,0.498023,0.513404,0.49535,0.518099,0.492775,0.523862,0.489963,0.530222,0.486821,0.536738,0.483572,0.543013,0.480674,0.548699,0.478633,0.553483,0.477798,0.557061,0.478239,0.559113,0.479747,0.559335,0.48195,0.557527,0.484484,0.553714,0.487121,0.548206,0.48978,0.54151,0.492391,0.534069,0.494621,0.525897,0.495555,0.516265,0.493459,0.50361,0.485758,0.485732,0.469327,0.460291,0.441015,0.42545,0.398055,0.380579,0.337421,0.326493,0.25229,0.232251,0.186307
0.589995,0.168149,0.301246,0.279774,0.335055,0.346849,0.379064,0.400802,0.416808,0.443202,0.446214,0.474211,0.467636,0.494804,0.482417,0.506627,0.49212,0.51168,0.498089,0.512068,0.501299,0.509775,0.502402,0.506436,0.501862,0.503136,0.500081,0.500351,0.497473,0.49805,0.494452,0.495943,0.491377,0.493751,0.488481,0.491404,0.485851,0.489095,0.483466,0.487206,0.481269,0.486149,0.479237,0.486199,0.47741,0.487355,0.47588,0.489289,0.474764,0.491408,0.47418,0.493013,0.474232,0.49353,0.47502,0.492714,0.47663,0.490761,0.47914,0.488286,0.482633,0.48614,0.486969,0.48454,0.490731,0.482782,0.494145,0.483158,0.49893,0.486574,0.505093,0.492515,0.512029,0.499989,0.519065,0.50794,0.525648,0.515467,0.531395,0.521913,0.536046,0.526855,0.5394,0.530015,0.541302,0.531187,0.541683,0.530219,0.540619,0.527083,0.538339,0.521997,0.535172,0.515523,0.531434,0.508567,0.527362,0.502249,0.523106,0.497685,0.518791,0.495747,0.514597,0.49687,0.510782,0.500969,0.507627,0.50744,0.505345,0.515245,0.50399,0.523086,0.503447,0.529653,0.503494,0.533924,0.503914,0.535425,0.504583,0.534362,0.505481,0.531534,0.506619,0.528075,0.507922,0.525102,0.509159,0.523407,0.509979,0.52329,0.510059,0.524537,0.509274,0.526517,0.507771,0.528338,0.505902,0.529035,0.504016,0.527802,0.502262,0.524227,0.500506,0.518494,0.49843,0.511425,0.495753,0.504325,0.492445,0.498615,0.488814,0.495386,0.485426,0.49503,0.482899,0.497114,0.481688,0.500525,0.481943,0.503844,0.483498,0.505793,0.485957,0.505607,0.48882,0.503215,0.491611,0.499195,0.493972,0.494563,0.49573,0.490486,0.496936,0.488001,0.49786,0.487811,0.498922,0.490179,0.500553,0.494895,0.503043,0.501309,0.506415,0.508428,0.510387,0.515076,0.514427,0.520114,0.517868,0.522708,0.520073,0.52256,0.520586,0.520019,0.51926,0.51601,0.516312,0.51178,0.512274,0.508547,0.507835,0.507196,0.503621,0.50812,0.499997,0.511244,0.496976,0.516172,0.494285,0.52236,0.491551,0.529229,0.48853,0.53624,0.485251,0.542914,0.482031,0.548853,0.479348,0.553744,0.477653,0.557345,0.477196,0.559445,0.477954,0.559842,0.479679,0.558373,0.48202,0.554998,0.484678,0.54989,0.487486,0.54344,0.490354,0.536098,0.493085,0.528087,0.49506,0.519061,0.49494,0.507903,0.490489,0.492759,0.478667,0.471375,0.456011,0.44166,0.419077,0.402352,0.364107,0.35441,0.282878,0.317785,0.140951,0.682651
0.173455,0.202331,0.230456,0.307333,0.307831,0.359297,0.369661,0.400272,0.419376,0.432791,0.457183,0.457171,0.48376,0.474451,0.500556,0.486126,0.509479,0.493637,0.512618,0.498101,0.512025,0.50028,0.509491,0.500682,0.506353,0.499704,0.503368,0.497726,0.50075,0.495135,0.498351,0.492292,0.495931,0.489462,0.49338,0.486776,0.490824,0.484248,0.488602,0.481843,0.487139,0.479557,0.486786,0.477467,0.487678,0.475729,0.489639,0.474542,0.49219,0.474097,0.494648,0.474534,0.496324,0.47593,0.496756,0.4783,0.495876,0.481603,0.494066,0.485804,0.49217,0.491052,0.491246,0.49668,0.48914,0.498697,0.486774,0.501734,0.487886,0.506687,0.492146,0.51293,0.498482,0.519707,0.505723,0.526361,0.512852,0.532396,0.519139,0.537466,0.524146,0.541306,0.527639,0.543703,0.529469,0.54451,0.529496,0.543718,0.527612,0.541493,0.523852,0.538153,0.518523,0.534073,0.512279,0.529576,0.506067,0.524883,0.500957,0.520143,0.4979,0.515516,0.497509,0.511239,0.499925,0.507612,0.50478,0.504916,0.511262,0.503299,0.518248,0.502714,0.524519,0.502939,0.529023,0.503682,0.531134,0.504715,0.530828,0.505935,0.528684,0.507339,0.525699,0.50891,0.522964,0.510499,0.521349,0.511794,0.521273,0.512433,0.52264,0.512176,0.524911,0.51105,0.527248,0.509341,0.528697,0.507427,0.528388,0.505545,0.525754,0.50365,0.520738,0.50144,0.513914,0.49857,0.50643,0.494904,0.499743,0.490676,0.49519,0.48647,0.493567,0.483025,0.494857,0.480977,0.498238,0.480651,0.502359,0.481988,0.505777,0.484603,0.507383,0.487933,0.506699,0.491388,0.503941,0.494475,0.499889,0.496879,0.495633,0.498508,0.492288,0.49951,0.490755,0.500229,0.491563,0.501123,0.494783,0.502613,0.500013,0.504949,0.506433,0.50811,0.512926,0.511784,0.518291,0.515428,0.521512,0.518392,0.522034,0.520067,0.519948,0.52005,0.516003,0.51827,0.511417,0.515021,0.50753,0.510885,0.505447,0.506545,0.505783,0.50255,0.508609,0.49915,0.513565,0.496257,0.520046,0.493558,0.527376,0.490722,0.534905,0.487602,0.54206,0.484327,0.548371,0.481264,0.553491,0.478875,0.557196,0.477538,0.559357,0.477419,0.55988,0.478435,0.558685,0.480327,0.555733,0.482787,0.551104,0.485573,0.545054,0.488541,0.537963,0.49154,0.530139,0.494169,0.521519,0.495454,0.511399,0.493576,0.498334,0.485799,0.480309,0.468686,0.455162,0.438575,0.421165,0.391889,0.377391,0.323932,0.321921,0.219818,0.216124,0.0208962
0.11796,0.169305,0.268916,0.266815,0.33759,0.334438,0.382647,0.391339,0.418327,0.436269,0.445806,0.469286,0.465798,0.491569,0.479635,0.504919,0.488815,0.511402,0.494601,0.513102,0.497891,0.511925,0.499269,0.509401,0.499147,0.506539,0.497881,0.503799,0.495832,0.501209,0.493345,0.498605,0.4907,0.495868,0.488056,0.493073,0.485454,0.490512,0.482871,0.4886,0.48031,0.487739,0.477864,0.488171,0.475741,0.489876,0.474224,0.492522,0.473602,0.495519,0.474097,0.498156,0.475823,0.499821,0.478773,0.500209,0.482837,0.499433,0.48781,0.498028,0.493645,0.497385,0.501402,0.499343,0.505091,0.492738,0.505183,0.490742,0.50846,0.492903,0.513726,0.497802,0.520031,0.504112,0.526607,0.510678,0.53285,0.516651,0.538313,0.521537,0.542665,0.52512,0.545629,0.527315,0.546991,0.528043,0.546644,0.527187,0.544666,0.524665,0.541323,0.520571,0.537009,0.515298,0.532124,0.50957,0.526978,0.504334,0.521776,0.50055,0.516681,0.498955,0.511898,0.499885,0.507715,0.503192,0.504453,0.50828,0.502355,0.514218,0.501472,0.519913,0.501635,0.524343,0.502527,0.526798,0.503824,0.527073,0.505325,0.525537,0.506975,0.523019,0.508788,0.520553,0.5107,0.519051,0.512477,0.519044,0.513755,0.520558,0.514198,0.523143,0.513685,0.526013,0.512384,0.528222,0.510645,0.528859,0.508779,0.527241,0.506843,0.52311,0.504602,0.516789,0.50168,0.509213,0.497833,0.501765,0.49318,0.495926,0.488263,0.49283,0.483893,0.4929,0.480877,0.495701,0.479746,0.500091,0.480603,0.50459,0.483133,0.507836,0.486746,0.508968,0.490753,0.507803,0.494537,0.504805,0.497649,0.500889,0.499863,0.497148,0.501197,0.4946,0.501891,0.493991,0.502354,0.495664,0.503056,0.4995,0.504396,0.504914,0.506581,0.510936,0.509548,0.516383,0.51296,0.52012,0.516262,0.521354,0.518803,0.519887,0.520001,0.516218,0.519512,0.511441,0.517344,0.506945,0.513874,0.504024,0.509723,0.503548,0.505545,0.505798,0.501803,0.51052,0.498637,0.517098,0.495879,0.524768,0.493209,0.532771,0.490353,0.540428,0.487249,0.547184,0.484093,0.552633,0.481271,0.556535,0.479205,0.5588,0.478206,0.559428,0.478375,0.558443,0.479599,0.555865,0.481632,0.551737,0.484206,0.546204,0.487116,0.539529,0.490201,0.532007,0.493183,0.523739,0.495385,0.514357,0.495412,0.502831,0.490945,0.487484,0.478799,0.466263,0.455314,0.437239,0.41696,0.399124,0.360886,0.350649,0.284882,0.279699,0.168886,0.138783
0.48771,0.231468,0.242004,0.319581,0.296342,0.364551,0.359089,0.402681,0.41131,0.433333,0.451176,0.456306,0.47942,0.472572,0.497703,0.483608,0.508061,0.490818,0.512606,0.495261,0.513325,0.497635,0.511896,0.498394,0.509542,0.497891,0.506952,0.496462,0.504349,0.494437,0.501673,0.492096,0.498823,0.489614,0.495839,0.487047,0.492966,0.484375,0.490599,0.481587,0.489167,0.478774,0.488996,0.476168,0.490199,0.474124,0.492608,0.473036,0.495773,0.473243,0.499045,0.474943,0.501748,0.478167,0.503404,0.482798,0.503902,0.488564,0.503456,0.49497,0.502609,0.502444,0.505293,0.519996,0.502452,0.509501,0.4952,0.510338,0.494814,0.514348,0.497987,0.519967,0.503139,0.5263,0.508975,0.532645,0.514506,0.538456,0.519137,0.543321,0.522628,0.546904,0.524942,0.548926,0.526081,0.549194,0.525978,0.547677,0.524508,0.544555,0.521613,0.540193,0.51745,0.535036,0.512496,0.529483,0.507516,0.523823,0.503405,0.518246,0.500962,0.51294,0.500674,0.508159,0.502592,0.504231,0.506325,0.501469,0.511123,0.500037,0.516041,0.499865,0.520132,0.500667,0.522665,0.502066,0.523314,0.503755,0.522262,0.505597,0.520167,0.507597,0.517964,0.509764,0.516576,0.511965,0.516629,0.513883,0.518275,0.515129,0.521168,0.515432,0.524576,0.514799,0.52756,0.513489,0.529171,0.511831,0.528634,0.509987,0.52553,0.507819,0.51995,0.504971,0.512587,0.501116,0.50467,0.49624,0.497706,0.490782,0.493077,0.485563,0.491612,0.481525,0.493322,0.479411,0.497395,0.479533,0.502458,0.481711,0.507017,0.485376,0.509891,0.489775,0.510498,0.494168,0.508936,0.497976,0.505858,0.50085,0.502239,0.502687,0.499121,0.503617,0.497391,0.50396,0.497625,0.50416,0.499982,0.504681,0.504152,0.505891,0.509386,0.507956,0.51461,0.510778,0.518654,0.513985,0.520544,0.517,0.519799,0.519165,0.516618,0.519927,0.51188,0.519006,0.506921,0.516506,0.503162,0.512883,0.501717,0.508784,0.503131,0.50482,0.507329,0.501356,0.513751,0.498436,0.521581,0.495839,0.529954,0.493254,0.538077,0.490465,0.5453,0.487475,0.551142,0.48452,0.555319,0.481977,0.557745,0.48023,0.558482,0.479533,0.557657,0.479948,0.55538,0.481352,0.551723,0.483516,0.546763,0.486203,0.540645,0.489217,0.533581,0.492326,0.525723,0.495059,0.516932,0.496394,0.506549,0.494469,0.49328,0.48649,0.475315,0.468966,0.450688,0.438312,0.417867,0.391764,0.376476,0.329524,0.327227,0.272557,0.235194,0.562319
0.890359,0.155052,0.340585,0.251311,0.348576,0.322279,0.385827,0.38217,0.419443,0.429278,0.445706,0.46393,0.464766,0.48761,0.477936,0.502321,0.486732,0.510207,0.4924,0.51332,0.495791,0.51346,0.497442,0.512022,0.497723,0.509908,0.49696,0.507531,0.49547,0.504958,0.493531,0.502129,0.49133,0.499061,0.48893,0.495952,0.4863,0.493172,0.4834,0.491158,0.48029,0.490297,0.477195,0.490812,0.474515,0.49269,0.47274,0.495647,0.472339,0.499155,0.473637,0.502562,0.476749,0.505287,0.481597,0.507054,0.487964,0.507956,0.495324,0.507884,0.502156,0.506777,0.509438,0.507848,0.512493,0.500475,0.511978,0.497729,0.514681,0.499014,0.51945,0.502811,0.525375,0.507754,0.531697,0.512727,0.537784,0.517006,0.543138,0.52028,0.547361,0.522528,0.550117,0.523827,0.551139,0.524194,0.550291,0.523528,0.547641,0.52169,0.54348,0.518654,0.538249,0.514654,0.532415,0.510237,0.526357,0.506171,0.520328,0.503249,0.514517,0.50206,0.509143,0.502822,0.504508,0.505326,0.500959,0.508997,0.498763,0.513034,0.497978,0.516589,0.498407,0.51896,0.499675,0.51976,0.501399,0.519036,0.50334,0.51728,0.505449,0.515305,0.507776,0.514007,0.510291,0.514081,0.512771,0.515806,0.514827,0.518957,0.516077,0.522873,0.516343,0.526628,0.515731,0.529236,0.514523,0.529841,0.512946,0.527884,0.510974,0.523256,0.508318,0.51641,0.504613,0.508363,0.499718,0.500545,0.493934,0.49447,0.488022,0.491303,0.482998,0.491509,0.479796,0.494689,0.478965,0.499722,0.480518,0.505118,0.483977,0.509477,0.48856,0.511859,0.493425,0.511975,0.497862,0.510153,0.501399,0.507166,0.503824,0.503985,0.505164,0.501555,0.505646,0.500614,0.505644,0.501561,0.505609,0.504369,0.505989,0.508555,0.507116,0.513236,0.50912,0.517303,0.511863,0.519687,0.51493,0.519669,0.517705,0.517137,0.51952,0.512683,0.51986,0.507487,0.518532,0.502999,0.515744,0.500532,0.512026,0.500909,0.508037,0.5043,0.504327,0.510282,0.501167,0.518042,0.498515,0.526628,0.496117,0.535133,0.493679,0.542797,0.491033,0.549054,0.488226,0.553558,0.485511,0.556198,0.483254,0.557064,0.481804,0.556364,0.48138,0.554312,0.482019,0.551054,0.483594,0.546658,0.485889,0.541181,0.488682,0.534723,0.491744,0.527398,0.494721,0.519182,0.496878,0.509699,0.496785,0.498031,0.492108,0.482693,0.47967,0.461836,0.455913,0.4337,0.417729,0.397403,0.363639,0.35562,0.295405,0.341043,0.194912,0.883183
0.109931,0.25551,0.19485,0.328341,0.279838,0.367102,0.348656,0.403655,0.403492,0.433585,0.44498,0.455924,0.474492,0.47163,0.493992,0.482269,0.505658,0.489289,0.511614,0.493742,0.51376,0.49629,0.51364,0.497357,0.51234,0.497276,0.510464,0.496358,0.508215,0.494888,0.505595,0.493065,0.502605,0.490958,0.499399,0.488522,0.496305,0.485673,0.493758,0.482411,0.492185,0.478919,0.491898,0.475598,0.493019,0.47301,0.495427,0.471752,0.498757,0.472298,0.502449,0.474891,0.5059,0.479525,0.508697,0.486046,0.510874,0.494256,0.512719,0.502895,0.511683,0.507573,0.50875,0.511841,0.504989,0.512641,0.501192,0.514521,0.500751,0.518417,0.503092,0.523797,0.507,0.529959,0.511305,0.536225,0.515158,0.542018,0.518139,0.54687,0.520199,0.550392,0.521465,0.55226,0.522047,0.55225,0.521917,0.550313,0.520922,0.546631,0.51892,0.541592,0.515937,0.535686,0.512294,0.529369,0.508583,0.522975,0.505531,0.516725,0.503773,0.510812,0.503656,0.505496,0.50513,0.501115,0.507777,0.498007,0.510928,0.496362,0.513838,0.496118,0.515862,0.496971,0.516604,0.49851,0.516029,0.500403,0.514493,0.502517,0.512684,0.504891,0.511432,0.507579,0.51147,0.510476,0.513191,0.513255,0.516504,0.515477,0.520851,0.516798,0.525337,0.517132,0.528943,0.516638,0.530733,0.515545,0.530025,0.513923,0.526536,0.511579,0.520488,0.508165,0.512667,0.503445,0.504346,0.497567,0.497053,0.491178,0.492187,0.485293,0.490618,0.480991,0.49241,0.479055,0.496801,0.479737,0.502456,0.482715,0.507881,0.487242,0.511856,0.492405,0.51372,0.497362,0.513445,0.501513,0.511532,0.504537,0.508798,0.506376,0.506158,0.507173,0.504432,0.507221,0.504196,0.506915,0.505674,0.5067,0.50866,0.506998,0.51252,0.508114,0.516297,0.510138,0.518926,0.512879,0.51953,0.515859,0.517715,0.518414,0.513754,0.519875,0.508582,0.519783,0.503569,0.518056,0.500139,0.515014,0.49937,0.511254,0.501718,0.507425,0.506972,0.504008,0.514398,0.501179,0.523001,0.498828,0.531763,0.496672,0.539807,0.494435,0.546465,0.491983,0.551319,0.489393,0.554213,0.486929,0.555232,0.484948,0.554636,0.483779,0.552737,0.483615,0.549781,0.484474,0.545883,0.486223,0.54106,0.488651,0.535311,0.49152,0.528655,0.494529,0.521086,0.497138,0.5124,0.498279,0.501997,0.496082,0.488749,0.487784,0.47105,0.470002,0.44709,0.439426,0.415352,0.393779,0.375402,0.33258,0.329163,0.257442,0.247149,0.257864
0.355733,0.118629,0.300702,0.231235,0.344609,0.310683,0.385142,0.373804,0.419357,0.422526,0.445616,0.45827,0.464412,0.482961,0.477278,0.498803,0.485865,0.507996,0.491469,0.512538,0.494935,0.514104,0.496784,0.513946,0.497379,0.512847,0.497041,0.511161,0.496068,0.508966,0.49468,0.506262,0.492965,0.503152,0.490868,0.499911,0.488254,0.496951,0.48504,0.49472,0.481328,0.493597,0.477472,0.493816,0.474063,0.49541,0.471799,0.498183,0.471314,0.501721,0.473016,0.505472,0.477005,0.508935,0.483154,0.511969,0.491403,0.515238,0.502193,0.519535,0.50852,0.513079,0.510011,0.508498,0.511888,0.504628,0.513622,0.502935,0.516801,0.50388,0.521563,0.506672,0.527431,0.510215,0.533758,0.513577,0.539909,0.516223,0.545346,0.518027,0.549626,0.519132,0.552379,0.519727,0.553316,0.519879,0.552286,0.519481,0.54935,0.518339,0.544801,0.51633,0.539098,0.513561,0.53274,0.510431,0.526138,0.507547,0.519571,0.505536,0.513231,0.504831,0.507328,0.505516,0.502159,0.507311,0.498086,0.509661,0.495407,0.511913,0.494216,0.513482,0.494342,0.513999,0.495415,0.513396,0.497052,0.51194,0.499025,0.510205,0.501319,0.50894,0.504027,0.508875,0.507155,0.51049,0.510487,0.513838,0.513595,0.518487,0.51602,0.523608,0.517476,0.528171,0.517944,0.531163,0.517579,0.531782,0.516495,0.529585,0.514601,0.524589,0.511607,0.517343,0.507232,0.508914,0.501488,0.500743,0.49487,0.494345,0.488326,0.490909,0.483007,0.49095,0.479901,0.494144,0.47952,0.499437,0.481758,0.505388,0.485973,0.510605,0.491225,0.514105,0.496563,0.515504,0.501244,0.514987,0.504831,0.513152,0.507184,0.510804,0.508384,0.50876,0.508655,0.507698,0.508323,0.508031,0.507782,0.509808,0.507461,0.512667,0.507762,0.515868,0.50896,0.518446,0.511095,0.519468,0.5139,0.518326,0.516819,0.514986,0.519136,0.510082,0.5202,0.5048,0.519644,0.500569,0.517517,0.498655,0.514253,0.499805,0.510502,0.504076,0.506886,0.510895,0.503803,0.519287,0.50134,0.528151,0.499321,0.536486,0.497444,0.54351,0.495442,0.548716,0.493206,0.551885,0.490839,0.553079,0.488622,0.552579,0.486911,0.550773,0.486021,0.548012,0.486123,0.544502,0.487212,0.540277,0.489141,0.535268,0.491685,0.52939,0.494566,0.522576,0.497358,0.514691,0.499267,0.505359,0.498839,0.493784,0.493765,0.478676,0.480967,0.458369,0.457111,0.431129,0.419493,0.395483,0.366849,0.349852,0.297875,0.289833,0.182415,0.301931
0.164436,0.22853,0.183914,0.316281,0.269003,0.362757,0.340417,0.402235,0.39664,0.433267,0.438946,0.455883,0.469186,0.471519,0.489564,0.482006,0.502343,0.488923,0.509623,0.493362,0.513198,0.495995,0.514475,0.497252,0.514408,0.49748,0.51351,0.496997,0.511956,0.496062,0.509762,0.494795,0.506982,0.493146,0.503819,0.490941,0.500637,0.488001,0.497882,0.484309,0.495979,0.480124,0.49525,0.476005,0.49586,0.472712,0.497775,0.471024,0.500752,0.471531,0.504356,0.474492,0.508074,0.479829,0.511557,0.487351,0.515097,0.497597,0.521574,0.5181,0.520392,0.509439,0.512073,0.510169,0.507736,0.511884,0.505245,0.514567,0.505004,0.518711,0.506687,0.524169,0.509405,0.530419,0.512226,0.536818,0.514511,0.542765,0.516036,0.547756,0.516912,0.55138,0.517381,0.553304,0.517605,0.553304,0.51756,0.551329,0.517061,0.547553,0.515896,0.542359,0.514001,0.536239,0.511579,0.529658,0.509086,0.52296,0.507093,0.51636,0.506074,0.510031,0.506222,0.504209,0.507374,0.499228,0.509077,0.495448,0.510745,0.493111,0.511845,0.492214,0.512039,0.492507,0.511262,0.49362,0.509742,0.495256,0.50797,0.497316,0.506614,0.499882,0.506372,0.503042,0.507778,0.506703,0.511013,0.510515,0.515794,0.51397,0.521398,0.516618,0.526817,0.518234,0.530979,0.518829,0.532967,0.518494,0.532183,0.517209,0.528453,0.514766,0.522103,0.510887,0.513971,0.505483,0.505338,0.498889,0.497717,0.491934,0.492507,0.485769,0.490612,0.481529,0.49217,0.479972,0.496511,0.48125,0.502384,0.484897,0.508354,0.490012,0.513207,0.495566,0.516229,0.500674,0.517276,0.504764,0.516683,0.507603,0.515078,0.509218,0.513201,0.509797,0.511751,0.509609,0.511254,0.508979,0.511964,0.508288,0.513772,0.507954,0.516191,0.508362,0.518435,0.509749,0.51961,0.512081,0.518993,0.51499,0.516292,0.517825,0.511831,0.519839,0.506538,0.520433,0.501739,0.519366,0.498791,0.516839,0.498687,0.513394,0.501784,0.509712,0.507742,0.506365,0.515682,0.503661,0.524471,0.501597,0.532992,0.499937,0.540333,0.498357,0.54588,0.496596,0.54934,0.494575,0.550728,0.492427,0.550324,0.490454,0.548566,0.489021,0.545903,0.488426,0.542648,0.48881,0.538905,0.490139,0.534591,0.492243,0.529536,0.494864,0.523577,0.497644,0.516558,0.499973,0.508224,0.50074,0.498039,0.498076,0.485038,0.48929,0.467819,0.471174,0.444716,0.440768,0.414063,0.396413,0.37398,0.338474,0.31821,0.271465,0.198367,0.345144
0.636136,0.118794,0.30096,0.224436,0.335861,0.303884,0.381269,0.367576,0.418173,0.416623,0.445529,0.452698,0.464649,0.477929,0.477516,0.49461,0.486012,0.504928,0.491537,0.510796,0.494982,0.513759,0.49689,0.51494,0.497658,0.515018,0.497637,0.514289,0.497132,0.512812,0.496317,0.510602,0.495176,0.507777,0.493512,0.504627,0.49106,0.501561,0.487661,0.499024,0.483428,0.497403,0.478826,0.496968,0.474614,0.497834,0.471676,0.499925,0.470789,0.502965,0.47241,0.506517,0.476584,0.510121,0.483031,0.513572,0.491471,0.517351,0.5021,0.521956,0.507689,0.515315,0.507937,0.510425,0.509427,0.507392,0.511749,0.506244,0.515321,0.506919,0.520283,0.508804,0.526313,0.511049,0.532822,0.512959,0.539169,0.514207,0.544789,0.514838,0.549224,0.515104,0.55211,0.51525,0.553179,0.515347,0.552296,0.515264,0.54952,0.514761,0.545126,0.513654,0.53955,0.511973,0.533271,0.510008,0.526684,0.508238,0.520045,0.507138,0.513511,0.506979,0.50725,0.507704,0.501531,0.508947,0.496716,0.510173,0.49315,0.510875,0.491009,0.510733,0.490216,0.509699,0.490497,0.507995,0.491542,0.506073,0.493177,0.504537,0.495429,0.50404,0.498419,0.505136,0.502164,0.508108,0.506429,0.512827,0.510732,0.518711,0.514518,0.524821,0.517367,0.530059,0.519103,0.533405,0.519723,0.534109,0.519224,0.531816,0.517471,0.52664,0.514223,0.519188,0.509336,0.510538,0.503004,0.502108,0.495906,0.495383,0.489127,0.491562,0.483876,0.491214,0.481123,0.49411,0.48129,0.499306,0.48414,0.505459,0.488886,0.511237,0.494473,0.51566,0.499891,0.518269,0.504415,0.519113,0.507695,0.5186,0.509699,0.517333,0.510596,0.515955,0.51063,0.515032,0.510077,0.514946,0.509246,0.515799,0.508508,0.51735,0.508275,0.519036,0.508911,0.520092,0.510594,0.519776,0.513181,0.517625,0.51618,0.513685,0.518854,0.508592,0.520456,0.50348,0.520485,0.499688,0.518865,0.49838,0.515953,0.500199,0.512386,0.505086,0.508842,0.512342,0.505826,0.520864,0.503546,0.529451,0.501907,0.537057,0.500614,0.542938,0.499325,0.546704,0.497792,0.548312,0.495972,0.548018,0.494039,0.546283,0.492323,0.543635,0.491191,0.540501,0.490916,0.537088,0.4916,0.533355,0.493171,0.529092,0.495422,0.524039,0.498041,0.517964,0.500539,0.510637,0.502062,0.501684,0.501132,0.490424,0.495472,0.475758,0.482125,0.45623,0.458002,0.430252,0.420925,0.396352,0.370948,0.352692,0.310438,0.293112,0.210767,0.284148
0.185817,0.198999,0.18236,0.298052,0.265184,0.355092,0.335847,0.399543,0.391546,0.432751,0.433604,0.456232,0.463948,0.47212,0.484813,0.482591,0.498439,0.489399,0.506847,0.493724,0.511714,0.496289,0.514319,0.497573,0.515514,0.497975,0.515741,0.497851,0.515138,0.497448,0.513705,0.496812,0.511479,0.495761,0.508646,0.493964,0.505547,0.49112,0.502608,0.487161,0.500252,0.482393,0.49883,0.477499,0.498577,0.473409,0.499573,0.471054,0.501714,0.471115,0.504698,0.473837,0.508087,0.479005,0.511456,0.486093,0.5146,0.494441,0.517335,0.502287,0.516424,0.504802,0.512349,0.506391,0.50912,0.508457,0.507363,0.511523,0.507207,0.515937,0.508308,0.521607,0.509972,0.528064,0.511506,0.534671,0.512494,0.540804,0.512896,0.545951,0.512941,0.54972,0.51292,0.551818,0.512999,0.552062,0.513128,0.550421,0.513086,0.547055,0.512624,0.542312,0.511634,0.536634,0.51025,0.530439,0.508834,0.524024,0.507826,0.517549,0.507547,0.511127,0.508034,0.504938,0.509003,0.499288,0.509962,0.49456,0.510404,0.491076,0.510001,0.488959,0.508705,0.488102,0.506752,0.488262,0.504588,0.489235,0.502784,0.49098,0.501954,0.493599,0.502647,0.497184,0.505218,0.50162,0.509677,0.506507,0.515604,0.511257,0.522178,0.515304,0.528326,0.518272,0.532951,0.520009,0.535162,0.520467,0.534424,0.519548,0.530646,0.517062,0.524214,0.512846,0.515984,0.506985,0.507211,0.500005,0.499361,0.492874,0.493809,0.48681,0.491481,0.482932,0.492591,0.481916,0.496584,0.483788,0.502336,0.487946,0.508518,0.493374,0.513974,0.498974,0.517976,0.503864,0.520288,0.507544,0.521078,0.509902,0.520767,0.511084,0.519888,0.511345,0.518971,0.510944,0.51845,0.510137,0.518569,0.509217,0.519301,0.508551,0.520312,0.508551,0.521021,0.509541,0.520756,0.511603,0.518982,0.514453,0.515533,0.517465,0.510767,0.519843,0.505569,0.520891,0.501163,0.520262,0.498789,0.518068,0.49932,0.514816,0.502996,0.511204,0.509362,0.507881,0.517424,0.50526,0.525947,0.503438,0.533761,0.50223,0.539976,0.501292,0.54408,0.500267,0.545948,0.498938,0.545794,0.497308,0.544084,0.495599,0.541398,0.494168,0.538269,0.493369,0.535024,0.493439,0.53171,0.494429,0.528132,0.496222,0.523965,0.498562,0.518884,0.501045,0.512607,0.502999,0.504831,0.503265,0.49507,0.499971,0.482512,0.490494,0.465969,0.47177,0.444014,0.441126,0.415313,0.397685,0.37928,0.344807,0.337433,0.299939,0.258315,0.512754
0.15721,0.113296,0.245376,0.223993,0.322194,0.302231,0.376637,0.36416,0.416945,0.412114,0.445771,0.447723,0.46546,0.473012,0.478447,0.490196,0.486845,0.501369,0.492187,0.508331,0.495446,0.512506,0.497234,0.514918,0.49802,0.516175,0.498218,0.516532,0.498154,0.516017,0.497965,0.514606,0.497524,0.512373,0.496478,0.509551,0.494403,0.506506,0.491036,0.503663,0.486471,0.501421,0.481239,0.500108,0.476233,0.499934,0.472485,0.500958,0.470883,0.503044,0.471923,0.505864,0.475582,0.508965,0.481358,0.511905,0.488421,0.514275,0.495539,0.515104,0.500366,0.512975,0.502767,0.510148,0.50481,0.508124,0.507476,0.507368,0.511331,0.507795,0.516523,0.508909,0.522758,0.510076,0.529452,0.510833,0.535949,0.511045,0.541679,0.510888,0.546208,0.51067,0.549232,0.510631,0.550547,0.51081,0.550068,0.511039,0.547864,0.511052,0.544175,0.510648,0.539372,0.509825,0.533857,0.508819,0.527948,0.50801,0.521821,0.507742,0.515552,0.508132,0.50923,0.508982,0.50306,0.509842,0.497393,0.510194,0.492631,0.509669,0.489079,0.508193,0.486837,0.505998,0.485815,0.503548,0.485852,0.501414,0.486864,0.500185,0.488909,0.500398,0.492099,0.502447,0.496421,0.506459,0.501584,0.512184,0.507036,0.518953,0.512125,0.525773,0.516303,0.531522,0.519242,0.535187,0.520791,0.536056,0.520843,0.53384,0.519242,0.528708,0.515831,0.521293,0.51062,0.512651,0.503993,0.504144,0.496779,0.497206,0.490142,0.493018,0.485285,0.492189,0.483096,0.494588,0.483877,0.499406,0.487257,0.505437,0.492335,0.511459,0.497979,0.516541,0.503165,0.520192,0.507224,0.522338,0.509917,0.5232,0.511349,0.523159,0.511796,0.522652,0.511546,0.522093,0.510838,0.521795,0.509898,0.521879,0.509013,0.52222,0.508559,0.52244,0.508932,0.522003,0.510386,0.520391,0.512862,0.517314,0.515911,0.512901,0.518789,0.507776,0.520692,0.502983,0.521042,0.499731,0.519686,0.49905,0.516936,0.501454,0.513422,0.50677,0.509865,0.514188,0.506848,0.522508,0.504675,0.530469,0.503327,0.537025,0.502537,0.541518,0.501916,0.543712,0.501118,0.543758,0.499968,0.542104,0.49853,0.539364,0.497072,0.536156,0.495962,0.53293,0.495528,0.529855,0.495954,0.526799,0.497236,0.523425,0.499205,0.519326,0.501531,0.514136,0.503676,0.507537,0.504726,0.49915,0.503172,0.488378,0.496764,0.474303,0.482621,0.455714,0.457765,0.431331,0.420197,0.400349,0.370853,0.365012,0.316989,0.360207,0.239467,0.977967
0.0679845,0.16924,0.18245,0.283386,0.268192,0.349294,0.335208,0.39767,0.388561,0.432777,0.429408,0.457127,0.459297,0.4733,0.480265,0.483723,0.49442,0.49031,0.503657,0.494349,0.509535,0.496655,0.513237,0.497798,0.51555,0.498258,0.516882,0.498446,0.51734,0.498605,0.51688,0.498703,0.515476,0.498416,0.513233,0.497244,0.510415,0.494738,0.507398,0.49075,0.504598,0.485592,0.502402,0.480029,0.501121,0.47511,0.500951,0.471886,0.501922,0.471113,0.503862,0.473036,0.506407,0.477338,0.509075,0.483237,0.51136,0.489633,0.512657,0.495097,0.512147,0.498543,0.510221,0.500885,0.508313,0.503326,0.507223,0.506673,0.507133,0.511313,0.507764,0.517165,0.508594,0.523756,0.50915,0.53044,0.509222,0.536593,0.508913,0.541732,0.508514,0.545532,0.508312,0.547788,0.508431,0.548399,0.508774,0.547373,0.509096,0.54486,0.509142,0.541137,0.508806,0.536555,0.508204,0.531423,0.50764,0.525932,0.507455,0.520138,0.507831,0.51405,0.508662,0.507755,0.509552,0.501507,0.509976,0.495704,0.509503,0.490773,0.507991,0.487024,0.505643,0.484577,0.502932,0.483398,0.500451,0.483427,0.498789,0.484677,0.498469,0.487248,0.499904,0.491184,0.503312,0.496308,0.508596,0.502145,0.515269,0.508024,0.52247,0.513275,0.529109,0.5174,0.534092,0.520108,0.536549,0.521234,0.535988,0.520626,0.532366,0.518136,0.526097,0.513726,0.518026,0.507657,0.509352,0.500614,0.501474,0.493661,0.495711,0.488022,0.492988,0.484745,0.493576,0.484388,0.497037,0.486843,0.502397,0.491391,0.508474,0.496933,0.514221,0.502341,0.518945,0.506769,0.522347,0.509812,0.524448,0.511489,0.52546,0.512082,0.525689,0.511933,0.525472,0.511318,0.525112,0.510438,0.524815,0.509496,0.524608,0.508787,0.524307,0.508696,0.523543,0.509576,0.521884,0.511559,0.519007,0.51441,0.514882,0.517516,0.509905,0.520057,0.5049,0.52129,0.500972,0.520819,0.499214,0.518716,0.50036,0.515475,0.504524,0.511809,0.51114,0.508417,0.519116,0.505787,0.527149,0.504094,0.534054,0.503212,0.539002,0.5028,0.541615,0.502448,0.541954,0.501839,0.540428,0.500858,0.537661,0.499629,0.534337,0.498458,0.531018,0.497705,0.528007,0.497653,0.525282,0.498426,0.522545,0.499961,0.519347,0.50202,0.515239,0.504174,0.509834,0.505696,0.502772,0.505379,0.49359,0.501349,0.481589,0.49102,0.465788,0.471372,0.445042,0.43964,0.418303,0.394554,0.384902,0.339305,0.343452,0.301568,0.250656,0.677429
0.36955,0.141629,0.254658,0.237681,0.319118,0.30599,0.37493,0.363438,0.416879,0.409212,0.446694,0.443774,0.466809,0.468725,0.479821,0.486073,0.487989,0.497768,0.49297,0.505481,0.495845,0.510544,0.497338,0.513917,0.498015,0.516185,0.498369,0.517584,0.498755,0.518111,0.499268,0.517677,0.499665,0.516258,0.499428,0.513985,0.497967,0.511142,0.494889,0.508113,0.490234,0.505308,0.484557,0.503107,0.478828,0.501811,0.474179,0.501592,0.471592,0.502444,0.471615,0.504148,0.474213,0.506302,0.478795,0.508395,0.484369,0.509883,0.489751,0.510224,0.49389,0.509264,0.496733,0.507776,0.499176,0.50662,0.50214,0.506199,0.506223,0.506447,0.511568,0.506987,0.517872,0.507378,0.524544,0.507361,0.530938,0.506961,0.536514,0.506427,0.540914,0.506068,0.543933,0.506071,0.545478,0.506418,0.545541,0.506904,0.544206,0.507261,0.541667,0.507308,0.538195,0.507059,0.534066,0.506735,0.529465,0.506653,0.524441,0.507045,0.518946,0.507896,0.512949,0.508886,0.506565,0.509498,0.500111,0.509239,0.494046,0.507871,0.48884,0.505522,0.484837,0.502647,0.48221,0.499866,0.481001,0.497789,0.481229,0.496928,0.482957,0.497697,0.486255,0.500379,0.491037,0.505016,0.496926,0.511307,0.503286,0.518562,0.50938,0.525789,0.514569,0.531871,0.518416,0.535809,0.520659,0.53692,0.521118,0.534944,0.519639,0.530078,0.516151,0.522952,0.510815,0.514579,0.50417,0.506248,0.497156,0.499314,0.490962,0.494911,0.486736,0.493657,0.485256,0.495498,0.48669,0.499758,0.490546,0.505398,0.495835,0.511348,0.501381,0.516777,0.506172,0.521205,0.509609,0.524466,0.511573,0.526605,0.512307,0.527783,0.512208,0.528216,0.511629,0.528143,0.510802,0.527777,0.509888,0.527237,0.509088,0.52649,0.508712,0.525338,0.509133,0.523475,0.510615,0.520615,0.513124,0.516653,0.516227,0.511809,0.519176,0.506698,0.521144,0.50227,0.521531,0.499596,0.520169,0.499555,0.517359,0.502526,0.513738,0.508213,0.510053,0.515705,0.506934,0.523723,0.504747,0.530973,0.503542,0.536449,0.503091,0.539599,0.503001,0.54036,0.502869,0.539074,0.502422,0.536355,0.501615,0.532929,0.500628,0.529456,0.499781,0.526371,0.499406,0.523786,0.499733,0.521492,0.500818,0.519054,0.502533,0.51596,0.504553,0.511741,0.506307,0.505994,0.506833,0.498305,0.504596,0.488116,0.497366,0.474646,0.482297,0.456933,0.456325,0.434007,0.416834,0.404986,0.362436,0.367514,0.293032,0.301354,0.185335,0.0973672
0.419469,0.185577,0.228148,0.286728,0.278765,0.349272,0.337368,0.397948,0.387371,0.43379,0.42655,0.458598,0.455645,0.47486,0.476398,0.48507,0.490743,0.491246,0.500442,0.4948,0.50695,0.496668,0.511391,0.497537,0.51453,0.497987,0.516777,0.498481,0.518228,0.499254,0.518791,0.500191,0.518345,0.500823,0.516878,0.500479,0.514543,0.498555,0.511644,0.4948,0.508571,0.489488,0.505735,0.483411,0.503509,0.477684,0.502174,0.47344,0.501868,0.471514,0.502535,0.472205,0.50391,0.475212,0.505562,0.479733,0.506984,0.484699,0.5077,0.489093,0.507445,0.492427,0.506485,0.495076,0.505473,0.497845,0.504903,0.501448,0.504886,0.506234,0.505195,0.512098,0.505461,0.518563,0.505402,0.525,0.504974,0.530826,0.504371,0.535637,0.503893,0.539217,0.503773,0.541491,0.50406,0.542462,0.504604,0.542196,0.505149,0.540824,0.505469,0.538538,0.505497,0.535555,0.505372,0.532037,0.505374,0.528024,0.505768,0.523431,0.506624,0.51813,0.507716,0.512085,0.508566,0.50547,0.508638,0.498683,0.507583,0.492263,0.505417,0.486746,0.502536,0.482538,0.499567,0.479879,0.497154,0.478864,0.495808,0.479538,0.495919,0.481961,0.497804,0.486116,0.501631,0.491733,0.507279,0.498241,0.514257,0.504889,0.521722,0.510935,0.528606,0.515809,0.533831,0.519137,0.536544,0.520681,0.53627,0.520267,0.532984,0.517789,0.527101,0.513325,0.519437,0.507275,0.511129,0.500438,0.503485,0.493925,0.497746,0.488925,0.494792,0.486392,0.494921,0.486753,0.49779,0.489783,0.502577,0.494663,0.508278,0.500241,0.513998,0.50538,0.519124,0.509274,0.52334,0.511612,0.526543,0.512544,0.528748,0.512483,0.530039,0.511875,0.530544,0.51104,0.530423,0.510154,0.529818,0.509352,0.528792,0.508848,0.527287,0.508964,0.525139,0.510019,0.522147,0.512136,0.518199,0.515078,0.51341,0.518226,0.508221,0.520756,0.503412,0.521924,0.499973,0.521339,0.498852,0.519087,0.500637,0.515671,0.50531,0.511818,0.512185,0.508248,0.520084,0.505489,0.527653,0.503775,0.53372,0.503034,0.537537,0.50296,0.538878,0.503134,0.537984,0.503179,0.535435,0.502887,0.531977,0.502277,0.528346,0.501565,0.5251,0.501068,0.522496,0.501074,0.520448,0.501748,0.518583,0.503081,0.516376,0.504865,0.513286,0.506664,0.508839,0.50772,0.502603,0.506796,0.494086,0.502016,0.482634,0.490838,0.46744,0.470251,0.447689,0.437176,0.422759,0.388722,0.392171,0.321006,0.353036,0.219566,0.255648,0.0224289
0.352528,0.176753,0.261517,0.252181,0.321947,0.310615,0.37616,0.364051,0.41816,0.407695,0.448287,0.441062,0.468508,0.465434,0.481331,0.482642,0.489071,0.494498,0.493491,0.502568,0.495808,0.508113,0.496873,0.512074,0.497371,0.515047,0.497871,0.517284,0.498745,0.518761,0.500036,0.519318,0.501384,0.518819,0.502112,0.517266,0.501468,0.51484,0.498924,0.511866,0.494436,0.508745,0.48853,0.505884,0.482192,0.503637,0.476609,0.502251,0.472837,0.501816,0.471514,0.502224,0.472693,0.503175,0.475853,0.504242,0.480084,0.504984,0.484389,0.505089,0.488064,0.504567,0.491036,0.503793,0.493821,0.503213,0.497103,0.503043,0.501368,0.503189,0.506706,0.503369,0.512799,0.503306,0.519084,0.502907,0.524967,0.502302,0.529997,0.501764,0.533933,0.501548,0.536707,0.501756,0.538357,0.502296,0.538961,0.502936,0.538624,0.50343,0.537482,0.503652,0.535685,0.503668,0.533352,0.503712,0.530509,0.504064,0.527046,0.504871,0.522768,0.506011,0.517502,0.507079,0.511247,0.507526,0.504263,0.506908,0.497052,0.505101,0.490255,0.502398,0.484497,0.4994,0.480261,0.496786,0.477824,0.495085,0.477267,0.494632,0.478604,0.49572,0.481865,0.498628,0.486899,0.503416,0.493228,0.509805,0.500115,0.517141,0.506758,0.524468,0.512474,0.530701,0.516778,0.534855,0.519358,0.536255,0.520005,0.534646,0.518581,0.530223,0.515087,0.523599,0.509795,0.515739,0.503351,0.507848,0.496753,0.501188,0.491178,0.496809,0.487698,0.495299,0.486979,0.49664,0.489071,0.500276,0.493384,0.505338,0.498862,0.510942,0.504304,0.516396,0.508713,0.521275,0.51155,0.525358,0.512799,0.528539,0.512833,0.530772,0.51217,0.532056,0.51125,0.53245,0.510329,0.532056,0.509535,0.530972,0.508999,0.529238,0.508953,0.526811,0.5097,0.523598,0.511456,0.519532,0.514155,0.514687,0.517343,0.509385,0.520263,0.50425,0.522103,0.500161,0.522287,0.498069,0.520683,0.498709,0.517619,0.502314,0.513747,0.508458,0.509821,0.516119,0.506485,0.523951,0.504144,0.530645,0.502898,0.535251,0.502576,0.537345,0.502817,0.537028,0.503203,0.534813,0.503404,0.531444,0.503275,0.527713,0.50289,0.524282,0.502481,0.521547,0.502339,0.519568,0.502701,0.518078,0.503667,0.516585,0.505152,0.514512,0.506854,0.511314,0.508192,0.506505,0.508186,0.499599,0.505296,0.489996,0.497318,0.476967,0.481481,0.459794,0.454729,0.438014,0.413938,0.411749,0.355386,0.383177,0.270625,0.380632,0.128225,0.960294
0.413399,0.196614,0.23148,0.292942,0.282395,0.351897,0.339121,0.399692,0.387196,0.435538,0.424958,0.460397,0.453174,0.476487,0.473483,0.486272,0.487701,0.491847,0.497485,0.49475,0.504216,0.496058,0.508988,0.49659,0.512582,0.497019,0.515437,0.497851,0.517663,0.499295,0.519134,0.501147,0.519638,0.502802,0.519041,0.503433,0.517372,0.50229,0.514847,0.499008,0.511813,0.493786,0.508672,0.48738,0.505813,0.480914,0.503557,0.475569,0.502101,0.472271,0.501481,0.471446,0.501548,0.472933,0.501994,0.47607,0.502444,0.479946,0.502578,0.483736,0.502278,0.487044,0.501705,0.490028,0.501179,0.4932,0.500935,0.497075,0.500977,0.501894,0.501103,0.507513,0.501066,0.513484,0.500736,0.519242,0.500188,0.524307,0.499655,0.528402,0.499391,0.531455,0.499537,0.533533,0.50005,0.534753,0.500729,0.535235,0.501324,0.535085,0.501666,0.5344,0.50176,0.53325,0.501794,0.531633,0.502047,0.529425,0.502731,0.526389,0.503828,0.522249,0.505032,0.516835,0.505824,0.510214,0.505692,0.502759,0.504377,0.495105,0.502029,0.488013,0.499178,0.482216,0.496525,0.47825,0.494652,0.476343,0.493838,0.476454,0.494234,0.478581,0.496181,0.482731,0.499949,0.488559,0.505479,0.495373,0.512328,0.502332,0.519708,0.508661,0.526596,0.513771,0.531942,0.517274,0.534896,0.518918,0.534978,0.518533,0.532151,0.516056,0.526818,0.511642,0.519758,0.505777,0.512044,0.499317,0.504894,0.493376,0.499443,0.489091,0.496495,0.48732,0.496324,0.488388,0.498649,0.491974,0.502787,0.497191,0.507921,0.502846,0.513338,0.507794,0.518546,0.511258,0.523243,0.512997,0.527238,0.513263,0.530375,0.512593,0.532529,0.511543,0.533631,0.510501,0.533696,0.509657,0.532794,0.509109,0.531009,0.508997,0.528389,0.509558,0.52494,0.511031,0.520671,0.513474,0.515663,0.516599,0.510175,0.519765,0.504713,0.522157,0.50004,0.52307,0.497066,0.522167,0.496612,0.519583,0.499123,0.515849,0.504432,0.511697,0.511728,0.507846,0.519732,0.504833,0.527052,0.50293,0.532542,0.502122,0.535557,0.502161,0.536018,0.50266,0.534334,0.503224,0.531219,0.503577,0.527497,0.503632,0.523918,0.503496,0.521005,0.503399,0.518964,0.503597,0.517663,0.504267,0.516689,0.505441,0.515475,0.50695,0.513425,0.508376,0.509995,0.508965,0.504666,0.507487,0.49685,0.50208,0.485816,0.490257,0.470827,0.469179,0.451456,0.435915,0.427865,0.387421,0.401217,0.319498,0.373007,0.223016,0.295591,0.122341
0.441849,0.147218,0.274589,0.246735,0.325981,0.31177,0.378387,0.364895,0.420068,0.407247,0.450146,0.439551,0.470196,0.463229,0.482612,0.480051,0.48974,0.491741,0.493452,0.499792,0.495105,0.505425,0.495695,0.509586,0.496015,0.512907,0.496693,0.515678,0.498101,0.51788,0.500219,0.519303,0.502576,0.519709,0.504356,0.518982,0.504665,0.517195,0.502849,0.514598,0.49876,0.511549,0.492846,0.508438,0.486049,0.505615,0.479559,0.503349,0.474497,0.501782,0.471631,0.500904,0.471196,0.500547,0.47287,0.500437,0.475932,0.500295,0.479545,0.499952,0.483086,0.499435,0.486376,0.498933,0.489655,0.498644,0.493345,0.498614,0.497753,0.498707,0.502887,0.498709,0.508441,0.498472,0.513925,0.498023,0.518864,0.497549,0.522945,0.497294,0.526079,0.497417,0.528348,0.497913,0.529918,0.498611,0.530947,0.499264,0.531553,0.499673,0.531804,0.499793,0.531727,0.499767,0.531285,0.499865,0.530343,0.500346,0.528643,0.501293,0.525846,0.502512,0.521641,0.503554,0.515898,0.503882,0.508792,0.503121,0.500837,0.501264,0.49282,0.498722,0.485647,0.496184,0.480146,0.494317,0.476836,0.493433,0.475713,0.493415,0.47655,0.494451,0.47951,0.497091,0.484509,0.501543,0.490944,0.507586,0.497943,0.514627,0.504644,0.521772,0.510361,0.52798,0.514627,0.532278,0.517146,0.533978,0.517724,0.532805,0.516251,0.528935,0.512778,0.522951,0.507637,0.515774,0.501518,0.508536,0.495427,0.502393,0.490503,0.498291,0.487746,0.496742,0.487734,0.497728,0.490437,0.500777,0.4952,0.505181,0.500922,0.51025,0.506376,0.51546,0.510565,0.520469,0.512985,0.525036,0.513688,0.528935,0.513148,0.531937,0.511998,0.533845,0.510774,0.534554,0.509791,0.534059,0.509181,0.532428,0.509031,0.529756,0.509493,0.52613,0.510775,0.521632,0.512996,0.516388,0.516008,0.510636,0.519311,0.504808,0.52214,0.499569,0.52372,0.495767,0.523541,0.494263,0.521541,0.495663,0.518096,0.500047,0.513875,0.50684,0.509619,0.514894,0.505963,0.522791,0.503323,0.529218,0.501848,0.533297,0.501432,0.534736,0.501777,0.533796,0.502492,0.53113,0.50322,0.527572,0.503735,0.523935,0.503995,0.520856,0.50412,0.518679,0.504325,0.517418,0.504822,0.516774,0.505729,0.516232,0.507002,0.515185,0.508376,0.513038,0.5093,0.509234,0.508826,0.503183,0.505442,0.494127,0.496951,0.481184,0.480703,0.463791,0.454073,0.442079,0.414546,0.417134,0.359834,0.391106,0.287571,0.363412,0.174874,0.454763
0.0714062,0.20525,0.199114,0.296499,0.281017,0.3541,0.340599,0.401645,0.387793,0.437396,0.424428,0.462074,0.451774,0.477785,0.471485,0.486976,0.48532,0.491822,0.494873,0.493992,0.501482,0.494714,0.506228,0.494927,0.509921,0.495381,0.513049,0.496599,0.515757,0.498749,0.517912,0.501538,0.519244,0.504246,0.519519,0.505919,0.518661,0.505685,0.51679,0.503064,0.514182,0.498149,0.511187,0.49161,0.508155,0.48452,0.505383,0.478076,0.503078,0.473308,0.501334,0.47083,0.500113,0.470722,0.499266,0.47256,0.498594,0.475622,0.497943,0.479177,0.497275,0.482767,0.496687,0.486321,0.496314,0.490057,0.496206,0.494245,0.496265,0.498984,0.496301,0.504106,0.496161,0.50923,0.495831,0.513919,0.495456,0.517849,0.495257,0.520903,0.495404,0.523165,0.495917,0.524837,0.496646,0.526135,0.497347,0.527213,0.497797,0.528147,0.497909,0.528938,0.497784,0.529521,0.497678,0.529743,0.497884,0.529344,0.498575,0.527957,0.499674,0.525179,0.500828,0.520709,0.501522,0.514498,0.501301,0.506855,0.500008,0.498463,0.497902,0.490286,0.495605,0.483383,0.493861,0.478647,0.493155,0.476396,0.493246,0.476042,0.493596,0.477527,0.495041,0.48133,0.498242,0.487063,0.503212,0.493835,0.509553,0.500683,0.516543,0.506809,0.523221,0.51166,0.528568,0.514897,0.531724,0.516309,0.532183,0.51576,0.529874,0.513227,0.525171,0.5089,0.518821,0.503293,0.511845,0.497261,0.505372,0.491888,0.500431,0.488251,0.497716,0.487141,0.497443,0.488818,0.499352,0.492911,0.502873,0.498493,0.507365,0.50434,0.512304,0.509287,0.517332,0.512556,0.522194,0.513936,0.526638,0.513747,0.530368,0.512622,0.533082,0.511222,0.534541,0.510025,0.534628,0.509267,0.533352,0.509043,0.530803,0.509438,0.527113,0.510597,0.522428,0.512647,0.516924,0.515538,0.510852,0.518902,0.504609,0.522066,0.498789,0.524238,0.494178,0.524781,0.491646,0.523443,0.491917,0.52043,0.495288,0.516304,0.501433,0.511788,0.509384,0.507578,0.517757,0.504199,0.525118,0.501946,0.530363,0.50087,0.532959,0.500798,0.532978,0.501407,0.530972,0.502319,0.527758,0.503212,0.524197,0.503905,0.521015,0.504381,0.518688,0.504762,0.517368,0.505238,0.516891,0.505975,0.516832,0.507028,0.51661,0.508268,0.515606,0.509325,0.513228,0.509508,0.508888,0.50766,0.501851,0.501933,0.491066,0.489762,0.475548,0.468672,0.455281,0.436632,0.431194,0.392,0.405834,0.335083,0.382741,0.280616,0.308364,0.500361
0.452297,0.139724,0.272099,0.24889,0.326513,0.314734,0.380031,0.366544,0.421827,0.407627,0.451736,0.438942,0.471431,0.461872,0.483292,0.478139,0.489705,0.489424,0.492656,0.497181,0.493645,0.502611,0.493802,0.506667,0.494008,0.510023,0.494926,0.51302,0.496902,0.51567,0.499849,0.517749,0.503199,0.518961,0.506032,0.519104,0.507346,0.518152,0.506378,0.516269,0.502867,0.513731,0.497144,0.510855,0.490056,0.507929,0.48275,0.505186,0.476399,0.502778,0.471935,0.500768,0.469839,0.499126,0.470074,0.49776,0.472158,0.496575,0.475392,0.495536,0.479138,0.494695,0.483029,0.49414,0.487014,0.493901,0.491217,0.493895,0.49574,0.493945,0.500514,0.493887,0.505272,0.493673,0.509651,0.493411,0.51334,0.4933,0.516204,0.493512,0.518313,0.494081,0.51989,0.494876,0.521203,0.495646,0.522467,0.496143,0.523792,0.49624,0.525181,0.495996,0.526553,0.49565,0.527744,0.495522,0.528494,0.495862,0.52844,0.496709,0.527137,0.497822,0.524162,0.498744,0.519263,0.498984,0.512504,0.498258,0.504361,0.496663,0.495708,0.4947,0.487704,0.493124,0.481571,0.49265,0.478207,0.49339,0.477258,0.493812,0.477138,0.494009,0.479278,0.495785,0.48393,0.499467,0.490197,0.504805,0.496984,0.511249,0.503347,0.517979,0.508624,0.524007,0.512416,0.52837,0.514502,0.530352,0.514746,0.529633,0.513082,0.526349,0.50959,0.521053,0.504615,0.51463,0.498834,0.508149,0.493215,0.502675,0.488843,0.499038,0.486663,0.497652,0.487206,0.498462,0.490408,0.501045,0.495591,0.50483,0.50163,0.509305,0.50727,0.51411,0.51149,0.519,0.513778,0.523737,0.514212,0.528005,0.51333,0.531432,0.511857,0.53366,0.510428,0.534444,0.50944,0.533692,0.509063,0.531446,0.509365,0.527843,0.510429,0.523065,0.512351,0.517333,0.515128,0.510928,0.518504,0.504237,0.521915,0.497809,0.524598,0.492383,0.525835,0.488822,0.525212,0.487932,0.522753,0.490199,0.518886,0.495542,0.514281,0.503208,0.50965,0.511908,0.505597,0.520139,0.502537,0.526596,0.500664,0.530488,0.499953,0.531663,0.500189,0.53053,0.501039,0.527857,0.502143,0.524529,0.503212,0.52135,0.504092,0.518905,0.504781,0.517481,0.505396,0.51705,0.506097,0.5173,0.507,0.517715,0.508088,0.51768,0.509146,0.516581,0.509702,0.51383,0.508933,0.508775,0.505448,0.500393,0.496884,0.487055,0.480368,0.468148,0.454362,0.444533,0.41762,0.418135,0.369798,0.39524,0.313158,0.410017,0.22185,0.999496
0.282944,0.181879,0.231256,0.291469,0.289826,0.354845,0.343812,0.403204,0.38898,0.43883,0.424489,0.463165,0.451005,0.478364,0.470048,0.486884,0.483346,0.490979,0.492475,0.492449,0.498752,0.492655,0.50325,0.492639,0.506799,0.493198,0.50993,0.494845,0.512841,0.497693,0.515427,0.501375,0.517408,0.505082,0.518499,0.507774,0.518547,0.508489,0.517579,0.506641,0.515774,0.502199,0.513384,0.495706,0.510662,0.488138,0.507826,0.480683,0.505046,0.474476,0.502442,0.470359,0.500077,0.468707,0.497964,0.46939,0.4961,0.471881,0.494501,0.475498,0.493224,0.479651,0.492343,0.483997,0.491879,0.488436,0.491745,0.492973,0.491765,0.497568,0.491756,0.502047,0.491637,0.506133,0.491481,0.509557,0.491465,0.51218,0.491765,0.514053,0.492428,0.515404,0.493331,0.516538,0.494214,0.517734,0.494795,0.51916,0.4949,0.520851,0.494542,0.522725,0.493942,0.524616,0.493437,0.526273,0.493349,0.52735,0.493825,0.527408,0.494744,0.525964,0.495734,0.522613,0.49631,0.517182,0.496096,0.509879,0.495032,0.50137,0.493464,0.492744,0.492073,0.485379,0.491701,0.480702,0.493061,0.479565,0.495384,0.478924,0.494327,0.478681,0.494365,0.481726,0.496561,0.487169,0.500662,0.493691,0.506225,0.500151,0.512598,0.505731,0.518896,0.509946,0.524136,0.512552,0.527446,0.513427,0.528268,0.512503,0.52648,0.509796,0.522411,0.505506,0.516781,0.500125,0.510568,0.494461,0.504838,0.489537,0.500516,0.486373,0.49819,0.485724,0.497995,0.487834,0.499659,0.492329,0.502692,0.498277,0.506598,0.504433,0.511017,0.509599,0.51572,0.512962,0.520505,0.514297,0.525086,0.513945,0.529064,0.5126,0.532,0.511015,0.533524,0.509761,0.533418,0.509146,0.531639,0.509288,0.528286,0.510238,0.523549,0.512047,0.517676,0.514717,0.510973,0.51807,0.503834,0.521649,0.496785,0.524753,0.490532,0.526633,0.485924,0.526744,0.483829,0.524936,0.484893,0.521485,0.489268,0.516969,0.49644,0.512085,0.505268,0.507481,0.514241,0.503658,0.52189,0.500933,0.527169,0.499423,0.529667,0.49905,0.529608,0.499576,0.527673,0.500662,0.524749,0.501964,0.5217,0.503215,0.519207,0.50428,0.517679,0.505166,0.517219,0.505978,0.517636,0.506845,0.518506,0.507825,0.519252,0.508827,0.519253,0.509551,0.517912,0.50945,0.514658,0.507612,0.508734,0.502314,0.498407,0.490012,0.481126,0.468668,0.458052,0.438165,0.430463,0.397887,0.401207,0.349132,0.378652,0.303299,0.326545,0.487612
0.16857,0.20043,0.250366,0.269833,0.326291,0.320396,0.381539,0.368359,0.423113,0.408107,0.452618,0.438596,0.471828,0.460824,0.483079,0.476476,0.488788,0.487247,0.491041,0.494588,0.49147,0.499684,0.491311,0.503486,0.491507,0.506691,0.492723,0.509687,0.495265,0.512539,0.498978,0.515056,0.503227,0.516941,0.507024,0.517947,0.509301,0.517976,0.509211,0.517089,0.506378,0.515451,0.500997,0.513252,0.49378,0.510669,0.4858,0.507854,0.478271,0.504938,0.472293,0.502036,0.468631,0.499247,0.467561,0.496662,0.468862,0.494378,0.471954,0.492506,0.476137,0.491143,0.480823,0.490325,0.485643,0.489971,0.490422,0.489895,0.49506,0.489889,0.499426,0.489831,0.503319,0.489754,0.506528,0.48982,0.508927,0.490206,0.510553,0.490981,0.511622,0.492031,0.512462,0.493082,0.513403,0.49381,0.514681,0.493978,0.516385,0.493546,0.51846,0.492702,0.520747,0.4918,0.523008,0.491222,0.524928,0.491224,0.526101,0.49181,0.526046,0.492707,0.524272,0.493468,0.520422,0.493666,0.514431,0.493107,0.506677,0.491965,0.498034,0.490788,0.489824,0.490381,0.483691,0.49174,0.481533,0.496122,0.484454,0.496936,0.480109,0.494196,0.480644,0.494628,0.48485,0.497329,0.490886,0.501765,0.497322,0.507419,0.503129,0.51357,0.507686,0.519299,0.510695,0.523657,0.512049,0.525886,0.511707,0.525605,0.50967,0.522888,0.506042,0.51825,0.501151,0.512544,0.495619,0.506802,0.490341,0.502015,0.486338,0.498914,0.48451,0.49782,0.48538,0.498622,0.488903,0.500917,0.494419,0.504229,0.500804,0.508184,0.506779,0.512559,0.511276,0.517196,0.513738,0.521865,0.514222,0.526198,0.513286,0.529716,0.511718,0.531951,0.510243,0.532556,0.509344,0.531374,0.509248,0.528432,0.510027,0.52389,0.511703,0.518002,0.514259,0.511087,0.517557,0.503545,0.52123,0.495895,0.524658,0.488813,0.527102,0.483142,0.52793,0.479794,0.526836,0.479548,0.523932,0.482777,0.519683,0.489222,0.514735,0.497933,0.509744,0.507456,0.505269,0.516208,0.501717,0.522901,0.499329,0.526847,0.49817,0.528042,0.498126,0.527036,0.498939,0.524689,0.500265,0.521907,0.501768,0.519459,0.503198,0.517861,0.504433,0.517335,0.505488,0.517816,0.506453,0.518981,0.507417,0.520321,0.508375,0.521229,0.509159,0.521096,0.509413,0.519371,0.508584,0.515562,0.5058,0.508791,0.498565,0.494632,0.48067,0.472139,0.454753,0.444194,0.420587,0.411334,0.37798,0.376828,0.32773,0.363796,0.234894,0.780668
0.705457,0.196095,0.27585,0.297706,0.297175,0.35758,0.345501,0.404571,0.389391,0.439491,0.424263,0.463307,0.450167,0.477959,0.468591,0.485849,0.481327,0.489289,0.48999,0.490191,0.495895,0.49003,0.500097,0.489915,0.503418,0.490658,0.506417,0.492741,0.509344,0.496223,0.512154,0.500675,0.514611,0.50524,0.516433,0.508834,0.517427,0.510438,0.517538,0.509379,0.516826,0.505498,0.515403,0.499187,0.513383,0.491301,0.510868,0.482995,0.507964,0.475505,0.504795,0.469903,0.501509,0.466874,0.498274,0.466583,0.495276,0.468695,0.492704,0.472547,0.490722,0.477395,0.489412,0.482617,0.48872,0.487802,0.488462,0.49271,0.488399,0.497178,0.488361,0.501049,0.48833,0.504166,0.488445,0.506428,0.488894,0.507868,0.489775,0.508682,0.490993,0.509197,0.492265,0.509781,0.493215,0.510735,0.493533,0.512212,0.493102,0.514207,0.492062,0.516585,0.490769,0.519127,0.489663,0.521552,0.489104,0.523508,0.489227,0.524558,0.489875,0.524202,0.490666,0.521968,0.491152,0.517569,0.49103,0.511071,0.490318,0.50304,0.489396,0.494573,0.488937,0.487229,0.489832,0.483014,0.493638,0.485827,0.508568,0.485138,0.495573,0.480839,0.493695,0.4833,0.494913,0.488603,0.498085,0.494894,0.502751,0.500885,0.508372,0.505762,0.514176,0.509122,0.519229,0.510846,0.522645,0.510934,0.523804,0.509415,0.522508,0.506361,0.519028,0.501973,0.514047,0.496698,0.508517,0.491263,0.50346,0.486606,0.499734,0.48369,0.497837,0.483253,0.497832,0.485564,0.499424,0.490292,0.502161,0.496535,0.505647,0.503048,0.509638,0.508594,0.514,0.512302,0.518575,0.513891,0.523061,0.513681,0.526996,0.51239,0.529853,0.510834,0.531175,0.509669,0.530678,0.509281,0.528286,0.509824,0.524101,0.51132,0.51835,0.513735,0.51135,0.516941,0.5035,0.520636,0.495307,0.524285,0.487431,0.527189,0.480699,0.528674,0.476057,0.528309,0.474397,0.52605,0.476299,0.522226,0.481762,0.517405,0.49007,0.512223,0.499887,0.50726,0.509576,0.50298,0.517643,0.499722,0.523111,0.497675,0.52571,0.496868,0.525813,0.497158,0.524212,0.498263,0.521839,0.499832,0.519538,0.501531,0.517924,0.503124,0.51733,0.504506,0.517803,0.505694,0.519132,0.506761,0.520891,0.507745,0.522516,0.50857,0.52339,0.509005,0.522937,0.508689,0.520719,0.507244,0.516613,0.50444,0.509946,0.492078,0.487012,0.468485,0.459191,0.438973,0.425314,0.40214,0.384207,0.358517,0.332867,0.317054,0.227127,0.532584
0.598103,0.188289,0.291765,0.265868,0.333614,0.319068,0.383561,0.367696,0.423609,0.407507,0.452447,0.437688,0.47116,0.459404,0.481878,0.474501,0.487009,0.484785,0.488728,0.491745,0.488771,0.49655,0.488454,0.50012,0.488743,0.503145,0.49028,0.506045,0.493323,0.50895,0.497666,0.51174,0.502633,0.514169,0.507213,0.515997,0.51031,0.517077,0.511022,0.517366,0.50887,0.516884,0.503905,0.515667,0.496693,0.51375,0.488217,0.511182,0.479712,0.508058,0.472439,0.504533,0.467431,0.500821,0.465266,0.497179,0.465964,0.493886,0.469044,0.491196,0.473736,0.489269,0.47923,0.488114,0.484872,0.487571,0.490221,0.487381,0.495011,0.487316,0.499071,0.487296,0.502275,0.487423,0.504553,0.487895,0.505936,0.488848,0.506595,0.490229,0.506844,0.491755,0.507065,0.493006,0.507607,0.493581,0.508695,0.493263,0.510384,0.492119,0.512581,0.49048,0.515096,0.488836,0.517683,0.48765,0.52005,0.487193,0.521833,0.487443,0.522583,0.488104,0.5218,0.488738,0.519046,0.488966,0.51412,0.488659,0.507243,0.488029,0.499178,0.487592,0.491233,0.488044,0.48514,0.490223,0.482948,0.495217,0.485899,0.496306,0.481702,0.493444,0.482456,0.493379,0.486833,0.495301,0.492854,0.498829,0.498994,0.503617,0.504211,0.509098,0.50794,0.51445,0.509998,0.518748,0.510409,0.521193,0.50926,0.521321,0.506644,0.519127,0.502703,0.515068,0.497742,0.509969,0.492309,0.504836,0.487203,0.500621,0.48336,0.497997,0.481643,0.497217,0.48259,0.498124,0.486207,0.500316,0.491896,0.503367,0.498564,0.506983,0.504921,0.511026,0.509848,0.51539,0.512716,0.519859,0.513527,0.524034,0.512819,0.527383,0.511407,0.529373,0.510081,0.5296,0.509402,0.527868,0.509654,0.524191,0.510915,0.518742,0.513147,0.511815,0.516221,0.503792,0.519871,0.495166,0.523635,0.48657,0.526876,0.478817,0.528917,0.47287,0.529243,0.469712,0.527674,0.470111,0.524398,0.474326,0.519883,0.481911,0.514714,0.491706,0.509464,0.502092,0.504622,0.511413,0.500582,0.518417,0.497636,0.522533,0.495944,0.523907,0.495503,0.52322,0.496137,0.5214,0.497539,0.519353,0.499343,0.517788,0.501221,0.517141,0.502953,0.517566,0.504452,0.518956,0.505736,0.520979,0.506846,0.523136,0.50776,0.524826,0.508331,0.52544,0.508284,0.524457,0.507324,0.521673,0.50572,0.518888,0.510302,0.503761,0.480508,0.474823,0.453936,0.441681,0.421777,0.400079,0.383268,0.34597,0.337152,0.26102,0.238208,0.0865592
0.143419,0.212847,0.217084,0.306946,0.286188,0.36049,0.341989,0.404937,0.387681,0.438932,0.422898,0.462298,0.448556,0.47654,0.466511,0.483967,0.478772,0.486942,0.487058,0.487479,0.4927,0.487129,0.496714,0.48704,0.499882,0.488009,0.50276,0.490473,0.505641,0.494443,0.508561,0.499457,0.511367,0.504647,0.513832,0.508926,0.515758,0.511255,0.517018,0.510893,0.517544,0.507563,0.517286,0.501507,0.516197,0.493454,0.514253,0.484516,0.511486,0.476007,0.508021,0.469202,0.504076,0.465058,0.499956,0.464002,0.496013,0.465861,0.492595,0.469981,0.489968,0.475475,0.488235,0.481485,0.487295,0.487346,0.486894,0.492627,0.486751,0.497085,0.486712,0.500587,0.486821,0.503076,0.487271,0.504583,0.488246,0.505257,0.489752,0.505378,0.491537,0.505321,0.493149,0.505463,0.494093,0.50609,0.494032,0.507327,0.492919,0.509136,0.491034,0.511364,0.488884,0.513802,0.487032,0.516216,0.485893,0.518328,0.485599,0.519779,0.485967,0.520117,0.4866,0.518849,0.48707,0.515583,0.487122,0.510222,0.486808,0.503153,0.486481,0.495335,0.486688,0.488228,0.487998,0.483515,0.490793,0.482349,0.494005,0.481889,0.493097,0.482043,0.492503,0.485521,0.493405,0.49116,0.495796,0.497402,0.499563,0.502994,0.504382,0.507162,0.509629,0.509595,0.514444,0.510299,0.51793,0.509415,0.5194,0.507097,0.518562,0.503496,0.515605,0.498833,0.51116,0.493503,0.506157,0.488139,0.501599,0.483573,0.498316,0.480698,0.496765,0.480237,0.496968,0.482506,0.498612,0.487246,0.501258,0.493622,0.504549,0.500418,0.508294,0.506371,0.512404,0.510547,0.516741,0.512591,0.520998,0.512767,0.524692,0.51178,0.527257,0.510477,0.528198,0.509578,0.527197,0.509529,0.524158,0.51051,0.519177,0.512513,0.512497,0.515411,0.504472,0.518956,0.495564,0.522738,0.486376,0.526186,0.477691,0.52865,0.470471,0.529578,0.46577,0.528682,0.464517,0.526022,0.467226,0.521955,0.473744,0.516995,0.483149,0.511678,0.493913,0.506484,0.504287,0.501827,0.512768,0.498061,0.518468,0.495451,0.521258,0.494137,0.521651,0.494081,0.52053,0.495068,0.518849,0.496758,0.517406,0.498776,0.516736,0.500804,0.517092,0.502646,0.518465,0.504232,0.520619,0.505569,0.523133,0.506655,0.525453,0.507396,0.526959,0.507572,0.527049,0.506869,0.525215,0.504996,0.521195,0.501849,0.514066,0.489371,0.489676,0.466076,0.458731,0.437667,0.419132,0.403609,0.368074,0.365433,0.298916,0.325028,0.172664,0.42463
0.28439,0.141123,0.280499,0.245154,0.335953,0.311173,0.38355,0.364027,0.422488,0.405216,0.450979,0.435614,0.469461,0.457049,0.479876,0.471727,0.484654,0.48165,0.486061,0.488375,0.485919,0.493054,0.485586,0.496546,0.486025,0.4995,0.487839,0.502342,0.491239,0.505263,0.495985,0.508242,0.501399,0.511122,0.506485,0.513705,0.510155,0.515819,0.511483,0.517321,0.509907,0.518081,0.505347,0.517967,0.498232,0.516868,0.489454,0.514736,0.480252,0.51163,0.472013,0.50774,0.465985,0.503376,0.462995,0.498938,0.463252,0.494857,0.466354,0.491507,0.471469,0.489112,0.477618,0.487668,0.483932,0.486961,0.489785,0.486682,0.494803,0.486596,0.498801,0.486668,0.501711,0.487064,0.503556,0.488004,0.504457,0.489573,0.504651,0.491584,0.504482,0.493584,0.50433,0.494998,0.504525,0.49535,0.505257,0.494448,0.506553,0.49247,0.508306,0.489908,0.510347,0.487397,0.512493,0.4855,0.514548,0.484522,0.516266,0.484427,0.517297,0.484894,0.517183,0.485479,0.51544,0.485825,0.51173,0.485828,0.506078,0.485684,0.499047,0.485809,0.491764,0.486655,0.48572,0.48849,0.482254,0.49095,0.481408,0.492132,0.481752,0.491955,0.484574,0.492276,0.489768,0.493692,0.49604,0.496384,0.50202,0.500303,0.506717,0.505078,0.509631,0.510011,0.510682,0.514214,0.510032,0.516849,0.507909,0.517361,0.504525,0.515643,0.500088,0.512073,0.494894,0.507433,0.489417,0.502712,0.484343,0.498857,0.480504,0.49653,0.478709,0.495969,0.47951,0.497008,0.482985,0.499238,0.48862,0.502243,0.495393,0.505747,0.502029,0.509626,0.507374,0.513785,0.51073,0.518013,0.512025,0.521909,0.511748,0.524932,0.51071,0.526532,0.509731,0.526289,0.509424,0.523987,0.510108,0.519625,0.511848,0.513374,0.514534,0.505538,0.517926,0.496537,0.521647,0.486929,0.525179,0.477455,0.527921,0.469057,0.529317,0.462825,0.529016,0.45982,0.526975,0.460795,0.523443,0.465903,0.518851,0.47451,0.513679,0.485264,0.50837,0.4964,0.50332,0.506213,0.498897,0.513504,0.495435,0.517824,0.493194,0.519461,0.492284,0.519199,0.492625,0.518008,0.493957,0.516768,0.495912,0.516115,0.498111,0.516397,0.500257,0.517698,0.502179,0.519871,0.503819,0.522582,0.505161,0.525343,0.506141,0.527564,0.506583,0.52861,0.506187,0.527841,0.504532,0.524574,0.500957,0.517571,0.493233,0.501744,0.475432,0.475034,0.450628,0.438792,0.419761,0.391441,0.385135,0.331765,0.351773,0.264983,0.278616,0.373968
0.260985,0.231096,0.207342,0.312373,0.275398,0.359734,0.335907,0.402832,0.384023,0.436778,0.420076,0.460221,0.445752,0.474396,0.463401,0.481631,0.475331,0.484386,0.483405,0.484769,0.488972,0.484388,0.492996,0.484396,0.49619,0.485558,0.499071,0.488262,0.50196,0.492485,0.504974,0.497763,0.508066,0.503254,0.511093,0.507905,0.513878,0.510688,0.516239,0.510822,0.517981,0.507936,0.518896,0.502144,0.518782,0.49406,0.517499,0.484746,0.51502,0.475565,0.511472,0.467937,0.507138,0.463021,0.502427,0.461433,0.497825,0.463118,0.493805,0.467427,0.490714,0.473378,0.488678,0.479957,0.487568,0.486342,0.487083,0.491998,0.48692,0.496641,0.48695,0.500161,0.487276,0.502556,0.488136,0.503913,0.489697,0.504419,0.491868,0.504364,0.494239,0.504105,0.496187,0.503988,0.4971,0.504259,0.496614,0.505009,0.494754,0.506189,0.491942,0.507668,0.488846,0.509306,0.486161,0.510981,0.484379,0.51256,0.483647,0.513825,0.483763,0.514424,0.484309,0.513883,0.484856,0.511728,0.485156,0.50769,0.485247,0.501935,0.48541,0.495198,0.486022,0.488717,0.48734,0.483883,0.489243,0.481593,0.490936,0.481633,0.491517,0.483947,0.491735,0.488659,0.492459,0.494856,0.494162,0.501189,0.497065,0.506481,0.501078,0.510006,0.505742,0.51153,0.510285,0.511172,0.513814,0.509213,0.515573,0.505949,0.515163,0.501641,0.512669,0.496554,0.508646,0.491049,0.503989,0.485657,0.499698,0.481085,0.496615,0.478129,0.495214,0.47748,0.495534,0.479495,0.497268,0.484005,0.499976,0.490271,0.503287,0.497136,0.506994,0.503349,0.510991,0.507932,0.515135,0.51046,0.519123,0.511132,0.52248,0.510612,0.524654,0.509747,0.525152,0.509281,0.523648,0.509691,0.52003,0.511153,0.514379,0.513604,0.506931,0.516813,0.49805,0.520418,0.488236,0.523939,0.478171,0.526821,0.468752,0.528531,0.461073,0.528697,0.456288,0.527207,0.455359,0.524226,0.45874,0.520105,0.466131,0.515256,0.476428,0.510067,0.487945,0.504881,0.498851,0.500034,0.507661,0.495881,0.513583,0.492759,0.516616,0.490917,0.517385,0.49043,0.51683,0.491165,0.515894,0.492819,0.515311,0.495,0.515529,0.49734,0.516719,0.499569,0.518822,0.501543,0.521587,0.503201,0.524608,0.504484,0.527351,0.505254,0.529198,0.505244,0.529479,0.504038,0.527431,0.500975,0.521927,0.494696,0.51054,0.482043,0.489446,0.461323,0.45779,0.433252,0.414504,0.399769,0.359113,0.36794,0.293985,0.372853,0.201752,0.915805
0.768996,0.141818,0.316029,0.234824,0.334464,0.303,0.379525,0.358763,0.419186,0.40141,0.448344,0.432205,0.467129,0.453509,0.477581,0.467912,0.482273,0.477635,0.48359,0.484315,0.483426,0.489074,0.48316,0.492697,0.483728,0.495762,0.485686,0.498675,0.489206,0.501676,0.494042,0.504837,0.499545,0.508107,0.504771,0.511354,0.508676,0.514395,0.510334,0.517002,0.509134,0.518906,0.504894,0.519827,0.497928,0.519527,0.489046,0.517884,0.479477,0.514937,0.470677,0.510907,0.464035,0.506182,0.460535,0.501267,0.460513,0.496702,0.463615,0.492949,0.468975,0.490274,0.475523,0.488671,0.482283,0.487897,0.488548,0.487617,0.493903,0.487603,0.498165,0.487866,0.501289,0.488623,0.503319,0.49011,0.504381,0.492354,0.504697,0.495034,0.504571,0.497529,0.504339,0.499118,0.504279,0.499252,0.504544,0.497761,0.505142,0.494931,0.505987,0.491408,0.506975,0.487978,0.508041,0.485317,0.509146,0.483783,0.510217,0.483345,0.511051,0.483665,0.511272,0.48428,0.510378,0.484826,0.507912,0.485176,0.503698,0.485471,0.498059,0.486002,0.491884,0.487025,0.486452,0.488548,0.482976,0.49018,0.482066,0.491242,0.483722,0.49164,0.487865,0.491986,0.493844,0.492887,0.500425,0.494782,0.506316,0.497854,0.510564,0.501919,0.512721,0.506409,0.512789,0.510488,0.51105,0.513287,0.507876,0.514161,0.503617,0.512885,0.498574,0.509731,0.493063,0.505412,0.487489,0.500894,0.482415,0.497137,0.478536,0.494842,0.476578,0.4943,0.477088,0.495384,0.480209,0.497703,0.485532,0.500816,0.492129,0.504404,0.498782,0.508294,0.504342,0.512357,0.508069,0.516373,0.509826,0.519958,0.510044,0.522604,0.509502,0.523787,0.50902,0.523097,0.509219,0.520313,0.510412,0.515412,0.512618,0.508546,0.515633,0.500006,0.519098,0.490225,0.522549,0.479811,0.525464,0.469592,0.527343,0.460629,0.527821,0.454123,0.526759,0.451202,0.524269,0.452604,0.520643,0.458377,0.516236,0.467738,0.511366,0.479179,0.506305,0.490837,0.501315,0.500997,0.496711,0.508525,0.492859,0.513084,0.490109,0.515065,0.488689,0.515318,0.488627,0.514813,0.489735,0.514377,0.491669,0.514559,0.494029,0.515623,0.496468,0.517588,0.498747,0.520286,0.50074,0.523394,0.502367,0.526457,0.503511,0.528912,0.503944,0.530112,0.503294,0.529311,0.500977,0.525526,0.49601,0.517126,0.486546,0.501323,0.470113,0.475306,0.445323,0.436907,0.412662,0.385464,0.376074,0.322805,0.345408,0.269516,0.291275,0.538347
0.27416,0.226806,0.196551,0.300724,0.265365,0.35111,0.329023,0.397442,0.379113,0.433267,0.415958,0.457617,0.441727,0.472154,0.459187,0.479486,0.47093,0.482247,0.478959,0.482643,0.484641,0.482319,0.488878,0.482412,0.492297,0.483643,0.495357,0.486357,0.498381,0.490517,0.50155,0.495683,0.504917,0.501075,0.508428,0.505707,0.511941,0.508592,0.515233,0.508943,0.518008,0.506323,0.519922,0.500753,0.520654,0.492756,0.519978,0.483341,0.517833,0.473882,0.514356,0.46587,0.509882,0.460573,0.504897,0.458711,0.499975,0.460292,0.495664,0.464675,0.492358,0.470839,0.4902,0.477718,0.48905,0.484455,0.488592,0.490492,0.488523,0.495547,0.488743,0.499514,0.489404,0.502385,0.490775,0.504222,0.493,0.505163,0.495891,0.505436,0.498888,0.505335,0.50121,0.505146,0.502138,0.505066,0.501279,0.505161,0.498722,0.505392,0.495014,0.505687,0.490977,0.506018,0.487437,0.506423,0.484976,0.506953,0.48378,0.507573,0.483652,0.508065,0.484157,0.508006,0.484847,0.506864,0.485447,0.504217,0.485939,0.500009,0.486507,0.494728,0.487382,0.489387,0.48865,0.48524,0.490117,0.483315,0.491328,0.484073,0.491939,0.487488,0.49215,0.493057,0.492483,0.499706,0.493484,0.506112,0.495552,0.511129,0.498778,0.514067,0.502853,0.51474,0.507098,0.513357,0.51064,0.510326,0.512664,0.506088,0.512662,0.501031,0.510591,0.495492,0.506906,0.489816,0.502441,0.484432,0.498184,0.479895,0.495014,0.476863,0.493482,0.475967,0.493715,0.477588,0.495463,0.481644,0.498283,0.487504,0.501753,0.49411,0.505588,0.500264,0.509612,0.504994,0.513643,0.507837,0.517385,0.508935,0.520402,0.508903,0.522189,0.50856,0.522289,0.508639,0.520385,0.509596,0.516349,0.511561,0.510235,0.514381,0.502252,0.517707,0.492753,0.52107,0.48226,0.523958,0.471514,0.525896,0.461506,0.526537,0.453436,0.525749,0.44854,0.52363,0.4478,0.520445,0.451613,0.516512,0.459564,0.512098,0.470416,0.507389,0.482388,0.502546,0.49362,0.497792,0.502668,0.493456,0.508829,0.489932,0.512197,0.487575,0.513455,0.486583,0.513548,0.486928,0.513369,0.488367,0.513572,0.490528,0.514515,0.493016,0.5163,0.495512,0.518836,0.497808,0.52188,0.499779,0.525066,0.50131,0.52791,0.502209,0.529825,0.502153,0.530122,0.500639,0.527941,0.496895,0.522053,0.489674,0.510522,0.477066,0.49056,0.456586,0.458261,0.425778,0.411561,0.386882,0.350776,0.345098,0.276518,0.322499,0.169984,0.650612
0.350974,0.118235,0.255259,0.220605,0.314309,0.294426,0.370278,0.352772,0.414294,0.396566,0.445343,0.427686,0.464941,0.448916,0.475725,0.463156,0.48055,0.472818,0.481938,0.479605,0.48184,0.484614,0.481633,0.488549,0.482217,0.491907,0.484102,0.495055,0.487433,0.498251,0.491982,0.501643,0.497161,0.505267,0.502107,0.509055,0.505848,0.512826,0.507496,0.516291,0.506415,0.519079,0.502363,0.520801,0.495571,0.521137,0.486782,0.519922,0.47719,0.517195,0.468266,0.513209,0.461448,0.508406,0.457785,0.503355,0.457664,0.498652,0.460751,0.494793,0.466174,0.492062,0.472858,0.49046,0.479839,0.489746,0.486431,0.489589,0.492239,0.489782,0.497081,0.490374,0.500891,0.491619,0.503663,0.493753,0.505447,0.49674,0.506377,0.500139,0.506673,0.50318,0.506598,0.505015,0.506372,0.505026,0.506114,0.503059,0.505832,0.499485,0.505485,0.495078,0.505067,0.490763,0.50466,0.487325,0.504417,0.485198,0.504459,0.484385,0.504757,0.484552,0.505041,0.485227,0.504823,0.486012,0.503553,0.486729,0.500874,0.487428,0.496876,0.488277,0.492211,0.489396,0.487969,0.490707,0.485329,0.49191,0.485131,0.49265,0.487654,0.492854,0.492598,0.492836,0.499077,0.493121,0.50582,0.49423,0.511556,0.496487,0.515359,0.499859,0.516812,0.503893,0.515974,0.507817,0.513219,0.510751,0.509052,0.511967,0.503962,0.511116,0.498364,0.508341,0.492612,0.504257,0.487056,0.499775,0.48211,0.49586,0.478294,0.493286,0.476209,0.492466,0.476377,0.493392,0.478993,0.495722,0.483747,0.498984,0.489828,0.50277,0.496118,0.506801,0.501522,0.510872,0.505309,0.514739,0.507312,0.51805,0.507916,0.520352,0.507855,0.521181,0.507913,0.520158,0.508679,0.517057,0.510413,0.511833,0.513043,0.5046,0.516241,0.495624,0.519531,0.485333,0.522384,0.474365,0.524324,0.463615,0.525019,0.454229,0.524356,0.44749,0.522451,0.444564,0.519584,0.446171,0.516073,0.452284,0.51216,0.462019,0.507962,0.473787,0.503527,0.485699,0.498943,0.496068,0.494438,0.50383,0.490381,0.508726,0.4872,0.511197,0.485244,0.512089,0.484665,0.512322,0.485378,0.51264,0.487093,0.513501,0.489422,0.515095,0.491988,0.517402,0.4945,0.52026,0.496771,0.523387,0.498664,0.526397,0.50001,0.528788,0.500536,0.529949,0.499809,0.529128,0.497189,0.525333,0.491735,0.517166,0.482126,0.502656,0.466489,0.478308,0.439742,0.437145,0.400744,0.381091,0.352793,0.308781,0.296373,0.213795,0.200819,0.0891169
0.0574649,0.148438,0.167822,0.262529,0.254833,0.335759,0.322169,0.390602,0.373652,0.429764,0.411006,0.455498,0.436819,0.470637,0.454158,0.478248,0.465822,0.481157,0.473922,0.481646,0.479839,0.481373,0.484422,0.481448,0.488217,0.482547,0.491617,0.484983,0.494922,0.488718,0.498343,0.493366,0.502001,0.498232,0.50591,0.502427,0.50996,0.505034,0.513907,0.505287,0.517389,0.502727,0.519981,0.497314,0.52129,0.489507,0.52105,0.480259,0.519197,0.470917,0.515887,0.462968,0.511494,0.457696,0.506551,0.455844,0.501667,0.45743,0.4974,0.461809,0.494144,0.467975,0.492045,0.474919,0.490989,0.481857,0.490682,0.488289,0.490843,0.49395,0.491401,0.498711,0.492539,0.5025,0.49454,0.505281,0.497513,0.507082,0.501179,0.508029,0.504852,0.508325,0.507623,0.508189,0.50868,0.507777,0.507605,0.507145,0.504527,0.506282,0.500084,0.505196,0.495213,0.503986,0.490859,0.502865,0.487696,0.502085,0.48598,0.501803,0.485552,0.50195,0.485989,0.502175,0.486826,0.501924,0.48774,0.500653,0.488627,0.498108,0.489558,0.494543,0.490633,0.490751,0.491843,0.487846,0.492995,0.486877,0.493789,0.488457,0.494027,0.492587,0.493823,0.498632,0.493585,0.505459,0.49386,0.511757,0.495131,0.516416,0.497608,0.51877,0.501104,0.518668,0.505033,0.51638,0.508554,0.512413,0.510817,0.507338,0.511212,0.501675,0.509561,0.495846,0.506188,0.490198,0.501833,0.485047,0.497436,0.48075,0.493894,0.477776,0.491887,0.476672,0.491721,0.477836,0.493275,0.481259,0.496126,0.48642,0.499779,0.492381,0.503824,0.498049,0.50797,0.502511,0.511969,0.505321,0.515528,0.506597,0.518263,0.506914,0.519742,0.507041,0.519559,0.507661,0.517417,0.50917,0.513173,0.511603,0.506845,0.514683,0.498607,0.517927,0.488789,0.520777,0.477918,0.522723,0.466768,0.523424,0.456392,0.522778,0.448054,0.520935,0.443033,0.518221,0.442314,0.515002,0.446254,0.511539,0.454372,0.507915,0.465379,0.504076,0.477478,0.499959,0.488844,0.495634,0.498095,0.491369,0.504595,0.487591,0.508469,0.484753,0.510387,0.483184,0.511232,0.482986,0.511807,0.484014,0.512667,0.485944,0.514093,0.488382,0.516143,0.490973,0.518725,0.493454,0.521644,0.495646,0.524609,0.497383,0.527226,0.498434,0.528981,0.498431,0.529222,0.496825,0.527116,0.492835,0.521558,0.485442,0.511174,0.473603,0.494535,0.455664,0.462221,0.417078,0.411282,0.36841,0.345361,0.306723,0.259269,0.224609,0.132223,0.153746
0.0816679,0.107447,0.193921,0.211859,0.292069,0.287568,0.361444,0.347002,0.410419,0.391332,0.443407,0.422581,0.463838,0.443738,0.47503,0.457891,0.480082,0.467576,0.481604,0.474544,0.481564,0.479874,0.481324,0.484213,0.481742,0.487984,0.48329,0.491504,0.486104,0.495019,0.489988,0.498704,0.494435,0.502647,0.498689,0.506818,0.501876,0.511045,0.503168,0.51501,0.501946,0.518292,0.497941,0.520454,0.491335,0.521152,0.482813,0.520216,0.473519,0.517705,0.464883,0.513902,0.458314,0.509284,0.454845,0.504441,0.454852,0.499963,0.457981,0.496306,0.463356,0.493725,0.469972,0.492254,0.476994,0.491708,0.483848,0.491796,0.490192,0.492339,0.495831,0.493409,0.500632,0.495272,0.50448,0.498144,0.5073,0.50193,0.509104,0.506088,0.510012,0.509734,0.510208,0.511922,0.509866,0.511982,0.509085,0.509761,0.507887,0.505676,0.506288,0.500581,0.504384,0.495497,0.50241,0.491308,0.5007,0.488535,0.499574,0.487257,0.499176,0.487187,0.499356,0.487868,0.499664,0.488874,0.499497,0.489954,0.498355,0.491044,0.496121,0.492183,0.493217,0.493376,0.490533,0.494501,0.489138,0.495319,0.489888,0.495601,0.493113,0.495319,0.49849,0.494737,0.505108,0.494347,0.511724,0.494702,0.517116,0.496205,0.520399,0.498921,0.521185,0.502503,0.519568,0.506249,0.515988,0.509289,0.51105,0.510834,0.505367,0.510416,0.499467,0.508039,0.49376,0.504188,0.488545,0.499679,0.484048,0.495417,0.480532,0.492227,0.478438,0.490743,0.47828,0.491186,0.480303,0.493319,0.484281,0.496641,0.489517,0.500625,0.49502,0.504851,0.499808,0.509002,0.503217,0.512795,0.5051,0.515905,0.505824,0.517952,0.506076,0.518542,0.506583,0.517336,0.507861,0.514113,0.510073,0.508799,0.513021,0.501472,0.516239,0.492366,0.519133,0.481894,0.521137,0.470703,0.521863,0.459716,0.521193,0.450118,0.519302,0.443225,0.51658,0.44021,0.513475,0.441773,0.510322,0.447853,0.507225,0.457545,0.504068,0.469271,0.500644,0.48119,0.496831,0.491688,0.492729,0.499764,0.488678,0.505183,0.485164,0.508354,0.482654,0.510045,0.481445,0.511069,0.481581,0.512058,0.482865,0.513384,0.484945,0.515187,0.487432,0.517447,0.489993,0.520047,0.492385,0.52279,0.494425,0.525394,0.495907,0.52746,0.496525,0.528448,0.495807,0.527649,0.493071,0.524125,0.487404,0.516703,0.477845,0.504487,0.465173,0.49293,0.435969,0.439941,0.387604,0.381274,0.327708,0.305523,0.246439,0.211798,0.119624,0.204846
0.195194,0.103829,0.175374,0.238963,0.250286,0.326765,0.316693,0.387175,0.368397,0.428395,0.405876,0.454974,0.431651,0.470549,0.448907,0.478434,0.460553,0.481518,0.468762,0.482086,0.47493,0.481779,0.479879,0.481675,0.484104,0.482413,0.487937,0.484282,0.491634,0.487261,0.495396,0.491029,0.499356,0.494993,0.503555,0.498379,0.507898,0.500363,0.51214,0.500232,0.5159,0.497536,0.518738,0.492213,0.520256,0.484676,0.520201,0.475824,0.518531,0.46694,0.515434,0.45945,0.511311,0.454589,0.506715,0.453062,0.50224,0.454847,0.498376,0.459253,0.495415,0.465292,0.493499,0.472121,0.492615,0.479144,0.49255,0.485968,0.493061,0.492338,0.494096,0.498063,0.495843,0.502962,0.498568,0.506864,0.502338,0.509667,0.506801,0.511383,0.511178,0.512134,0.514474,0.512086,0.515816,0.511369,0.514759,0.510042,0.511441,0.508132,0.506535,0.505718,0.501037,0.503021,0.495967,0.500411,0.492091,0.498319,0.489762,0.497085,0.488906,0.496788,0.489161,0.497168,0.490072,0.49768,0.491269,0.497702,0.492546,0.496822,0.493838,0.495082,0.495114,0.493048,0.496281,0.491646,0.497146,0.491826,0.497488,0.494189,0.497202,0.498745,0.496421,0.50488,0.495542,0.511513,0.495115,0.517416,0.49566,0.521548,0.497457,0.523288,0.500411,0.522515,0.504024,0.519532,0.507508,0.514911,0.509997,0.509319,0.510798,0.50339,0.509605,0.497638,0.506603,0.492428,0.502405,0.487951,0.497827,0.484265,0.49367,0.481538,0.490769,0.480287,0.489781,0.48098,0.490813,0.483663,0.49349,0.487894,0.497227,0.492857,0.501466,0.497597,0.505768,0.501323,0.509799,0.50366,0.513254,0.504748,0.515802,0.505137,0.517085,0.505542,0.516758,0.506568,0.514549,0.50851,0.510304,0.51128,0.504011,0.514458,0.495809,0.517429,0.486005,0.519561,0.475114,0.520386,0.463914,0.519726,0.453464,0.517749,0.445037,0.514898,0.439909,0.511727,0.439049,0.508688,0.442799,0.50597,0.450682,0.503459,0.46145,0.500843,0.473384,0.497809,0.484751,0.494236,0.494247,0.490299,0.50126,0.486423,0.505874,0.483148,0.508659,0.480939,0.510365,0.480052,0.511664,0.480469,0.513009,0.481947,0.514623,0.484112,0.516561,0.486584,0.518776,0.48905,0.521162,0.491282,0.523546,0.493078,0.525654,0.494182,0.527074,0.4942,0.527216,0.492537,0.525274,0.488348,0.520171,0.480536,0.510575,0.467915,0.495044,0.448455,0.463973,0.406856,0.414075,0.352315,0.34852,0.279224,0.262395,0.176321,0.139083,0.0510563
0.00446889,0.120751,0.179968,0.211065,0.288271,0.283025,0.360686,0.342067,0.410544,0.386406,0.443828,0.417615,0.464474,0.438695,0.475886,0.452805,0.481126,0.462533,0.482752,0.46966,0.482695,0.475268,0.482282,0.479983,0.482339,0.484188,0.483315,0.488147,0.48534,0.49206,0.488263,0.496077,0.491664,0.500278,0.494903,0.504635,0.497221,0.508984,0.497876,0.513012,0.496294,0.516313,0.492212,0.518476,0.48579,0.519191,0.477667,0.518327,0.468921,0.515979,0.460902,0.512459,0.454943,0.508264,0.452019,0.503984,0.452458,0.500138,0.455828,0.497007,0.461154,0.494708,0.467542,0.493398,0.474454,0.493062,0.481505,0.493479,0.488399,0.494486,0.494893,0.49615,0.500746,0.498718,0.505709,0.502369,0.509572,0.506952,0.51223,0.511857,0.513717,0.516134,0.514163,0.518784,0.513715,0.519103,0.512467,0.516918,0.510462,0.512644,0.507764,0.507147,0.504555,0.501482,0.501188,0.496601,0.498151,0.493123,0.495933,0.491242,0.494836,0.490777,0.494837,0.491332,0.495551,0.49248,0.496359,0.493894,0.496664,0.495383,0.496177,0.496835,0.4951,0.498137,0.494097,0.499115,0.494056,0.499563,0.495733,0.499336,0.499437,0.498475,0.504879,0.497271,0.511228,0.496225,0.517354,0.495903,0.522146,0.496744,0.5248,0.498881,0.52497,0.502051,0.522773,0.505628,0.518679,0.508773,0.513348,0.51066,0.507485,0.51072,0.501716,0.508822,0.496524,0.505328,0.492184,0.500921,0.488679,0.496274,0.485772,0.492084,0.483725,0.489425,0.483243,0.488952,0.484646,0.490576,0.487732,0.493759,0.491882,0.49784,0.496243,0.502235,0.499982,0.506497,0.502563,0.510282,0.503909,0.513285,0.504401,0.515188,0.504688,0.515667,0.505425,0.514427,0.507027,0.511256,0.509534,0.506064,0.512611,0.498902,0.515653,0.489979,0.517968,0.479689,0.518987,0.468659,0.518431,0.457794,0.516411,0.448258,0.513388,0.441336,0.510009,0.438177,0.506876,0.439463,0.504321,0.445157,0.502306,0.454416,0.500482,0.465774,0.498377,0.477515,0.49564,0.488129,0.492211,0.49666,0.488366,0.50283,0.484621,0.506933,0.481553,0.509578,0.479615,0.511415,0.479007,0.51295,0.479653,0.514484,0.481261,0.516148,0.483444,0.517965,0.48583,0.51991,0.488127,0.521913,0.490109,0.523826,0.491549,0.525375,0.492127,0.526106,0.491341,0.525344,0.488438,0.522133,0.482345,0.515154,0.471592,0.502547,0.453897,0.48064,0.423104,0.441929,0.376169,0.387499,0.312778,0.314694,0.225941,0.220916,0.0961552,0.182193
0.243754,0.123103,0.175643,0.251078,0.246224,0.333047,0.312287,0.390579,0.363944,0.430461,0.401339,0.45656,0.427026,0.472098,0.444226,0.480112,0.455871,0.483314,0.46415,0.483892,0.470481,0.483437,0.475699,0.482998,0.480288,0.48319,0.484546,0.484291,0.488673,0.486301,0.49281,0.488957,0.497043,0.491774,0.501383,0.494096,0.505729,0.495211,0.509849,0.494483,0.513401,0.491501,0.515999,0.486205,0.51731,0.478983,0.517145,0.470678,0.515512,0.462491,0.512634,0.455757,0.508934,0.451631,0.504981,0.450777,0.501341,0.453115,0.49833,0.457755,0.495876,0.463564,0.494109,0.470079,0.493355,0.477067,0.49356,0.484235,0.494502,0.491291,0.496106,0.497938,0.498531,0.503865,0.502004,0.508767,0.506543,0.512429,0.511748,0.514777,0.516794,0.51588,0.520654,0.515878,0.52243,0.514896,0.521651,0.513004,0.518425,0.510255,0.513395,0.506782,0.507539,0.502887,0.501901,0.499051,0.49732,0.495849,0.494269,0.493769,0.492816,0.493034,0.492714,0.493486,0.493565,0.494624,0.494973,0.495792,0.496628,0.496462,0.498311,0.496489,0.499842,0.496206,0.501028,0.496311,0.501658,0.497578,0.501566,0.500525,0.500729,0.50517,0.499347,0.510981,0.497848,0.517018,0.496796,0.522206,0.496725,0.525629,0.497953,0.526745,0.50045,0.52546,0.503799,0.52209,0.507273,0.517224,0.510016,0.511578,0.511272,0.505862,0.510621,0.500684,0.508132,0.496478,0.504333,0.493364,0.499844,0.490874,0.494896,0.488428,0.49049,0.486942,0.488132,0.487152,0.488242,0.489077,0.49046,0.492271,0.494096,0.49601,0.498431,0.499492,0.502869,0.502089,0.506971,0.50355,0.510401,0.504075,0.512868,0.504208,0.514076,0.504609,0.513737,0.505788,0.511607,0.507922,0.507532,0.51079,0.501487,0.513836,0.493595,0.516341,0.484143,0.517632,0.47362,0.517301,0.462765,0.515349,0.452587,0.512195,0.444298,0.508546,0.43912,0.505147,0.437992,0.502513,0.441273,0.500759,0.448566,0.49958,0.458758,0.498418,0.470296,0.496711,0.481592,0.494134,0.491418,0.490735,0.499139,0.486907,0.50472,0.483249,0.508548,0.480361,0.511179,0.478665,0.513123,0.478297,0.514739,0.479118,0.516228,0.480792,0.517686,0.482919,0.519162,0.485141,0.520678,0.48718,0.522208,0.488809,0.523619,0.489762,0.524605,0.489636,0.524634,0.487792,0.522896,0.483267,0.518213,0.474661,0.508889,0.459897,0.492275,0.435522,0.463868,0.396998,0.420685,0.343217,0.36124,0.27197,0.280969,0.174673,0.155545,0.00336251
0.225987,0.103483,0.228772,0.203514,0.308542,0.278823,0.370183,0.338339,0.415375,0.382574,0.446747,0.413639,0.466774,0.43464,0.478123,0.448724,0.483458,0.458461,0.485125,0.465642,0.484963,0.471381,0.484259,0.476332,0.483827,0.480877,0.484099,0.485238,0.48521,0.489546,0.487041,0.493868,0.489249,0.498214,0.491307,0.502517,0.492576,0.506612,0.492417,0.510233,0.490325,0.513051,0.486069,0.514751,0.47981,0.515119,0.472148,0.5141,0.464093,0.511833,0.456896,0.508658,0.451798,0.505095,0.44973,0.501754,0.451022,0.499097,0.455114,0.496961,0.460479,0.494863,0.466346,0.493525,0.472936,0.493339,0.480087,0.494119,0.487461,0.495653,0.494701,0.497959,0.501436,0.501233,0.50729,0.505607,0.511945,0.510889,0.515217,0.516443,0.517091,0.521309,0.517676,0.524485,0.517115,0.525251,0.515511,0.523402,0.512922,0.519291,0.509437,0.513719,0.505283,0.507706,0.500885,0.502228,0.496832,0.498003,0.493737,0.495376,0.49204,0.494328,0.491842,0.494583,0.492845,0.495751,0.494455,0.497448,0.496024,0.499345,0.497126,0.501166,0.497752,0.502656,0.498323,0.50357,0.499501,0.50371,0.501889,0.503004,0.505751,0.501578,0.510857,0.499786,0.516523,0.49816,0.521805,0.497278,0.525767,0.497591,0.527727,0.499275,0.527395,0.502134,0.524899,0.505617,0.520699,0.508927,0.515462,0.511218,0.509923,0.511835,0.504784,0.510541,0.500635,0.507645,0.497866,0.503833,0.496308,0.499255,0.494297,0.493344,0.491918,0.488761,0.490994,0.486889,0.49181,0.487666,0.494022,0.490462,0.497011,0.494474,0.500044,0.498956,0.502462,0.503322,0.50389,0.507156,0.504363,0.510146,0.504299,0.512019,0.504318,0.512508,0.504995,0.511358,0.506633,0.508376,0.509147,0.503474,0.512075,0.496699,0.514706,0.488251,0.516295,0.478502,0.516294,0.468033,0.514552,0.457678,0.511386,0.448508,0.507495,0.44172,0.503733,0.438399,0.500809,0.439228,0.49904,0.444241,0.49826,0.452749,0.497908,0.46348,0.497279,0.474912,0.495793,0.485661,0.493218,0.494782,0.489735,0.501895,0.485859,0.5071,0.482255,0.510779,0.479529,0.513383,0.478052,0.51529,0.477889,0.516758,0.478831,0.517949,0.480501,0.518983,0.482493,0.519967,0.484463,0.520983,0.486147,0.522036,0.487306,0.522976,0.487621,0.52343,0.486578,0.52274,0.483364,0.519905,0.476746,0.513464,0.464911,0.501302,0.445213,0.480376,0.414113,0.447367,0.369088,0.400512,0.309509,0.337613,0.23706,0.255806,0.142808,0.25735
0.0189101,0.192334,0.151943,0.292338,0.241317,0.352124,0.309567,0.399628,0.361168,0.435242,0.39829,0.459717,0.423822,0.474811,0.440969,0.482824,0.452591,0.486089,0.460847,0.48662,0.467177,0.485943,0.472471,0.485093,0.477252,0.484679,0.481815,0.484974,0.486301,0.485985,0.490755,0.487497,0.495158,0.489107,0.499436,0.490277,0.503459,0.49041,0.507025,0.488968,0.509877,0.485598,0.511753,0.480269,0.512451,0.473356,0.511887,0.465652,0.510136,0.45827,0.507456,0.452442,0.504289,0.449264,0.501244,0.449435,0.498967,0.452967,0.497643,0.458506,0.495873,0.463643,0.493764,0.469415,0.49292,0.4762,0.493374,0.48362,0.494782,0.491224,0.49698,0.498577,0.500061,0.505242,0.504199,0.510816,0.50937,0.515013,0.515158,0.517722,0.52075,0.518994,0.525141,0.518973,0.527444,0.517792,0.527168,0.515531,0.524353,0.512256,0.519544,0.508114,0.513626,0.503439,0.507604,0.498769,0.502364,0.494765,0.498513,0.492031,0.496301,0.490913,0.495657,0.491367,0.496291,0.492965,0.497811,0.495059,0.499813,0.497046,0.501918,0.498616,0.503779,0.499872,0.505079,0.501262,0.505566,0.503353,0.50511,0.506553,0.503773,0.510895,0.50184,0.515977,0.499798,0.521058,0.498235,0.525278,0.497693,0.527892,0.498507,0.528456,0.500694,0.526908,0.503905,0.523541,0.507476,0.518912,0.510566,0.513724,0.512367,0.508709,0.512356,0.504561,0.510539,0.501892,0.507568,0.501147,0.504307,0.501377,0.49848,0.498166,0.491255,0.495945,0.486916,0.495684,0.485763,0.496967,0.487257,0.499193,0.49058,0.501684,0.494869,0.503793,0.499383,0.505073,0.503571,0.505423,0.507052,0.505127,0.509541,0.504736,0.510789,0.504851,0.510551,0.505882,0.508612,0.507888,0.504837,0.510531,0.499212,0.51316,0.491866,0.514995,0.483076,0.515373,0.473292,0.513971,0.463175,0.510948,0.453619,0.506925,0.44571,0.5028,0.440568,0.499446,0.439093,0.497406,0.441694,0.49672,0.448121,0.496929,0.457479,0.497271,0.468447,0.496967,0.47962,0.495499,0.489837,0.492767,0.498395,0.489102,0.505075,0.485131,0.510017,0.481569,0.513538,0.478999,0.515981,0.477729,0.517629,0.477737,0.518698,0.478743,0.519373,0.480335,0.519839,0.482106,0.520274,0.483731,0.52081,0.484956,0.521452,0.485516,0.521992,0.485015,0.521943,0.482803,0.520477,0.477849,0.516361,0.468609,0.507847,0.452883,0.49258,0.427799,0.467842,0.390517,0.431679,0.339718,0.383157,0.277675,0.319522,0.230194,0.203644,0.550439
0.524108,0.0967698,0.303233,0.201009,0.340467,0.27798,0.384801,0.337172,0.422535,0.380821,0.450873,0.411537,0.469871,0.432412,0.481031,0.446454,0.486426,0.45613,0.488113,0.463214,0.487817,0.468874,0.486803,0.473836,0.485887,0.478524,0.4855,0.483139,0.485768,0.487726,0.486586,0.492227,0.487661,0.496531,0.488557,0.500495,0.488752,0.503951,0.487719,0.506707,0.485041,0.50857,0.480543,0.509386,0.474399,0.509081,0.467186,0.5077,0.459841,0.505429,0.453518,0.502624,0.449373,0.499825,0.448341,0.49776,0.450979,0.49718,0.457062,0.497484,0.462581,0.494457,0.466875,0.492491,0.472815,0.492361,0.479968,0.49353,0.487695,0.495605,0.495458,0.498511,0.502761,0.502383,0.509136,0.507309,0.514209,0.51308,0.517766,0.519085,0.519787,0.524409,0.520388,0.528095,0.519726,0.529435,0.517914,0.528168,0.515017,0.524538,0.511122,0.51921,0.506457,0.513101,0.501461,0.507165,0.496766,0.502204,0.493064,0.498737,0.490901,0.496951,0.490496,0.496739,0.491655,0.497793,0.493844,0.499693,0.496399,0.501985,0.49879,0.504219,0.500815,0.505978,0.502649,0.506924,0.504715,0.506849,0.50745,0.50574,0.511075,0.503815,0.51545,0.501514,0.520085,0.499415,0.524271,0.498113,0.52729,0.49807,0.528605,0.499481,0.527989,0.502204,0.525558,0.505749,0.521718,0.509362,0.517076,0.512175,0.512336,0.513446,0.508221,0.512834,0.505436,0.510694,0.504774,0.508364,0.507312,0.50727,0.50636,0.496152,0.501854,0.488666,0.500382,0.485122,0.500809,0.484845,0.50234,0.487044,0.504298,0.490809,0.506056,0.495264,0.507131,0.499702,0.507323,0.503624,0.506789,0.506689,0.505993,0.50864,0.505524,0.509247,0.505874,0.50829,0.507235,0.505602,0.509414,0.50112,0.511862,0.494913,0.513819,0.48719,0.514544,0.478301,0.513555,0.468757,0.510824,0.459268,0.506828,0.450753,0.502429,0.444264,0.4986,0.4408,0.496097,0.441051,0.495204,0.445172,0.49565,0.452692,0.496722,0.462604,0.497529,0.473619,0.497306,0.484486,0.495649,0.494248,0.492622,0.502371,0.488706,0.508708,0.484623,0.513374,0.481111,0.516609,0.47871,0.518672,0.477639,0.519812,0.477784,0.520267,0.478793,0.520287,0.480227,0.520138,0.48169,0.520064,0.482874,0.520215,0.483528,0.520553,0.483344,0.520765,0.481826,0.520206,0.478153,0.517846,0.471049,0.512212,0.458667,0.501363,0.438562,0.483043,0.408014,0.455385,0.364939,0.417973,0.308932,0.372314,0.24264,0.324065,0.154421,0.453935
0.189497,0.265879,0.166008,0.336733,0.244772,0.372574,0.310985,0.409277,0.361249,0.440319,0.397604,0.463068,0.422824,0.47771,0.439879,0.485746,0.451432,0.4891,0.459548,0.489603,0.465684,0.488737,0.470811,0.487542,0.475538,0.486639,0.480185,0.486292,0.484845,0.486492,0.489445,0.487034,0.493818,0.487573,0.497774,0.487667,0.50113,0.486838,0.503729,0.484654,0.505444,0.480846,0.506188,0.475426,0.505935,0.468769,0.504738,0.461625,0.502746,0.455018,0.50023,0.450082,0.497629,0.447854,0.495597,0.449175,0.495111,0.45482,0.497587,0.464773,0.49664,0.465914,0.492342,0.470171,0.491209,0.476679,0.491973,0.484277,0.493877,0.492241,0.496624,0.499998,0.500236,0.507028,0.504837,0.512885,0.51039,0.517265,0.516503,0.52006,0.522425,0.521337,0.527226,0.521257,0.530068,0.51997,0.530441,0.517562,0.52829,0.51409,0.524002,0.509684,0.518308,0.50466,0.512115,0.499561,0.506325,0.49508,0.501673,0.491895,0.498616,0.490456,0.497294,0.490833,0.497567,0.492691,0.499082,0.495422,0.501364,0.49838,0.503881,0.501117,0.50611,0.503518,0.507597,0.505787,0.508027,0.508286,0.507292,0.511323,0.50553,0.514969,0.503125,0.518987,0.500638,0.522877,0.498695,0.526025,0.497849,0.527878,0.498447,0.528095,0.500534,0.526624,0.503812,0.523701,0.507667,0.519794,0.511263,0.515521,0.513727,0.511568,0.514414,0.50864,0.513226,0.507512,0.511052,0.50961,0.511539,0.52306,0.504855,0.508737,0.492316,0.505537,0.48601,0.505165,0.483577,0.506119,0.484213,0.50763,0.487049,0.509076,0.491146,0.50996,0.495654,0.510012,0.499924,0.50928,0.503512,0.508128,0.506121,0.507109,0.507514,0.506758,0.507476,0.507386,0.505824,0.508946,0.502454,0.51102,0.497385,0.512919,0.490775,0.513878,0.482904,0.513295,0.474169,0.510953,0.465117,0.507144,0.456479,0.502617,0.449164,0.498365,0.444152,0.495302,0.442296,0.493955,0.444082,0.494298,0.449455,0.495767,0.457791,0.497466,0.468048,0.49846,0.479015,0.498064,0.489591,0.496036,0.498974,0.492613,0.506717,0.488415,0.512685,0.484236,0.516945,0.480809,0.519679,0.478601,0.52112,0.477726,0.521539,0.477968,0.521242,0.478915,0.520569,0.480112,0.51986,0.481178,0.519397,0.481825,0.519302,0.48179,0.519444,0.4807,0.519362,0.477933,0.518221,0.472477,0.514774,0.462803,0.507359,0.446825,0.49401,0.422047,0.472934,0.3861,0.443544,0.337476,0.407993,0.275502,0.372241,0.195327,0.295959,0.0858113
0.761595,0.10334,0.361561,0.209743,0.364666,0.283411,0.395949,0.339873,0.428139,0.381967,0.454227,0.41199,0.472524,0.432639,0.483654,0.446598,0.489201,0.456136,0.490981,0.462973,0.490633,0.468333,0.48943,0.473046,0.488209,0.477612,0.4874,0.482234,0.487106,0.486871,0.487194,0.491321,0.487382,0.49532,0.4873,0.49863,0.486529,0.501079,0.484663,0.502578,0.481391,0.503109,0.476607,0.502718,0.470516,0.501506,0.463677,0.499623,0.456963,0.49729,0.451426,0.494837,0.448118,0.492772,0.447953,0.491899,0.451833,0.49388,0.462409,0.507172,0.468144,0.4929,0.468457,0.490032,0.47387,0.490201,0.481095,0.491869,0.489061,0.494462,0.497091,0.497839,0.504618,0.502091,0.511144,0.507288,0.516288,0.513245,0.519853,0.519418,0.521839,0.524989,0.522383,0.529089,0.521664,0.531036,0.519803,0.530507,0.516861,0.527601,0.5129,0.522796,0.508114,0.516847,0.502913,0.510644,0.497924,0.505049,0.493869,0.500751,0.491368,0.49816,0.490743,0.497368,0.491907,0.49818,0.494405,0.500173,0.497588,0.502786,0.500846,0.505405,0.503812,0.507452,0.506432,0.508481,0.508909,0.508258,0.511535,0.506817,0.514514,0.504469,0.517831,0.501744,0.521219,0.499287,0.524229,0.497722,0.52637,0.497517,0.527248,0.498882,0.52668,0.501707,0.524734,0.505546,0.521714,0.509664,0.518107,0.513157,0.514511,0.515165,0.511578,0.515175,0.509981,0.513351,0.510491,0.5109,0.514161,0.509213,0.514236,0.497114,0.510555,0.488436,0.509594,0.483702,0.510126,0.482422,0.511324,0.483912,0.51256,0.487279,0.51333,0.491591,0.513317,0.49605,0.512477,0.500077,0.511072,0.503287,0.509596,0.505414,0.508595,0.506239,0.508469,0.505569,0.509309,0.50327,0.510843,0.499318,0.512489,0.493825,0.513511,0.487022,0.513241,0.479238,0.511308,0.470891,0.507802,0.462536,0.503307,0.454897,0.498752,0.448845,0.495129,0.445273,0.493173,0.444886,0.493115,0.447991,0.494615,0.45437,0.496875,0.463315,0.498899,0.473789,0.499787,0.484671,0.498992,0.494978,0.496453,0.503996,0.492579,0.511312,0.488112,0.516774,0.483889,0.520416,0.480602,0.522409,0.47862,0.523016,0.477936,0.52258,0.478234,0.521499,0.479051,0.520198,0.479931,0.519068,0.480514,0.518379,0.480524,0.518179,0.479668,0.518196,0.47749,0.517787,0.47322,0.515906,0.46564,0.511108,0.452998,0.501627,0.433067,0.485688,0.403472,0.462282,0.362283,0.432692,0.30837,0.404202,0.239169,0.413739,0.129437,0.990343
0.0124517,0.307441,0.173438,0.357158,0.256062,0.38201,0.317391,0.414161,0.364771,0.443154,0.399771,0.465171,0.424484,0.479771,0.441391,0.488026,0.452827,0.491597,0.460704,0.492202,0.466477,0.491312,0.471207,0.490003,0.475608,0.488908,0.480059,0.488268,0.484617,0.488025,0.489089,0.487944,0.493152,0.487696,0.496479,0.486916,0.498836,0.485243,0.500123,0.482365,0.500368,0.478114,0.499694,0.472557,0.498277,0.466081,0.496314,0.459395,0.494019,0.45344,0.491646,0.449228,0.489556,0.447678,0.488295,0.449541,0.488726,0.455564,0.492158,0.465763,0.49213,0.467083,0.488664,0.471513,0.488263,0.478215,0.48966,0.486015,0.492102,0.494153,0.495282,0.502022,0.4992,0.509089,0.503969,0.514917,0.509571,0.519225,0.515679,0.521933,0.521651,0.523133,0.526672,0.523006,0.529979,0.521716,0.531052,0.51935,0.529719,0.515945,0.526183,0.511596,0.520971,0.50657,0.514851,0.501374,0.508702,0.496692,0.503365,0.493237,0.499494,0.491532,0.49745,0.491748,0.497261,0.493645,0.498643,0.496675,0.501078,0.500171,0.503907,0.503575,0.506446,0.506588,0.508105,0.5092,0.5085,0.511601,0.507529,0.514035,0.505402,0.516649,0.502598,0.519399,0.499764,0.522041,0.497577,0.524209,0.49661,0.525528,0.497216,0.525734,0.499455,0.524751,0.50306,0.522714,0.507437,0.519947,0.511734,0.516923,0.514989,0.514202,0.516383,0.512378,0.515548,0.512021,0.512803,0.513535,0.508839,0.515889,0.501432,0.514505,0.492017,0.513602,0.48528,0.513943,0.481928,0.514982,0.481721,0.516138,0.483961,0.516912,0.487736,0.516952,0.492147,0.516138,0.496471,0.514633,0.500201,0.512853,0.503004,0.511327,0.504638,0.510509,0.504898,0.510609,0.503627,0.511497,0.500762,0.51272,0.496369,0.513616,0.490645,0.513507,0.483872,0.511917,0.476393,0.508758,0.46862,0.504423,0.461093,0.499711,0.454513,0.49561,0.449705,0.492989,0.447472,0.492314,0.448385,0.493502,0.452604,0.495942,0.459798,0.498684,0.469208,0.500712,0.479823,0.501226,0.490592,0.49985,0.500601,0.496713,0.509179,0.492389,0.515919,0.487712,0.520659,0.483527,0.523445,0.480453,0.524488,0.478734,0.524132,0.478231,0.522813,0.478538,0.521022,0.479156,0.519243,0.47964,0.517876,0.479653,0.517132,0.478918,0.516928,0.477096,0.516819,0.473627,0.515954,0.46758,0.51308,0.457535,0.506593,0.441566,0.494733,0.417426,0.476103,0.383014,0.450714,0.337027,0.422008,0.279273,0.400184,0.210934,0.346417,0.215264
0.912105,0.150827,0.366113,0.234283,0.365254,0.295176,0.3975,0.346412,0.429498,0.386148,0.455363,0.415196,0.473756,0.435531,0.485198,0.449373,0.49109,0.458721,0.493128,0.465206,0.492931,0.470095,0.491803,0.474327,0.490614,0.478497,0.489784,0.482829,0.489357,0.487213,0.489135,0.491305,0.488806,0.49469,0.488032,0.497033,0.486493,0.49817,0.483908,0.49813,0.480088,0.497093,0.475013,0.495322,0.468924,0.493095,0.462366,0.490665,0.456152,0.488262,0.451226,0.486143,0.448493,0.484658,0.448672,0.484303,0.4522,0.485609,0.458859,0.487792,0.464749,0.486509,0.469348,0.486093,0.475624,0.487309,0.48316,0.489628,0.491268,0.492656,0.499336,0.496287,0.506814,0.500617,0.513229,0.505738,0.518235,0.511525,0.521666,0.517543,0.523546,0.523105,0.524034,0.527454,0.523319,0.529952,0.521533,0.530218,0.518727,0.528188,0.514933,0.524126,0.510297,0.518593,0.505176,0.512375,0.500157,0.506358,0.495958,0.50137,0.493235,0.498027,0.492381,0.496621,0.493403,0.497083,0.495924,0.499016,0.499323,0.501787,0.502942,0.504648,0.50628,0.506881,0.509101,0.50794,0.511432,0.507559,0.513469,0.505812,0.515444,0.503092,0.517494,0.500025,0.519592,0.497327,0.521543,0.495659,0.523058,0.495503,0.523853,0.497073,0.523746,0.500269,0.522716,0.504661,0.520918,0.509505,0.518666,0.513835,0.516396,0.516656,0.514617,0.517218,0.513825,0.515288,0.514363,0.511163,0.51598,0.504897,0.516835,0.49617,0.516738,0.488156,0.517191,0.482856,0.518229,0.480742,0.519429,0.481496,0.520328,0.484357,0.520556,0.488412,0.519928,0.492821,0.518512,0.496942,0.516631,0.500339,0.51477,0.502719,0.513405,0.503857,0.512834,0.503573,0.513056,0.501764,0.513751,0.498452,0.514359,0.493793,0.51424,0.488046,0.512866,0.481511,0.510019,0.474509,0.505908,0.467425,0.501169,0.460774,0.496712,0.455237,0.493457,0.451596,0.49205,0.450571,0.492655,0.452621,0.4949,0.457789,0.497976,0.465656,0.50086,0.475433,0.502589,0.486122,0.502507,0.496709,0.500429,0.506314,0.496673,0.514283,0.491954,0.520224,0.487169,0.524004,0.483133,0.525728,0.480353,0.525696,0.478928,0.524351,0.478589,0.522229,0.478853,0.519886,0.479202,0.517831,0.47921,0.516418,0.478558,0.515748,0.476958,0.51557,0.474007,0.515237,0.469027,0.513683,0.460918,0.509461,0.448079,0.500861,0.428477,0.486235,0.399973,0.464666,0.360954,0.437101,0.311264,0.408672,0.253302,0.406403,0.170373,0.889519
0.610634,0.240371,0.240797,0.332469,0.275308,0.375716,0.327451,0.412578,0.371237,0.442776,0.404624,0.465309,0.428732,0.480378,0.445459,0.489107,0.456759,0.493089,0.464353,0.494014,0.469668,0.493384,0.47384,0.492317,0.477692,0.491455,0.48167,0.490987,0.485818,0.490771,0.489843,0.490494,0.493279,0.489814,0.495675,0.488427,0.496757,0.486089,0.496498,0.482626,0.495094,0.477979,0.492882,0.472279,0.490238,0.465924,0.487494,0.459586,0.484914,0.454122,0.482706,0.450411,0.481088,0.449182,0.480348,0.450873,0.480789,0.455415,0.482292,0.461554,0.483225,0.467087,0.483556,0.473249,0.484841,0.480517,0.487118,0.488493,0.490054,0.496632,0.493465,0.504396,0.497391,0.511295,0.501978,0.516935,0.507265,0.521076,0.513026,0.523659,0.518753,0.524788,0.523766,0.524654,0.527396,0.523432,0.529123,0.521214,0.528669,0.51802,0.526035,0.513906,0.521531,0.509087,0.515755,0.504015,0.509525,0.499342,0.503745,0.495772,0.499225,0.493866,0.49652,0.493858,0.495822,0.495589,0.496932,0.498564,0.499321,0.502118,0.502244,0.505618,0.504897,0.508628,0.506582,0.510983,0.506853,0.512762,0.505617,0.514201,0.503142,0.515557,0.499998,0.516995,0.496914,0.518521,0.494626,0.519984,0.493729,0.521143,0.49458,0.521764,0.497236,0.521697,0.501429,0.520933,0.506557,0.519614,0.511725,0.518024,0.515874,0.516557,0.518007,0.51565,0.517482,0.515665,0.514194,0.516656,0.508438,0.517993,0.500546,0.518803,0.492032,0.519609,0.485165,0.520775,0.481138,0.522105,0.48015,0.52322,0.481738,0.523752,0.485083,0.523464,0.489298,0.522334,0.493618,0.520585,0.497487,0.518628,0.50053,0.516929,0.502481,0.515843,0.503136,0.515473,0.502353,0.515625,0.500104,0.515849,0.4965,0.515573,0.491769,0.51427,0.486197,0.511641,0.48006,0.50775,0.473637,0.503065,0.467278,0.498372,0.461482,0.494571,0.45692,0.492409,0.454342,0.492258,0.454401,0.49399,0.457456,0.497003,0.463449,0.50037,0.471885,0.503071,0.481935,0.504246,0.492596,0.503411,0.502863,0.500578,0.511873,0.496244,0.518999,0.49124,0.523897,0.486487,0.526513,0.482726,0.527052,0.480322,0.525924,0.479214,0.523676,0.479012,0.520914,0.479171,0.518232,0.479175,0.516108,0.478618,0.514805,0.477195,0.514266,0.474594,0.514047,0.470335,0.513281,0.46361,0.510693,0.45315,0.504661,0.437206,0.493427,0.413721,0.475519,0.38081,0.450416,0.337624,0.419005,0.286387,0.380816,0.247092,0.281831,0.520945
0.100761,0.166894,0.271561,0.251629,0.345442,0.307831,0.391447,0.355199,0.427049,0.392701,0.454175,0.420746,0.473287,0.440748,0.485334,0.454473,0.49177,0.463635,0.494284,0.469745,0.494518,0.474092,0.493823,0.477703,0.493093,0.481263,0.492713,0.485035,0.492638,0.488859,0.492564,0.49228,0.492116,0.494757,0.490969,0.49588,0.488897,0.49551,0.48576,0.493808,0.481501,0.491147,0.476189,0.487991,0.470096,0.484778,0.463751,0.481851,0.457908,0.479437,0.453406,0.477686,0.45099,0.476746,0.451156,0.476783,0.454002,0.477824,0.458994,0.479351,0.464833,0.480634,0.471051,0.482273,0.478094,0.484637,0.485869,0.487561,0.493967,0.490833,0.501895,0.494428,0.50917,0.498493,0.515369,0.503179,0.52019,0.508457,0.523491,0.514014,0.525298,0.519307,0.525765,0.5237,0.525091,0.526621,0.523423,0.527644,0.520812,0.526552,0.517271,0.523395,0.512904,0.518524,0.508016,0.512593,0.503145,0.506464,0.498971,0.501053,0.496145,0.497131,0.495088,0.495157,0.495859,0.495183,0.498138,0.496862,0.501337,0.499528,0.504776,0.502354,0.507872,0.504528,0.510269,0.505434,0.511893,0.504789,0.512909,0.5027,0.513623,0.499636,0.51435,0.496306,0.51529,0.493494,0.516469,0.4919,0.517749,0.492011,0.518898,0.494033,0.519684,0.497851,0.51995,0.503015,0.519667,0.508749,0.518949,0.514018,0.518048,0.517702,0.517314,0.518863,0.517104,0.517015,0.517632,0.512241,0.518758,0.505072,0.519976,0.496591,0.521132,0.488675,0.522464,0.482935,0.523946,0.480108,0.525304,0.480136,0.5262,0.482417,0.526367,0.486109,0.525698,0.490374,0.52431,0.494539,0.522519,0.498124,0.520749,0.500803,0.519373,0.502334,0.518573,0.502539,0.51826,0.501336,0.518093,0.49878,0.51758,0.495059,0.516228,0.490444,0.513704,0.485201,0.509975,0.479557,0.505366,0.473737,0.500528,0.468069,0.496285,0.463058,0.493416,0.459384,0.492431,0.457775,0.493422,0.458821,0.496017,0.462786,0.499462,0.469508,0.502784,0.478411,0.505021,0.488609,0.505451,0.499075,0.503778,0.508808,0.500209,0.516973,0.495403,0.523006,0.490274,0.526656,0.485722,0.527987,0.48237,0.527326,0.480412,0.525191,0.479625,0.522208,0.479512,0.519027,0.479493,0.516226,0.479061,0.514208,0.477837,0.513098,0.475523,0.512653,0.47177,0.512215,0.46601,0.510698,0.457295,0.506615,0.444198,0.498204,0.424861,0.483704,0.397295,0.461842,0.359988,0.432222,0.312844,0.393955,0.258004,0.336069,0.174994,0.301693
0.0785386,0.192801,0.214289,0.308606,0.286464,0.365868,0.338158,0.407947,0.379438,0.440182,0.411382,0.463724,0.434919,0.479517,0.451483,0.48889,0.462677,0.493472,0.470023,0.494976,0.474892,0.494943,0.478467,0.494525,0.481653,0.494349,0.484965,0.494524,0.488448,0.494789,0.491744,0.494727,0.494277,0.493961,0.495509,0.492241,0.495154,0.489452,0.493274,0.48557,0.490232,0.480651,0.486553,0.474873,0.48277,0.468629,0.479334,0.462555,0.476555,0.457435,0.474587,0.454019,0.473496,0.452866,0.473334,0.45421,0.474118,0.457848,0.475674,0.463078,0.477557,0.469136,0.479671,0.47593,0.482252,0.48344,0.485254,0.491393,0.488478,0.499367,0.491838,0.506904,0.495442,0.513572,0.499503,0.519025,0.504152,0.523048,0.509279,0.525575,0.514502,0.526684,0.519273,0.526559,0.523032,0.525398,0.525289,0.523315,0.525679,0.520331,0.524023,0.516481,0.520412,0.511942,0.515259,0.507114,0.509285,0.5026,0.503398,0.499066,0.498503,0.497056,0.495292,0.496818,0.494088,0.498228,0.494778,0.500827,0.496857,0.503964,0.499546,0.506979,0.501983,0.509365,0.503412,0.51088,0.503362,0.511571,0.501756,0.511724,0.498917,0.511738,0.495489,0.511984,0.492271,0.51268,0.490045,0.513836,0.489422,0.515281,0.490747,0.516749,0.494052,0.517973,0.499034,0.518763,0.505056,0.519058,0.511171,0.518946,0.516237,0.518653,0.519135,0.518489,0.51906,0.518738,0.515757,0.519508,0.509599,0.520638,0.501536,0.521903,0.493108,0.523313,0.486021,0.524877,0.481437,0.526422,0.479744,0.527664,0.480659,0.528324,0.483487,0.528232,0.487394,0.527396,0.491619,0.526024,0.495579,0.524461,0.498865,0.523065,0.501184,0.522063,0.50232,0.52145,0.502137,0.520979,0.500625,0.520237,0.497917,0.518778,0.494256,0.516271,0.489907,0.512628,0.485084,0.508074,0.479948,0.503137,0.474686,0.498544,0.469631,0.495049,0.465322,0.493233,0.462461,0.493353,0.461757,0.495256,0.463728,0.498396,0.468531,0.501937,0.475886,0.504919,0.485118,0.506477,0.495278,0.506046,0.505314,0.503524,0.514245,0.499311,0.521303,0.494199,0.526031,0.489146,0.528314,0.484978,0.528351,0.482158,0.526584,0.480692,0.523615,0.480201,0.52012,0.480107,0.516748,0.479815,0.51402,0.47884,0.512218,0.476831,0.511294,0.473489,0.5108,0.46842,0.509858,0.460956,0.507156,0.450002,0.501013,0.433984,0.489548,0.410992,0.471063,0.379183,0.444541,0.337405,0.409735,0.285681,0.363743,0.224369,0.255069,0.215035
0.502318,0.163527,0.290647,0.265009,0.338366,0.320658,0.385736,0.364972,0.42332,0.400523,0.451596,0.42769,0.471491,0.447414,0.484226,0.461067,0.491337,0.470106,0.494538,0.475921,0.495498,0.479781,0.495603,0.482767,0.495744,0.485632,0.496244,0.488677,0.496942,0.491721,0.497407,0.494237,0.497181,0.495602,0.49595,0.495373,0.493588,0.493465,0.490111,0.490174,0.485603,0.486042,0.480202,0.481674,0.47417,0.477617,0.468007,0.474302,0.46243,0.471969,0.458186,0.470673,0.455882,0.470377,0.455858,0.47103,0.458114,0.472536,0.462277,0.474664,0.467749,0.477176,0.474131,0.480044,0.481275,0.483207,0.48897,0.486474,0.496867,0.489705,0.504546,0.492946,0.511579,0.49642,0.517593,0.500375,0.522318,0.504891,0.525603,0.509767,0.527419,0.514565,0.527876,0.518773,0.527195,0.521919,0.52557,0.523575,0.52308,0.523399,0.519739,0.521242,0.515629,0.51725,0.511022,0.511919,0.506406,0.506042,0.502407,0.500553,0.499624,0.496306,0.498445,0.49387,0.498923,0.493398,0.500758,0.4946,0.503385,0.496827,0.506132,0.499234,0.508396,0.500985,0.50979,0.501448,0.51022,0.500352,0.509893,0.497848,0.509233,0.494465,0.508731,0.490974,0.508786,0.488206,0.509587,0.486882,0.511077,0.487477,0.513012,0.490164,0.515055,0.494782,0.516883,0.500834,0.518266,0.507496,0.519117,0.513678,0.519511,0.518187,0.519662,0.519988,0.519853,0.518496,0.520316,0.513768,0.521125,0.506537,0.522203,0.498121,0.523492,0.490159,0.524983,0.484072,0.526572,0.480656,0.528045,0.480003,0.529142,0.48166,0.52965,0.484884,0.529485,0.488889,0.528733,0.493004,0.527639,0.496731,0.526505,0.499716,0.525568,0.501696,0.52488,0.502486,0.524271,0.502007,0.523397,0.500321,0.52186,0.497623,0.519344,0.494167,0.515737,0.490173,0.511203,0.485783,0.506178,0.4811,0.501299,0.476306,0.497265,0.471776,0.494674,0.468105,0.493883,0.466018,0.494915,0.466191,0.497436,0.469047,0.500796,0.474609,0.504135,0.482464,0.506546,0.49183,0.507281,0.501698,0.50595,0.511018,0.502647,0.518868,0.497948,0.524599,0.492751,0.527903,0.488001,0.528816,0.484398,0.527661,0.482206,0.524965,0.481234,0.521386,0.480975,0.517614,0.480798,0.514257,0.480113,0.511732,0.478468,0.510169,0.475539,0.509324,0.471022,0.508535,0.464467,0.506698,0.455089,0.502277,0.441641,0.493402,0.422428,0.478128,0.395547,0.454927,0.359355,0.423387,0.312897,0.385361,0.255262,0.357469,0.163083,0.695145
0.42892,0.226394,0.263419,0.310057,0.30523,0.361178,0.349757,0.403825,0.388138,0.436955,0.418832,0.46119,0.441924,0.477627,0.458394,0.48768,0.469556,0.493001,0.476765,0.495318,0.481317,0.496191,0.484396,0.496776,0.486953,0.497654,0.489546,0.498833,0.492238,0.499917,0.494636,0.500377,0.496109,0.499797,0.496081,0.49799,0.494294,0.494986,0.490922,0.490928,0.48648,0.485971,0.481612,0.48028,0.476917,0.474182,0.472929,0.468303,0.470046,0.463392,0.468406,0.460094,0.467938,0.458827,0.468505,0.459728,0.469978,0.462635,0.472199,0.467156,0.474966,0.472863,0.478113,0.47948,0.481491,0.48678,0.484881,0.494462,0.488089,0.502149,0.491086,0.509428,0.494061,0.51591,0.497327,0.521286,0.501129,0.525342,0.505464,0.527945,0.510017,0.529065,0.514317,0.528868,0.517953,0.527636,0.520535,0.52555,0.521652,0.522655,0.520967,0.518983,0.518369,0.514695,0.514086,0.510159,0.508706,0.505923,0.503082,0.502585,0.498136,0.500615,0.494625,0.500209,0.492953,0.501217,0.493082,0.503192,0.494554,0.505505,0.496618,0.507516,0.498424,0.508729,0.49923,0.508919,0.498593,0.508182,0.496476,0.506905,0.493256,0.505645,0.489626,0.50495,0.486429,0.505196,0.484463,0.506479,0.484327,0.508632,0.486326,0.511299,0.490437,0.514059,0.496296,0.516531,0.50321,0.518457,0.510192,0.519741,0.516061,0.520466,0.519655,0.520852,0.520116,0.521168,0.517161,0.521627,0.511205,0.522323,0.503322,0.523271,0.495018,0.524477,0.487822,0.5259,0.482847,0.527403,0.48056,0.528776,0.480819,0.5298,0.483058,0.530319,0.486537,0.530309,0.490543,0.529889,0.494503,0.529277,0.497989,0.528677,0.500689,0.528169,0.50237,0.527641,0.502888,0.526805,0.502227,0.525302,0.500511,0.522829,0.49796,0.519266,0.494799,0.514741,0.491175,0.509634,0.487158,0.504512,0.482828,0.500017,0.478404,0.496731,0.474334,0.495055,0.471277,0.495133,0.469968,0.496812,0.471012,0.499644,0.474704,0.502933,0.480909,0.505833,0.489069,0.507513,0.498304,0.50736,0.507577,0.505167,0.515883,0.501224,0.52242,0.496263,0.526699,0.49124,0.528582,0.48703,0.528239,0.484144,0.526078,0.482619,0.522678,0.482087,0.518724,0.481952,0.514887,0.481557,0.511695,0.480335,0.509428,0.477875,0.508033,0.473882,0.507064,0.46804,0.505638,0.459824,0.50242,0.448316,0.495648,0.432117,0.483285,0.409451,0.463392,0.378504,0.434825,0.337876,0.398458,0.286893,0.358766,0.233363,0.281082,0.401763
0.577757,0.226918,0.293157,0.293996,0.334941,0.334561,0.382109,0.374259,0.420011,0.408148,0.448668,0.43471,0.469032,0.454282,0.482362,0.467944,0.490197,0.476975,0.494243,0.482657,0.49617,0.486211,0.497356,0.488718,0.49866,0.490961,0.500321,0.493266,0.502053,0.495455,0.503297,0.496974,0.503519,0.497175,0.502425,0.495633,0.500005,0.492356,0.496454,0.487784,0.492004,0.482585,0.486804,0.477369,0.480969,0.472665,0.474948,0.469051,0.469515,0.466869,0.465373,0.466102,0.462995,0.46655,0.462608,0.467997,0.464197,0.470267,0.46754,0.473186,0.472306,0.47656,0.478188,0.48017,0.484928,0.483746,0.492241,0.487029,0.499786,0.489908,0.507171,0.492505,0.514003,0.495144,0.519942,0.498196,0.524739,0.501865,0.528195,0.506002,0.530118,0.510138,0.530473,0.513877,0.529587,0.516966,0.527802,0.519045,0.525254,0.519678,0.521968,0.518534,0.518024,0.515566,0.513679,0.511101,0.509386,0.505818,0.505703,0.500599,0.503134,0.496303,0.501969,0.493543,0.50219,0.492531,0.503462,0.493038,0.505234,0.494472,0.506873,0.49604,0.507826,0.496955,0.50776,0.496644,0.506656,0.494891,0.504825,0.491904,0.502831,0.488257,0.501328,0.484753,0.500858,0.482232,0.501699,0.481394,0.503804,0.482672,0.506855,0.486169,0.510376,0.491652,0.513864,0.498556,0.5169,0.506014,0.519218,0.512919,0.520744,0.518076,0.521588,0.520451,0.521985,0.519452,0.52221,0.515143,0.522482,0.508289,0.522936,0.500197,0.523655,0.492385,0.524673,0.486166,0.525946,0.482338,0.527347,0.481089,0.528689,0.482102,0.529789,0.484762,0.530528,0.488373,0.530901,0.492313,0.531009,0.496095,0.530991,0.49935,0.530917,0.501799,0.530709,0.503242,0.530124,0.503584,0.52883,0.502866,0.526532,0.501247,0.523096,0.498934,0.518625,0.496085,0.513465,0.492772,0.508141,0.489021,0.503255,0.484933,0.49936,0.480807,0.496869,0.47718,0.49599,0.474763,0.496702,0.474259,0.498743,0.476164,0.501608,0.480602,0.504593,0.487267,0.506889,0.495466,0.507753,0.504252,0.506722,0.512614,0.503781,0.519656,0.49941,0.524743,0.494465,0.527577,0.489901,0.528169,0.486444,0.526775,0.484363,0.523832,0.483465,0.519954,0.483257,0.51584,0.483091,0.512108,0.482312,0.509164,0.480389,0.507122,0.476962,0.505736,0.471763,0.504351,0.464448,0.501862,0.454395,0.496693,0.440534,0.486854,0.421328,0.470171,0.394992,0.444797,0.359936,0.410236,0.314958,0.369776,0.256697,0.345459,0.153255,0.689015
0.689077,0.189319,0.305564,0.301044,0.320253,0.358324,0.358802,0.401133,0.395407,0.434104,0.425485,0.458473,0.4484,0.475315,0.464884,0.485997,0.476116,0.492134,0.483348,0.495426,0.4878,0.497411,0.490609,0.499208,0.492718,0.50133,0.494701,0.503676,0.496633,0.505727,0.498125,0.506859,0.498541,0.506632,0.497326,0.504938,0.494303,0.501974,0.489788,0.498077,0.484454,0.493495,0.478961,0.488206,0.47369,0.482257,0.469224,0.476426,0.466266,0.471567,0.464998,0.468215,0.465212,0.466644,0.466597,0.46693,0.468896,0.468984,0.471914,0.472602,0.475462,0.477538,0.479297,0.483535,0.483102,0.490313,0.486544,0.497549,0.489426,0.504881,0.491784,0.511918,0.493905,0.5183,0.496228,0.52375,0.499151,0.52806,0.502766,0.530955,0.506651,0.532058,0.510206,0.531512,0.513351,0.529918,0.515957,0.527593,0.517599,0.5246,0.517791,0.520966,0.516237,0.516855,0.512982,0.512621,0.508462,0.50876,0.503423,0.505778,0.498728,0.504022,0.495125,0.503566,0.493043,0.504177,0.492492,0.50538,0.493082,0.506578,0.49414,0.507201,0.494901,0.506848,0.494718,0.505397,0.493234,0.503068,0.490487,0.500388,0.486906,0.498059,0.483211,0.496763,0.48024,0.496957,0.47876,0.498754,0.479315,0.50192,0.482134,0.505976,0.487101,0.510335,0.493775,0.51444,0.501409,0.51786,0.509003,0.520357,0.515404,0.521901,0.519493,0.522642,0.520455,0.522843,0.518023,0.522787,0.512614,0.522718,0.505265,0.522818,0.497378,0.52322,0.490349,0.523992,0.485223,0.525118,0.482502,0.526492,0.482151,0.52795,0.483748,0.529321,0.486681,0.530489,0.49033,0.531429,0.494165,0.532176,0.49777,0.532756,0.500823,0.533095,0.503074,0.532981,0.504358,0.532105,0.50463,0.530167,0.503969,0.527011,0.502533,0.522708,0.500479,0.517576,0.49789,0.51212,0.494776,0.506917,0.491169,0.502506,0.487239,0.499293,0.483391,0.497514,0.480248,0.497225,0.47853,0.498308,0.478858,0.500449,0.481567,0.503128,0.486593,0.505647,0.493458,0.507243,0.501368,0.507279,0.509372,0.505454,0.516549,0.501952,0.522174,0.49743,0.525816,0.492817,0.527353,0.488991,0.52689,0.486442,0.524682,0.485149,0.521169,0.484747,0.517017,0.484687,0.512924,0.484301,0.509407,0.48295,0.506716,0.480155,0.504783,0.475613,0.503166,0.469074,0.501001,0.460145,0.496949,0.448075,0.489184,0.431629,0.47549,0.40917,0.45357,0.379047,0.4217,0.340197,0.379911,0.291877,0.331299,0.222596,0.245005,0.0469971
0.0378656,0.232197,0.254735,0.300717,0.333141,0.340803,0.380984,0.380179,0.417824,0.413923,0.446071,0.440441,0.466537,0.46005,0.48032,0.473812,0.488876,0.482964,0.493854,0.488721,0.496876,0.49223,0.499272,0.494517,0.501836,0.496347,0.504718,0.498049,0.507524,0.499463,0.509597,0.500052,0.510354,0.499201,0.509535,0.49656,0.507266,0.492273,0.503952,0.486974,0.500031,0.481461,0.495598,0.476064,0.490139,0.470802,0.484022,0.46682,0.478518,0.464784,0.474311,0.464575,0.471684,0.4658,0.470743,0.468088,0.471487,0.471172,0.473833,0.474851,0.477641,0.478893,0.482719,0.482957,0.488798,0.486637,0.495556,0.489631,0.502656,0.491888,0.509731,0.49363,0.516405,0.4953,0.522369,0.497433,0.52743,0.500412,0.53138,0.504079,0.533623,0.507453,0.533539,0.51023,0.532006,0.512843,0.529749,0.51506,0.526927,0.516315,0.523532,0.516102,0.519641,0.514192,0.515517,0.510747,0.51159,0.506302,0.508344,0.501631,0.506158,0.497525,0.505171,0.494573,0.505226,0.493003,0.505914,0.492642,0.506674,0.492981,0.506943,0.493339,0.50628,0.493056,0.504494,0.491683,0.501714,0.489115,0.498403,0.485631,0.495269,0.481835,0.493087,0.47852,0.492475,0.476481,0.493722,0.476347,0.496727,0.478458,0.501054,0.482815,0.506076,0.489087,0.511129,0.496642,0.515638,0.504594,0.519203,0.511876,0.52164,0.517372,0.52298,0.520136,0.523417,0.519638,0.523238,0.515954,0.522744,0.509802,0.522209,0.502376,0.521868,0.495042,0.521912,0.488988,0.522457,0.484976,0.523523,0.483254,0.525021,0.483633,0.526784,0.485648,0.528625,0.488736,0.530394,0.492362,0.532003,0.496081,0.533395,0.499533,0.534469,0.502428,0.535024,0.504546,0.534769,0.50576,0.533399,0.506061,0.530721,0.505536,0.526762,0.50431,0.521804,0.502468,0.51633,0.500028,0.510915,0.496984,0.506094,0.493423,0.502272,0.489623,0.499689,0.486098,0.498441,0.48352,0.498498,0.482564,0.499707,0.483708,0.501743,0.487094,0.504085,0.492462,0.506046,0.499199,0.506916,0.50647,0.506177,0.513394,0.503713,0.51921,0.499908,0.523409,0.495563,0.525768,0.491619,0.526285,0.48877,0.525052,0.487163,0.522228,0.486497,0.518308,0.486379,0.514062,0.486257,0.510127,0.485441,0.506869,0.483323,0.504359,0.479492,0.502344,0.473704,0.50019,0.46571,0.496818,0.455031,0.490645,0.440753,0.479583,0.421473,0.461177,0.395538,0.43298,0.3617,0.39319,0.320432,0.341704,0.276078,0.287021,0.207729,0.438393
0.443703,0.219229,0.277852,0.314211,0.318105,0.361349,0.361635,0.400378,0.399575,0.43203,0.430085,0.456084,0.453161,0.473137,0.469762,0.484386,0.48115,0.491361,0.488568,0.495689,0.493165,0.498839,0.495994,0.501859,0.497932,0.505184,0.499525,0.508627,0.500857,0.511584,0.501573,0.51337,0.501083,0.513551,0.498909,0.512107,0.495,0.509422,0.489871,0.5061,0.484456,0.50262,0.479457,0.498478,0.474035,0.492292,0.468782,0.486093,0.465633,0.481085,0.464741,0.477532,0.465647,0.47549,0.467843,0.474981,0.470952,0.476011,0.474725,0.478567,0.478944,0.482568,0.483286,0.487807,0.487285,0.493941,0.490501,0.500626,0.492785,0.507546,0.494294,0.514335,0.495433,0.520645,0.496786,0.526268,0.498976,0.531127,0.502332,0.534886,0.506036,0.535879,0.508209,0.534238,0.510217,0.531822,0.512466,0.529015,0.514381,0.525761,0.515279,0.522046,0.514684,0.518038,0.512482,0.514097,0.508952,0.51068,0.504702,0.508187,0.500477,0.506808,0.49695,0.506443,0.494521,0.506726,0.49322,0.507124,0.492729,0.507075,0.49249,0.506121,0.491889,0.504022,0.49044,0.500836,0.487933,0.496957,0.484515,0.493065,0.480665,0.489982,0.477095,0.488457,0.474587,0.488954,0.473822,0.49153,0.475232,0.495844,0.478926,0.501276,0.484674,0.507092,0.491948,0.512595,0.49997,0.51724,0.507776,0.520691,0.514314,0.52284,0.518597,0.523779,0.519921,0.523741,0.518074,0.52303,0.513444,0.521971,0.506955,0.520881,0.499836,0.520062,0.493313,0.519775,0.488321,0.520193,0.485359,0.521359,0.484483,0.523177,0.485417,0.525442,0.487709,0.527913,0.490868,0.530375,0.494446,0.532654,0.498063,0.534588,0.501399,0.535965,0.504192,0.536501,0.50625,0.535888,0.507476,0.533898,0.507876,0.530498,0.507515,0.525913,0.506457,0.520595,0.504723,0.515114,0.502298,0.510017,0.499215,0.505719,0.495659,0.502463,0.492031,0.500353,0.488926,0.499406,0.487007,0.499577,0.486837,0.500721,0.488707,0.502519,0.492549,0.504443,0.497936,0.505815,0.504182,0.505993,0.510492,0.504601,0.51613,0.50172,0.520555,0.497928,0.523489,0.494127,0.524881,0.491181,0.524748,0.489454,0.52298,0.48861,0.519615,0.488279,0.51543,0.488207,0.511253,0.487798,0.507563,0.486337,0.504536,0.483265,0.502064,0.478259,0.499714,0.471124,0.496663,0.461578,0.491611,0.449009,0.482718,0.432306,0.467616,0.409918,0.443588,0.380285,0.40789,0.342976,0.35797,0.302713,0.290174,0.303515,0.175338,0.96388
0.836488,0.186791,0.339171,0.285477,0.346478,0.338495,0.382597,0.381839,0.4166,0.416956,0.444046,0.443953,0.46445,0.463738,0.478609,0.477646,0.487865,0.487016,0.493782,0.493039,0.497891,0.496772,0.501435,0.499137,0.505131,0.500823,0.509059,0.502142,0.51276,0.502959,0.51553,0.502799,0.516775,0.501133,0.516283,0.497725,0.514313,0.492896,0.511511,0.487569,0.508717,0.482999,0.50641,0.4792,0.501502,0.472512,0.494259,0.46773,0.488348,0.465816,0.483962,0.466188,0.480972,0.468168,0.479334,0.471235,0.479089,0.475054,0.48033,0.479405,0.483129,0.484018,0.48741,0.48842,0.492833,0.491997,0.498954,0.494427,0.505506,0.495838,0.512203,0.496592,0.518675,0.497247,0.524643,0.498528,0.530076,0.501198,0.535138,0.505532,0.538869,0.508095,0.536957,0.508661,0.53395,0.510257,0.530934,0.512329,0.527705,0.513987,0.524106,0.514528,0.520195,0.513579,0.516255,0.511155,0.51271,0.507644,0.50998,0.503673,0.508305,0.499914,0.50764,0.496876,0.507653,0.494762,0.507814,0.493437,0.50755,0.492493,0.506378,0.491404,0.504024,0.489695,0.500493,0.487102,0.496117,0.483668,0.491534,0.479757,0.487577,0.475987,0.485086,0.473093,0.484681,0.471769,0.486592,0.472513,0.490612,0.475524,0.496173,0.480672,0.502512,0.487518,0.508843,0.495379,0.514497,0.503393,0.518996,0.510598,0.522095,0.516041,0.523763,0.518938,0.524142,0.51887,0.52349,0.515927,0.522127,0.510734,0.52041,0.504309,0.518725,0.497807,0.517458,0.492245,0.516949,0.488304,0.517414,0.486266,0.518891,0.486062,0.521231,0.487394,0.524156,0.489859,0.527342,0.493045,0.530486,0.496576,0.533329,0.500121,0.535615,0.503389,0.537057,0.506138,0.537347,0.508203,0.536227,0.509501,0.533601,0.510024,0.529619,0.509791,0.524677,0.508805,0.519327,0.507045,0.514129,0.504517,0.509517,0.50134,0.505748,0.497823,0.50292,0.494471,0.501061,0.491903,0.500188,0.490706,0.500292,0.49127,0.501256,0.493676,0.502754,0.497665,0.504239,0.502703,0.505047,0.508113,0.504621,0.513224,0.502754,0.517514,0.499738,0.52069,0.496324,0.522695,0.493461,0.523579,0.491817,0.523188,0.491145,0.520877,0.490577,0.516961,0.490274,0.512689,0.490031,0.508724,0.489115,0.505303,0.486801,0.502409,0.482619,0.499767,0.476337,0.49678,0.467784,0.492436,0.456598,0.485205,0.44198,0.472975,0.422595,0.453093,0.396759,0.422523,0.36304,0.377949,0.321493,0.315102,0.275598,0.225697,0.204,0.134916
0.221058,0.281321,0.247367,0.333547,0.310226,0.364708,0.360111,0.399894,0.40062,0.430483,0.432142,0.454281,0.455551,0.471518,0.472285,0.483302,0.483852,0.491087,0.491566,0.496397,0.496517,0.500597,0.499634,0.504644,0.501675,0.50891,0.503121,0.513163,0.50406,0.516777,0.504194,0.519062,0.50303,0.519608,0.500209,0.518473,0.495823,0.516199,0.490606,0.513722,0.485984,0.512379,0.484008,0.512979,0.478924,0.50327,0.471285,0.495941,0.467876,0.490723,0.467458,0.486942,0.469066,0.484352,0.471999,0.482952,0.475804,0.482896,0.480222,0.484407,0.485048,0.487611,0.489903,0.492296,0.494051,0.497823,0.496781,0.503803,0.49819,0.510162,0.498698,0.516588,0.498799,0.522705,0.499178,0.528377,0.500745,0.533942,0.504707,0.540391,0.511643,0.541154,0.508961,0.536352,0.508875,0.532748,0.510513,0.529404,0.512501,0.525863,0.513886,0.522029,0.514059,0.518089,0.512786,0.514428,0.510219,0.511482,0.50681,0.509551,0.50316,0.50866,0.499814,0.508513,0.497099,0.508579,0.49504,0.508248,0.493383,0.506992,0.491711,0.504491,0.4896,0.500709,0.486774,0.495928,0.483213,0.49074,0.479191,0.485969,0.475231,0.48251,0.472006,0.48111,0.470191,0.482168,0.470318,0.485633,0.472659,0.491035,0.477168,0.497625,0.48349,0.504564,0.491019,0.51108,0.498984,0.516576,0.506517,0.520677,0.512739,0.523231,0.516867,0.524269,0.518368,0.523966,0.517106,0.52259,0.513419,0.520483,0.508068,0.518064,0.502055,0.515809,0.496378,0.514205,0.491822,0.513659,0.488843,0.514397,0.487569,0.516403,0.487873,0.519433,0.489479,0.523099,0.492053,0.526981,0.495254,0.530693,0.49876,0.533904,0.502271,0.536301,0.505517,0.537575,0.508276,0.537452,0.510394,0.53578,0.511783,0.532624,0.512398,0.528303,0.512204,0.523322,0.51116,0.518238,0.509251,0.513511,0.506553,0.509416,0.503304,0.506052,0.499928,0.503436,0.496986,0.5016,0.495051,0.500624,0.494565,0.50056,0.49571,0.501303,0.498363,0.502501,0.50213,0.503572,0.506456,0.503881,0.51076,0.502987,0.514573,0.500878,0.517626,0.498058,0.519878,0.495426,0.52146,0.493931,0.522442,0.493852,0.522034,0.493565,0.518686,0.492694,0.514356,0.492243,0.510235,0.491644,0.506575,0.490005,0.50337,0.486658,0.500441,0.481255,0.497373,0.473642,0.493415,0.463631,0.487364,0.450712,0.477453,0.433849,0.461302,0.411461,0.435976,0.381706,0.398077,0.342986,0.343458,0.293435,0.265505,0.218413,0.140798,0.00921809
0.702512,0.190531,0.330051,0.27907,0.344935,0.334246,0.38142,0.380652,0.415305,0.417413,0.442624,0.44502,0.4631,0.464962,0.477628,0.478973,0.48754,0.488581,0.494312,0.494988,0.499357,0.499143,0.503808,0.501818,0.508308,0.503589,0.512909,0.504725,0.517153,0.505132,0.520354,0.504435,0.521945,0.502233,0.521757,0.498424,0.520126,0.493465,0.517852,0.488519,0.516245,0.485869,0.518683,0.49465,0.514452,0.476554,0.503708,0.470905,0.497546,0.469449,0.49312,0.470523,0.489791,0.473216,0.487427,0.476934,0.486179,0.481344,0.486377,0.486279,0.488375,0.491525,0.492261,0.496465,0.49738,0.499839,0.502695,0.501313,0.508415,0.501646,0.514538,0.501349,0.520622,0.500972,0.526328,0.501323,0.531771,0.503627,0.538139,0.511117,0.553641,0.512857,0.539374,0.508682,0.534474,0.509239,0.530868,0.511108,0.527338,0.512979,0.523575,0.514036,0.519647,0.513828,0.515877,0.512277,0.512711,0.509639,0.510517,0.506388,0.509411,0.503041,0.509161,0.499988,0.509246,0.497375,0.509006,0.495088,0.50784,0.492827,0.505356,0.490239,0.501464,0.487069,0.496402,0.483271,0.490721,0.479057,0.485227,0.474878,0.480841,0.471341,0.478409,0.469083,0.478481,0.468645,0.481174,0.470345,0.486145,0.474206,0.492703,0.479948,0.49999,0.487033,0.507163,0.494759,0.513526,0.502338,0.518593,0.508981,0.5221,0.51396,0.52397,0.516715,0.524275,0.51697,0.523195,0.514829,0.52101,0.510794,0.51811,0.505657,0.515003,0.500315,0.512282,0.495564,0.51053,0.49197,0.51019,0.489815,0.511443,0.489141,0.514162,0.489816,0.51797,0.491615,0.522355,0.49427,0.526807,0.497497,0.530883,0.501007,0.534217,0.504521,0.536487,0.507784,0.537415,0.510585,0.536812,0.512768,0.534665,0.514219,0.531196,0.514844,0.526838,0.514566,0.522118,0.513338,0.517509,0.511203,0.513309,0.508344,0.509622,0.505119,0.506449,0.502028,0.503807,0.499618,0.501811,0.498343,0.500635,0.498452,0.500383,0.499916,0.500931,0.502457,0.501869,0.505626,0.502584,0.508939,0.502493,0.511999,0.501309,0.514586,0.499232,0.516693,0.49697,0.518514,0.49557,0.520379,0.496008,0.52232,0.497642,0.520921,0.495904,0.516268,0.494635,0.511965,0.49399,0.508205,0.492847,0.504851,0.490287,0.501729,0.485776,0.498544,0.479096,0.494761,0.470142,0.489484,0.458642,0.481318,0.443876,0.468268,0.424523,0.447717,0.398737,0.416513,0.364444,0.370938,0.319427,0.306188,0.258499,0.218952,0.147727,0.216966
0.581394,0.22409,0.265711,0.313053,0.305082,0.359254,0.356686,0.398093,0.399414,0.429408,0.431936,0.453347,0.455599,0.470816,0.472356,0.483089,0.484038,0.491581,0.492067,0.4977,0.497474,0.502681,0.501035,0.50739,0.503353,0.512163,0.504812,0.516792,0.505506,0.520697,0.505227,0.52324,0.503622,0.524049,0.500473,0.52321,0.495981,0.521294,0.490937,0.519271,0.486767,0.518502,0.485478,0.519781,0.481243,0.510786,0.474528,0.504069,0.472041,0.499198,0.472478,0.495366,0.474834,0.492284,0.478394,0.490035,0.482725,0.488987,0.487646,0.489673,0.493092,0.492559,0.498818,0.497484,0.503575,0.502539,0.505266,0.507256,0.505353,0.512712,0.50475,0.518545,0.503826,0.524174,0.503159,0.529368,0.503652,0.534467,0.506578,0.540495,0.512602,0.540911,0.509204,0.53584,0.508638,0.532027,0.510042,0.528514,0.512043,0.524848,0.513686,0.520969,0.514352,0.51712,0.513767,0.513735,0.511991,0.511247,0.509344,0.509884,0.506264,0.509521,0.503144,0.509675,0.500207,0.509652,0.497448,0.508756,0.494674,0.506491,0.491613,0.502681,0.488047,0.497505,0.483931,0.491477,0.479446,0.485381,0.474995,0.480152,0.471129,0.476703,0.468449,0.475717,0.467482,0.477471,0.468571,0.481774,0.471794,0.488025,0.476932,0.495387,0.483506,0.502975,0.490864,0.510015,0.498282,0.515932,0.505046,0.520367,0.510508,0.523149,0.514145,0.524248,0.51563,0.523743,0.514914,0.521813,0.512274,0.518765,0.508277,0.515071,0.503653,0.511365,0.499135,0.508363,0.495314,0.506718,0.492574,0.50685,0.491088,0.508829,0.490869,0.512369,0.491818,0.516936,0.493768,0.521908,0.496503,0.526715,0.499775,0.530902,0.503315,0.534115,0.506857,0.536074,0.510157,0.536576,0.513005,0.535549,0.515223,0.533119,0.516658,0.529621,0.517177,0.525526,0.516691,0.521291,0.515196,0.517232,0.512831,0.513465,0.509897,0.509973,0.506843,0.50674,0.50418,0.503872,0.502362,0.501614,0.501672,0.500236,0.502147,0.499849,0.503586,0.500269,0.50563,0.501008,0.507876,0.501442,0.509999,0.501077,0.511844,0.499811,0.513455,0.498061,0.515062,0.496736,0.517094,0.497112,0.520322,0.500717,0.525059,0.500985,0.518711,0.497531,0.513793,0.49628,0.510004,0.495361,0.506683,0.493466,0.503528,0.489823,0.500287,0.484078,0.496586,0.476128,0.491787,0.465854,0.484854,0.452829,0.474209,0.436065,0.457663,0.413934,0.432463,0.384327,0.395409,0.344944,0.342651,0.293687,0.26772,0.235458,0.143985,0.359798
0.253582,0.177203,0.264516,0.267343,0.33039,0.327922,0.37808,0.377735,0.41449,0.416045,0.442255,0.444093,0.462867,0.464016,0.477702,0.477989,0.488152,0.487762,0.495591,0.494555,0.501289,0.499191,0.506264,0.502265,0.511106,0.504209,0.515889,0.505245,0.520232,0.505343,0.523534,0.504271,0.52529,0.501789,0.525349,0.497919,0.524022,0.493147,0.522017,0.488447,0.520234,0.485026,0.519172,0.482774,0.515662,0.477868,0.509763,0.474936,0.504839,0.474799,0.500773,0.476769,0.497251,0.480113,0.494263,0.484313,0.492143,0.489122,0.491505,0.494534,0.493102,0.500654,0.497533,0.507208,0.503816,0.510384,0.507166,0.509834,0.511357,0.508838,0.516625,0.507544,0.522057,0.506171,0.527063,0.505338,0.531539,0.505886,0.535703,0.508254,0.538668,0.509179,0.536156,0.508546,0.532693,0.50943,0.529322,0.511281,0.525818,0.513208,0.522061,0.514499,0.518202,0.51473,0.514632,0.513794,0.511832,0.511853,0.510148,0.509234,0.509599,0.50629,0.509797,0.503269,0.510049,0.50024,0.50957,0.497095,0.507732,0.493637,0.50423,0.489693,0.499153,0.485232,0.492965,0.480424,0.486424,0.475646,0.480472,0.471416,0.476072,0.468304,0.474011,0.466822,0.474721,0.467322,0.478164,0.469919,0.483863,0.474445,0.491033,0.480473,0.498776,0.48739,0.506265,0.494509,0.512854,0.50117,0.518109,0.5068,0.521785,0.510946,0.523771,0.513304,0.524046,0.513759,0.522672,0.51243,0.519835,0.509679,0.515908,0.506046,0.511488,0.502134,0.507353,0.49849,0.504327,0.495526,0.503076,0.493501,0.503923,0.492539,0.506764,0.492666,0.511123,0.493831,0.516316,0.495916,0.52165,0.49874,0.526549,0.502073,0.530597,0.505658,0.533503,0.509237,0.535066,0.512568,0.535184,0.515429,0.533904,0.517611,0.531459,0.518922,0.528229,0.519215,0.524629,0.518432,0.520973,0.516656,0.517387,0.514136,0.51384,0.511273,0.510273,0.508546,0.506754,0.5064,0.503544,0.505138,0.501028,0.504838,0.499527,0.505356,0.499107,0.506388,0.49948,0.50759,0.500086,0.508699,0.500322,0.509621,0.499827,0.510459,0.4987,0.51149,0.497563,0.513132,0.497515,0.516105,0.500449,0.523158,0.514801,0.523043,0.501383,0.515579,0.498642,0.511725,0.497618,0.508634,0.496213,0.505656,0.493364,0.502503,0.48854,0.498897,0.481565,0.494406,0.472398,0.488303,0.460836,0.479416,0.446228,0.466013,0.427283,0.445805,0.402088,0.416102,0.368325,0.374037,0.323641,0.316218,0.266469,0.234389,0.177251,0.133426
0.163327,0.170843,0.215956,0.2924,0.29274,0.354705,0.351876,0.397803,0.397054,0.429873,0.4303,0.453824,0.453954,0.471382,0.47053,0.483987,0.482181,0.492981,0.490437,0.499621,0.496259,0.504998,0.500253,0.509896,0.502841,0.514663,0.504312,0.519174,0.504777,0.522971,0.504155,0.525516,0.502276,0.526479,0.499081,0.525915,0.494834,0.524285,0.490208,0.522285,0.48613,0.520462,0.483159,0.518278,0.480238,0.514144,0.477705,0.50971,0.477264,0.505717,0.478886,0.502043,0.481992,0.498618,0.48603,0.495691,0.49068,0.493864,0.495894,0.494,0.501894,0.497148,0.509258,0.504527,0.518055,0.509279,0.515385,0.510823,0.51347,0.515017,0.511869,0.520072,0.510091,0.524907,0.508392,0.529072,0.507408,0.532518,0.507681,0.535022,0.508665,0.535011,0.508704,0.532619,0.509281,0.529649,0.510836,0.526424,0.512786,0.52289,0.514437,0.519128,0.515275,0.515458,0.515063,0.51237,0.513825,0.510317,0.511772,0.509482,0.509186,0.509629,0.506299,0.510127,0.503212,0.510142,0.499879,0.508904,0.496158,0.505943,0.491919,0.501214,0.487147,0.495095,0.482012,0.488306,0.476878,0.481789,0.472249,0.476544,0.468681,0.473448,0.466675,0.473064,0.46659,0.475514,0.468563,0.480456,0.472473,0.487188,0.477937,0.494832,0.484374,0.502527,0.491117,0.509571,0.49753,0.515475,0.503091,0.519943,0.50742,0.522806,0.51028,0.523964,0.511565,0.523372,0.511322,0.521077,0.509762,0.517304,0.507244,0.512538,0.504212,0.507536,0.501105,0.503218,0.4983,0.500468,0.496073,0.499886,0.494619,0.501623,0.494061,0.505353,0.494463,0.510407,0.495817,0.515997,0.498038,0.521416,0.500958,0.526149,0.504356,0.52987,0.50798,0.532384,0.51158,0.533589,0.514907,0.533484,0.517714,0.532207,0.519758,0.530035,0.52083,0.52731,0.520807,0.524317,0.519704,0.521178,0.517711,0.517852,0.515177,0.514238,0.512549,0.510341,0.510263,0.506396,0.508633,0.502841,0.507769,0.500166,0.507563,0.498679,0.507749,0.498338,0.508014,0.498737,0.508131,0.499266,0.508052,0.499391,0.507939,0.498917,0.508131,0.498136,0.509057,0.497817,0.511203,0.499103,0.515245,0.503425,0.521283,0.504161,0.516451,0.500924,0.512998,0.49967,0.510404,0.498581,0.507863,0.496415,0.505008,0.492466,0.501605,0.486443,0.497369,0.478307,0.491827,0.468005,0.484166,0.455176,0.473097,0.438897,0.456803,0.417592,0.433059,0.389134,0.399593,0.351085,0.354703,0.301243,0.297758,0.24618,0.202129,0.397167
0.212833,0.132191,0.25433,0.249712,0.329319,0.321518,0.379797,0.374716,0.416435,0.414033,0.443822,0.442121,0.464188,0.461748,0.479084,0.475485,0.48983,0.48527,0.49764,0.492323,0.503612,0.497331,0.508648,0.5007,0.513316,0.502714,0.517771,0.503569,0.521771,0.503326,0.524859,0.50194,0.526615,0.499368,0.526883,0.495751,0.525875,0.491542,0.524097,0.487459,0.522097,0.484187,0.520008,0.481801,0.517173,0.479999,0.513585,0.479603,0.509954,0.481008,0.506394,0.483899,0.50283,0.487774,0.499414,0.492258,0.496663,0.497227,0.495421,0.502831,0.496778,0.509639,0.502432,0.520282,0.520527,0.523361,0.511586,0.5185,0.513849,0.516509,0.518293,0.514578,0.522921,0.512425,0.526914,0.510458,0.530018,0.509263,0.532164,0.509042,0.532915,0.50917,0.531715,0.509575,0.529393,0.510783,0.526583,0.512565,0.523389,0.514334,0.519854,0.51555,0.516217,0.515886,0.512928,0.515261,0.510506,0.513783,0.509298,0.511656,0.509262,0.509069,0.509902,0.506121,0.510395,0.502791,0.509859,0.498977,0.507644,0.494575,0.50352,0.489584,0.497731,0.484172,0.490932,0.478698,0.484046,0.473661,0.478105,0.469615,0.474057,0.467066,0.472587,0.46638,0.473965,0.467721,0.477996,0.471003,0.484084,0.475886,0.491393,0.481821,0.499054,0.488151,0.506323,0.49424,0.512669,0.499582,0.517759,0.503847,0.521395,0.506874,0.523434,0.508622,0.523746,0.509143,0.522245,0.508574,0.518987,0.507137,0.514288,0.505116,0.508794,0.502814,0.503432,0.500511,0.499233,0.498445,0.497061,0.496817,0.497365,0.495808,0.500058,0.49557,0.504577,0.496207,0.5101,0.497741,0.5158,0.500096,0.521036,0.503107,0.525411,0.506555,0.528723,0.510195,0.530887,0.513775,0.531891,0.517031,0.531808,0.519689,0.530814,0.521487,0.529156,0.522233,0.527059,0.521864,0.524626,0.520496,0.521797,0.518419,0.518431,0.516039,0.514462,0.513779,0.51006,0.511963,0.505666,0.510728,0.501877,0.509996,0.499214,0.509524,0.497895,0.509013,0.497729,0.508243,0.498198,0.507185,0.498693,0.506044,0.498792,0.505226,0.49848,0.505226,0.498199,0.506495,0.498717,0.509322,0.50078,0.513422,0.503591,0.514886,0.502527,0.513249,0.501456,0.511624,0.500625,0.509841,0.49903,0.507552,0.49588,0.504539,0.490772,0.500614,0.483615,0.495498,0.47443,0.488678,0.463076,0.479265,0.448972,0.465893,0.430927,0.446772,0.407155,0.419995,0.375446,0.384231,0.333096,0.340855,0.274633,0.313206,0.166002,0.708131
0.118364,0.197899,0.205868,0.306259,0.28779,0.362116,0.349082,0.402589,0.395128,0.433162,0.428403,0.456268,0.451674,0.473495,0.467827,0.486127,0.479257,0.495306,0.48756,0.50209,0.493612,0.507415,0.497842,0.512007,0.500503,0.516262,0.501801,0.520201,0.501899,0.523538,0.500885,0.525873,0.49881,0.526916,0.49579,0.526654,0.49214,0.52538,0.488401,0.523557,0.485207,0.521535,0.48297,0.519247,0.481698,0.516445,0.481573,0.513343,0.482933,0.510096,0.485677,0.50665,0.489412,0.503063,0.493753,0.499725,0.498504,0.497392,0.503709,0.497066,0.509657,0.499882,0.516972,0.507058,0.525743,0.511655,0.523054,0.512969,0.521069,0.516744,0.519258,0.521122,0.517029,0.525003,0.514542,0.527932,0.512334,0.529835,0.510906,0.530662,0.510323,0.530182,0.510371,0.528544,0.511173,0.526241,0.512645,0.523482,0.514332,0.520305,0.515707,0.516858,0.516392,0.513511,0.51623,0.510794,0.515255,0.50918,0.513601,0.508835,0.511409,0.509461,0.508751,0.510328,0.505603,0.510506,0.501874,0.509172,0.49747,0.505885,0.492394,0.500703,0.486807,0.494162,0.48106,0.487144,0.475647,0.480692,0.471128,0.47582,0.468023,0.473319,0.466718,0.473602,0.467404,0.47662,0.470032,0.481899,0.474308,0.488673,0.479719,0.49608,0.485618,0.503351,0.491356,0.509916,0.496406,0.515421,0.500454,0.519659,0.503393,0.522476,0.505265,0.523697,0.506188,0.523134,0.506303,0.520678,0.505765,0.516441,0.504733,0.510886,0.503369,0.50485,0.501825,0.499416,0.500247,0.495654,0.498788,0.494318,0.497626,0.495623,0.496964,0.49921,0.496994,0.504308,0.497848,0.510011,0.499555,0.51554,0.502033,0.520392,0.505112,0.524328,0.508577,0.527279,0.512186,0.529254,0.515682,0.5303,0.51878,0.530516,0.521188,0.530045,0.522655,0.529032,0.523039,0.527532,0.522371,0.525459,0.520863,0.522629,0.518871,0.518904,0.516793,0.514366,0.514958,0.509408,0.513528,0.504676,0.512455,0.500852,0.511515,0.498398,0.510412,0.497376,0.508915,0.497435,0.506983,0.497987,0.504836,0.498475,0.502932,0.49863,0.501853,0.498595,0.50213,0.498865,0.504058,0.500005,0.507429,0.502001,0.510834,0.503076,0.511929,0.502834,0.511885,0.502371,0.511245,0.501276,0.509835,0.498841,0.507462,0.494591,0.503995,0.488364,0.499294,0.480196,0.493083,0.47009,0.484814,0.457742,0.473535,0.44233,0.45787,0.422459,0.436222,0.396308,0.407286,0.36181,0.370919,0.315718,0.328608,0.244345,0.245332,0.109184
0.500512,0.160473,0.306026,0.254997,0.34845,0.320918,0.389615,0.373551,0.422406,0.412648,0.447893,0.440248,0.467346,0.459299,0.481901,0.472597,0.492594,0.482195,0.500392,0.489281,0.506204,0.494398,0.510827,0.497777,0.514844,0.499588,0.518528,0.500024,0.521826,0.499287,0.524459,0.497551,0.526104,0.494996,0.526584,0.491886,0.525974,0.488634,0.524581,0.485767,0.522774,0.483752,0.520753,0.482812,0.518465,0.483009,0.51588,0.48447,0.513041,0.487163,0.509888,0.490803,0.506395,0.495038,0.502811,0.499627,0.499758,0.504532,0.498145,0.509896,0.498951,0.515933,0.502861,0.522434,0.508806,0.525587,0.511788,0.524971,0.515339,0.523719,0.519512,0.521791,0.523319,0.519214,0.526165,0.51642,0.527907,0.51402,0.528627,0.512453,0.528381,0.511813,0.527225,0.512067,0.525407,0.513101,0.52312,0.514542,0.520394,0.515886,0.51729,0.516725,0.514063,0.516851,0.51119,0.516247,0.509214,0.515003,0.508485,0.513222,0.508937,0.510941,0.510014,0.508114,0.510819,0.504633,0.510412,0.500398,0.508135,0.495395,0.503817,0.489773,0.497821,0.483863,0.490939,0.478154,0.484202,0.473209,0.478673,0.469563,0.47524,0.467631,0.47445,0.467638,0.476405,0.469579,0.480759,0.473209,0.486834,0.478061,0.4938,0.483509,0.50087,0.488888,0.507443,0.493633,0.513144,0.497399,0.517771,0.500093,0.521186,0.501828,0.523214,0.502811,0.52361,0.503255,0.522129,0.503321,0.518679,0.503107,0.513491,0.502662,0.507223,0.502008,0.500903,0.501162,0.495717,0.500181,0.492685,0.499187,0.492352,0.498379,0.494648,0.497999,0.49895,0.498269,0.504344,0.499329,0.509934,0.501194,0.515079,0.503768,0.519463,0.506876,0.523013,0.510306,0.525774,0.513821,0.527808,0.517151,0.529171,0.519998,0.529923,0.522075,0.530113,0.523173,0.529726,0.523234,0.528633,0.522383,0.526605,0.520904,0.52343,0.519157,0.519089,0.517463,0.513894,0.516002,0.508476,0.514758,0.503622,0.51353,0.500003,0.512024,0.497933,0.509987,0.497282,0.507345,0.497564,0.504299,0.49818,0.501327,0.498683,0.499086,0.498966,0.498234,0.499276,0.499199,0.500039,0.501952,0.501474,0.505734,0.50304,0.508949,0.503752,0.51085,0.503823,0.511727,0.503216,0.511531,0.50142,0.51009,0.497959,0.507301,0.492608,0.50311,0.485382,0.497418,0.476358,0.489955,0.465438,0.480131,0.452112,0.46696,0.435355,0.449158,0.413717,0.425517,0.385668,0.395542,0.350007,0.359891,0.305105,0.320185,0.215097,0.415034
0.515449,0.259409,0.242261,0.340622,0.291828,0.37924,0.349418,0.41239,0.394694,0.439481,0.427321,0.460846,0.449885,0.477243,0.465422,0.489511,0.476447,0.498483,0.484566,0.504984,0.490552,0.509809,0.49468,0.513648,0.497064,0.516982,0.497873,0.520008,0.497359,0.522642,0.495818,0.524633,0.493543,0.525727,0.490835,0.52582,0.488052,0.525023,0.485614,0.523606,0.48394,0.521846,0.48331,0.519871,0.483817,0.517677,0.48547,0.51523,0.488207,0.512441,0.491812,0.50922,0.495981,0.505677,0.500466,0.502274,0.505173,0.4998,0.510168,0.499179,0.515566,0.501106,0.521241,0.505411,0.525988,0.509952,0.527657,0.513915,0.527541,0.518063,0.526308,0.521856,0.524052,0.524687,0.521099,0.526332,0.518056,0.526903,0.515565,0.52662,0.514028,0.525657,0.513545,0.524179,0.513997,0.522312,0.515044,0.520063,0.516199,0.517409,0.517024,0.514478,0.517265,0.511635,0.516871,0.509418,0.515915,0.508307,0.514484,0.508465,0.512594,0.509567,0.51017,0.51084,0.507068,0.511307,0.503156,0.510127,0.498391,0.506881,0.492891,0.501708,0.486964,0.49525,0.48108,0.488486,0.475799,0.482505,0.471671,0.47828,0.469136,0.476485,0.468457,0.477369,0.46968,0.480727,0.472617,0.485984,0.476859,0.492356,0.481818,0.499055,0.486827,0.505449,0.491279,0.51114,0.494765,0.515932,0.497158,0.519721,0.498596,0.522368,0.499371,0.523625,0.499802,0.523163,0.500121,0.520712,0.500441,0.516257,0.500751,0.510211,0.500966,0.503445,0.500974,0.497149,0.500701,0.492526,0.500166,0.490441,0.499508,0.491162,0.498971,0.494316,0.498835,0.49907,0.499332,0.504464,0.500583,0.509712,0.502579,0.514378,0.505206,0.518347,0.508288,0.521691,0.51162,0.524518,0.514964,0.526887,0.518042,0.528806,0.520562,0.530234,0.52227,0.531074,0.523031,0.531135,0.522878,0.530134,0.52201,0.527788,0.520728,0.523972,0.519329,0.518886,0.518,0.513103,0.516747,0.507448,0.515399,0.502751,0.513669,0.49956,0.511285,0.497984,0.508128,0.497703,0.504352,0.498157,0.500414,0.498804,0.497017,0.499346,0.494934,0.499815,0.494774,0.500482,0.496734,0.501612,0.500403,0.503107,0.504697,0.504376,0.508391,0.505014,0.511002,0.504903,0.512315,0.503689,0.512115,0.500944,0.510274,0.496409,0.506775,0.490058,0.501638,0.481999,0.494805,0.472264,0.485994,0.460589,0.474572,0.446261,0.459569,0.428152,0.439923,0.405021,0.415031,0.376197,0.385351,0.343695,0.350973,0.332543,0.264983,0.784796
0.720353,0.162953,0.356938,0.257174,0.373431,0.322425,0.40407,0.374365,0.431567,0.412674,0.454286,0.439448,0.472298,0.457748,0.486106,0.470467,0.496346,0.479683,0.503713,0.486517,0.508935,0.491384,0.512732,0.494382,0.515727,0.495613,0.518336,0.49532,0.52071,0.493875,0.522755,0.491696,0.52424,0.489187,0.524952,0.486726,0.524818,0.484683,0.523941,0.483395,0.522541,0.483113,0.520828,0.483935,0.518902,0.485831,0.51676,0.488691,0.514312,0.492324,0.511434,0.496471,0.508126,0.500899,0.504682,0.50549,0.501745,0.510262,0.500166,0.515304,0.500702,0.520582,0.503575,0.525575,0.507957,0.529004,0.512421,0.530389,0.516741,0.530213,0.520608,0.52866,0.523488,0.525965,0.5251,0.522665,0.525533,0.519476,0.525088,0.517033,0.524078,0.515673,0.522725,0.515393,0.52114,0.515904,0.519309,0.516732,0.517141,0.517403,0.514635,0.517609,0.512013,0.517266,0.509731,0.516444,0.508323,0.515243,0.50814,0.513685,0.509108,0.511674,0.510654,0.50903,0.511857,0.505567,0.511763,0.50119,0.509723,0.495974,0.505612,0.490189,0.499869,0.48428,0.493361,0.478795,0.487166,0.474286,0.482326,0.471216,0.479631,0.469881,0.479479,0.470377,0.481812,0.47258,0.486169,0.47615,0.491833,0.48056,0.498025,0.485168,0.504089,0.489333,0.509596,0.492574,0.514345,0.494686,0.518271,0.495777,0.521297,0.496184,0.523221,0.496326,0.523692,0.496556,0.522315,0.497063,0.518851,0.49785,0.513435,0.498773,0.506696,0.499611,0.499711,0.500156,0.493758,0.500291,0.48996,0.500053,0.488938,0.49963,0.490641,0.499313,0.494427,0.499403,0.499345,0.500117,0.504495,0.501538,0.509287,0.503624,0.513517,0.506248,0.517254,0.50924,0.520657,0.512401,0.523832,0.515494,0.526776,0.518251,0.529389,0.520406,0.53149,0.52177,0.532813,0.522296,0.533013,0.522091,0.53173,0.521382,0.528737,0.520421,0.524106,0.51938,0.518308,0.518281,0.512155,0.516975,0.506569,0.515191,0.502301,0.512645,0.499693,0.509175,0.498629,0.50487,0.498648,0.500138,0.499192,0.495675,0.499842,0.492336,0.500452,0.490902,0.501145,0.491818,0.50214,0.494977,0.503502,0.499633,0.504953,0.504614,0.506024,0.50891,0.506385,0.511914,0.505707,0.513229,0.503611,0.512629,0.499825,0.510068,0.494288,0.505623,0.487104,0.499389,0.478383,0.49133,0.468036,0.481128,0.455598,0.468114,0.440208,0.4514,0.420814,0.43032,0.39671,0.405166,0.368524,0.378357,0.339565,0.367434,0.273973,0.758584
0.132618,0.285298,0.211206,0.368145,0.291405,0.397963,0.351432,0.424683,0.396057,0.448002,0.427746,0.467256,0.449453,0.482467,0.464291,0.493993,0.474782,0.502351,0.482484,0.508157,0.48807,0.512094,0.491695,0.514848,0.493399,0.517003,0.493364,0.518933,0.491977,0.520754,0.489754,0.522352,0.48723,0.523498,0.484874,0.523983,0.48307,0.523727,0.482106,0.522812,0.482171,0.521416,0.483322,0.519711,0.485495,0.517778,0.488541,0.515587,0.492261,0.51303,0.496429,0.510041,0.500838,0.506771,0.505367,0.503698,0.510014,0.501564,0.514854,0.501141,0.51992,0.502872,0.524976,0.5065,0.529318,0.511028,0.532124,0.515557,0.53323,0.519575,0.532691,0.522568,0.530639,0.524213,0.527485,0.524548,0.523925,0.523899,0.520729,0.522687,0.518466,0.521247,0.51734,0.519751,0.517181,0.518198,0.517553,0.516465,0.517951,0.51444,0.518003,0.51219,0.517575,0.510035,0.516731,0.50848,0.515604,0.507992,0.514255,0.508725,0.512598,0.510354,0.510425,0.512104,0.507489,0.512996,0.503625,0.512201,0.49884,0.509329,0.493356,0.504566,0.487583,0.498608,0.48205,0.49247,0.477302,0.487227,0.47381,0.483776,0.471896,0.482659,0.471697,0.483972,0.47315,0.487383,0.475993,0.492259,0.479781,0.497846,0.483923,0.503466,0.487781,0.508652,0.490808,0.513187,0.492702,0.517031,0.493484,0.520179,0.493476,0.522511,0.493165,0.523719,0.493027,0.523353,0.493378,0.521,0.494299,0.516523,0.495656,0.510257,0.497164,0.503061,0.498499,0.496168,0.499404,0.490853,0.499777,0.488057,0.49971,0.488096,0.499453,0.49061,0.499336,0.494762,0.499648,0.499592,0.500566,0.504359,0.502123,0.508719,0.504247,0.512688,0.506805,0.516461,0.509636,0.52021,0.512552,0.523974,0.51533,0.527632,0.517728,0.53094,0.519538,0.533556,0.520653,0.535062,0.5211,0.535022,0.521025,0.533102,0.520615,0.529245,0.520011,0.523791,0.519228,0.517481,0.518129,0.511278,0.516456,0.50608,0.513922,0.502447,0.510333,0.500473,0.505715,0.499846,0.500398,0.500047,0.495034,0.5006,0.490503,0.50124,0.487718,0.501957,0.48736,0.502891,0.489627,0.504151,0.494089,0.505623,0.499758,0.506949,0.50544,0.507707,0.51014,0.507514,0.51316,0.506005,0.514076,0.502904,0.512735,0.49812,0.509201,0.491738,0.503654,0.483909,0.496246,0.47466,0.486928,0.463717,0.475321,0.450431,0.460731,0.4339,0.442453,0.413374,0.420433,0.388935,0.396126,0.362366,0.371537,0.343785,0.296177,0.598379
0.581682,0.139666,0.373541,0.255792,0.394544,0.325925,0.419239,0.377304,0.4423,0.414481,0.462312,0.440282,0.478702,0.457805,0.49146,0.4699,0.500877,0.478583,0.50742,0.484891,0.511687,0.489142,0.514359,0.491361,0.516116,0.491647,0.517518,0.49034,0.518901,0.488003,0.520332,0.485289,0.521657,0.482801,0.522614,0.481005,0.52297,0.480201,0.522631,0.480529,0.521657,0.481985,0.520208,0.484449,0.518438,0.487723,0.516411,0.491584,0.51409,0.495816,0.511404,0.500237,0.50841,0.504741,0.50543,0.50932,0.503067,0.514048,0.502051,0.518996,0.502936,0.524084,0.50578,0.528914,0.509983,0.532804,0.514583,0.535205,0.51877,0.53588,0.521927,0.534786,0.523668,0.532167,0.523964,0.528614,0.523124,0.524932,0.521631,0.521868,0.519939,0.51986,0.518329,0.518924,0.516865,0.51872,0.515433,0.518739,0.513855,0.518544,0.512053,0.517927,0.510188,0.516928,0.508663,0.515713,0.507975,0.514408,0.508452,0.512979,0.510016,0.511217,0.512106,0.508826,0.513817,0.505557,0.514214,0.501329,0.512676,0.496293,0.509109,0.490814,0.503985,0.485396,0.498191,0.480572,0.492793,0.476811,0.488766,0.474443,0.486791,0.473633,0.487123,0.474366,0.489574,0.476456,0.493612,0.47955,0.498525,0.48314,0.503622,0.48663,0.508395,0.489442,0.51259,0.491177,0.516174,0.491738,0.519205,0.491369,0.521664,0.490563,0.523336,0.489888,0.523792,0.489801,0.522521,0.490515,0.519156,0.49197,0.513726,0.493879,0.506797,0.495845,0.499432,0.497487,0.492939,0.498556,0.488494,0.499013,0.486774,0.499028,0.487772,0.49891,0.49087,0.498994,0.495138,0.49953,0.499717,0.500632,0.504095,0.502282,0.508177,0.504383,0.512147,0.506806,0.516245,0.509406,0.520583,0.512016,0.525075,0.514443,0.529448,0.516497,0.5333,0.518048,0.536139,0.519064,0.537451,0.519617,0.536799,0.519826,0.533989,0.51978,0.529215,0.519467,0.523107,0.51874,0.516608,0.517345,0.510711,0.514995,0.506159,0.511472,0.503255,0.506747,0.501853,0.501072,0.501519,0.495021,0.501771,0.489446,0.502275,0.485329,0.502923,0.483545,0.503783,0.484584,0.50495,0.488351,0.506387,0.494118,0.507839,0.500721,0.508895,0.506924,0.509128,0.5117,0.50815,0.514348,0.505674,0.514512,0.501583,0.512159,0.495941,0.507483,0.488912,0.50076,0.480603,0.492164,0.470879,0.481583,0.459257,0.468542,0.444953,0.45235,0.427187,0.432619,0.405751,0.410211,0.381481,0.38847,0.353583,0.378265,0.267921,0.642284
0.205597,0.31695,0.225193,0.393147,0.29941,0.415506,0.35662,0.437392,0.399406,0.457615,0.429887,0.474904,0.450748,0.488789,0.464927,0.499281,0.474837,0.50667,0.48194,0.511439,0.486826,0.514215,0.489591,0.515706,0.490269,0.516596,0.489114,0.517415,0.486668,0.518442,0.483663,0.519671,0.48084,0.520875,0.478801,0.521738,0.477919,0.521996,0.478339,0.521543,0.480008,0.520443,0.482734,0.518858,0.486255,0.516939,0.490299,0.514752,0.494636,0.512286,0.499098,0.509566,0.503599,0.506795,0.508141,0.504436,0.512803,0.503127,0.517683,0.503452,0.522792,0.505648,0.527918,0.509401,0.532566,0.513903,0.536109,0.518215,0.538056,0.521565,0.538138,0.523461,0.536389,0.523785,0.533229,0.522798,0.529403,0.521009,0.525752,0.518963,0.522923,0.517064,0.52116,0.515485,0.52028,0.514167,0.519824,0.512915,0.519304,0.511549,0.518427,0.51007,0.517175,0.508734,0.51573,0.507989,0.514293,0.508256,0.512916,0.509672,0.511438,0.511917,0.50954,0.51424,0.506892,0.515699,0.503308,0.515498,0.498846,0.513275,0.493806,0.509234,0.48866,0.504078,0.483927,0.498798,0.480069,0.494414,0.477413,0.491725,0.476128,0.491147,0.476229,0.492651,0.477589,0.495826,0.479945,0.500021,0.482896,0.504547,0.485923,0.508853,0.488468,0.512633,0.490067,0.515834,0.490499,0.518553,0.489882,0.520872,0.488645,0.5227,0.487392,0.523697,0.486694,0.523339,0.486919,0.521105,0.488133,0.516745,0.490116,0.510499,0.492452,0.503158,0.494675,0.495931,0.496403,0.490111,0.497455,0.486681,0.497884,0.486014,0.497942,0.487802,0.497969,0.491254,0.498271,0.495459,0.499032,0.499743,0.500289,0.503851,0.501979,0.507894,0.50399,0.512147,0.506209,0.516811,0.508518,0.521877,0.510786,0.527098,0.512872,0.53204,0.514659,0.536154,0.516094,0.538846,0.517196,0.539582,0.518023,0.538034,0.518607,0.534236,0.518889,0.528676,0.518693,0.522226,0.517748,0.515918,0.515755,0.510636,0.512477,0.506874,0.507844,0.504662,0.502035,0.503675,0.495536,0.503461,0.489127,0.503656,0.483795,0.504096,0.480538,0.504794,0.480103,0.505826,0.482734,0.507185,0.488025,0.508681,0.494991,0.509947,0.502326,0.510538,0.508745,0.510039,0.513228,0.508136,0.515142,0.504684,0.514264,0.499724,0.510715,0.493425,0.504821,0.485943,0.496924,0.477249,0.487157,0.466992,0.475286,0.454482,0.460707,0.4389,0.44277,0.419797,0.421564,0.397829,0.399337,0.375075,0.381202,0.355932,0.318266,0.547884
0.943966,0.179712,0.41978,0.275503,0.414388,0.334981,0.433333,0.382462,0.453208,0.417897,0.471104,0.442737,0.485994,0.459604,0.49755,0.471133,0.505858,0.47921,0.511271,0.484788,0.514333,0.488135,0.51573,0.489277,0.516206,0.488372,0.516437,0.485891,0.5169,0.482582,0.517783,0.479296,0.518975,0.476788,0.520157,0.475567,0.520948,0.475843,0.521068,0.477557,0.520422,0.480457,0.519104,0.484202,0.517299,0.488451,0.515174,0.49293,0.51282,0.497464,0.510294,0.501979,0.507744,0.506498,0.505512,0.511112,0.504126,0.515942,0.504139,0.521056,0.505879,0.526367,0.509222,0.531537,0.513542,0.536003,0.51792,0.539153,0.52147,0.540511,0.523571,0.539882,0.523996,0.537467,0.522931,0.53387,0.520874,0.529932,0.518432,0.526447,0.516124,0.523885,0.514245,0.52227,0.512834,0.521252,0.511728,0.520338,0.510699,0.519151,0.509614,0.517588,0.508572,0.51581,0.507907,0.51408,0.508055,0.512561,0.509303,0.511182,0.511561,0.509652,0.514289,0.507583,0.516623,0.504682,0.517675,0.500887,0.516859,0.496412,0.514098,0.491681,0.509854,0.487196,0.504985,0.483415,0.500495,0.480654,0.497275,0.479074,0.495893,0.478689,0.496492,0.479406,0.498799,0.481034,0.502254,0.48328,0.506183,0.485737,0.509999,0.487917,0.513334,0.489344,0.516089,0.489699,0.518365,0.488955,0.520324,0.487422,0.522008,0.485662,0.523215,0.484311,0.523489,0.483872,0.522252,0.484567,0.519042,0.486293,0.513778,0.488685,0.506924,0.491239,0.499464,0.493477,0.492672,0.495083,0.487734,0.495979,0.485378,0.496326,0.485666,0.496436,0.488051,0.496643,0.491671,0.497189,0.495733,0.498165,0.499794,0.499537,0.503833,0.501202,0.5081,0.503054,0.512869,0.505008,0.518237,0.506987,0.524031,0.508916,0.529837,0.510728,0.535075,0.512383,0.539088,0.513885,0.541251,0.515252,0.541105,0.516466,0.538522,0.51742,0.533824,0.517888,0.527765,0.517559,0.521363,0.516101,0.515596,0.51325,0.511127,0.508899,0.508156,0.503171,0.506483,0.496464,0.505705,0.489468,0.505454,0.483118,0.505538,0.478459,0.505944,0.476424,0.506745,0.47757,0.507954,0.481856,0.509422,0.488584,0.510822,0.496542,0.51171,0.504311,0.511641,0.510586,0.510268,0.514409,0.50741,0.515282,0.503082,0.513156,0.49745,0.508322,0.490709,0.501221,0.482913,0.492197,0.473823,0.481268,0.462831,0.468,0.449082,0.451626,0.431855,0.431556,0.411322,0.408534,0.389696,0.387722,0.37117,0.400517,0.306595,0.953106
0.491426,0.328385,0.272734,0.409225,0.314619,0.429585,0.363857,0.448955,0.403976,0.467225,0.433311,0.483022,0.453536,0.495639,0.467218,0.504927,0.476581,0.511099,0.482987,0.51461,0.486977,0.516097,0.488655,0.516311,0.488113,0.516017,0.48572,0.515852,0.482177,0.516203,0.478394,0.51713,0.475265,0.518393,0.473466,0.519571,0.473335,0.520241,0.474865,0.52013,0.477785,0.519192,0.481681,0.517571,0.486125,0.515495,0.490771,0.513162,0.495407,0.510719,0.499959,0.508319,0.504462,0.506234,0.50903,0.504888,0.513805,0.504772,0.5189,0.506239,0.524311,0.509282,0.529828,0.513432,0.534996,0.517851,0.539194,0.521605,0.541814,0.523958,0.542449,0.52456,0.541061,0.523501,0.538053,0.521239,0.534177,0.518412,0.530288,0.515631,0.527044,0.513314,0.524694,0.511618,0.523056,0.510455,0.521687,0.509597,0.520153,0.508829,0.518252,0.508105,0.516084,0.507619,0.513941,0.507748,0.512092,0.508852,0.510599,0.511035,0.509247,0.513979,0.507643,0.516973,0.505398,0.519127,0.502321,0.519692,0.498509,0.51833,0.494316,0.515235,0.49022,0.511067,0.486675,0.506753,0.483994,0.503226,0.482317,0.501185,0.481639,0.500948,0.481864,0.502406,0.482843,0.50511,0.484373,0.508431,0.486172,0.511757,0.487863,0.514656,0.489021,0.516955,0.489282,0.518729,0.488494,0.520178,0.486813,0.521464,0.484696,0.522547,0.482768,0.523107,0.48162,0.522602,0.481622,0.520456,0.482823,0.516325,0.484955,0.510325,0.487545,0.503129,0.490061,0.495853,0.49208,0.489753,0.493398,0.485833,0.494066,0.484534,0.494338,0.485639,0.494551,0.488447,0.494989,0.492125,0.495797,0.49606,0.496966,0.500049,0.498396,0.504246,0.499967,0.508953,0.501594,0.514369,0.503236,0.52044,0.504881,0.526821,0.506528,0.532947,0.508189,0.538129,0.509889,0.541664,0.511643,0.542976,0.513409,0.541775,0.515037,0.538199,0.51625,0.53285,0.516676,0.526677,0.515927,0.520705,0.513688,0.515732,0.509812,0.512122,0.504369,0.509805,0.497689,0.508443,0.490366,0.507673,0.48325,0.507286,0.477361,0.507267,0.473734,0.507707,0.473179,0.508655,0.476015,0.510006,0.481911,0.511461,0.489892,0.512583,0.498558,0.512901,0.506409,0.512023,0.512169,0.509726,0.515004,0.50599,0.514601,0.500973,0.511116,0.4949,0.505004,0.487901,0.496767,0.479838,0.486671,0.470193,0.474519,0.458095,0.4596,0.442579,0.44092,0.423181,0.417859,0.401122,0.391548,0.38239,0.366888,0.399861,0.304043,0.965054
0.605499,0.221935,0.407603,0.294581,0.425625,0.343641,0.444557,0.387802,0.463041,0.421971,0.479709,0.446227,0.493436,0.462708,0.503788,0.473808,0.510828,0.481284,0.514932,0.486033,0.516684,0.488332,0.516814,0.48827,0.516121,0.486114,0.515355,0.482474,0.515075,0.478255,0.515531,0.474449,0.516627,0.471899,0.517986,0.471115,0.519106,0.472207,0.51955,0.474939,0.519096,0.478854,0.517774,0.48344,0.515801,0.488256,0.513456,0.493024,0.510992,0.497638,0.508629,0.502138,0.506627,0.506656,0.505341,0.51136,0.505194,0.5164,0.506524,0.521835,0.50939,0.527556,0.513436,0.533221,0.517914,0.53827,0.521893,0.542043,0.524551,0.543976,0.525413,0.543802,0.524459,0.54169,0.52208,0.538229,0.51892,0.534248,0.515657,0.530526,0.51282,0.527518,0.510688,0.525245,0.509273,0.523375,0.508392,0.521464,0.507798,0.519219,0.507337,0.516648,0.507061,0.514023,0.507245,0.511698,0.508251,0.509875,0.510312,0.508473,0.513319,0.507148,0.516752,0.50546,0.519803,0.503093,0.521642,0.500005,0.521716,0.496448,0.519944,0.492859,0.516744,0.489688,0.512901,0.487252,0.509326,0.485677,0.506816,0.484922,0.50585,0.48486,0.506499,0.48534,0.508455,0.486217,0.511165,0.48732,0.514013,0.488408,0.516506,0.48916,0.518386,0.489239,0.519664,0.488414,0.520538,0.486697,0.521252,0.484395,0.52192,0.48205,0.5224,0.48027,0.522274,0.479535,0.520959,0.48004,0.517938,0.481658,0.513017,0.48399,0.506514,0.486513,0.499273,0.488735,0.492469,0.490345,0.487263,0.491283,0.484426,0.491726,0.484114,0.491988,0.485892,0.492383,0.488995,0.493103,0.492696,0.494174,0.496593,0.495492,0.500683,0.496909,0.505223,0.498311,0.510488,0.499656,0.516549,0.500972,0.523185,0.502325,0.529898,0.5038,0.536007,0.50548,0.540764,0.507414,0.543494,0.509573,0.543754,0.511791,0.541492,0.513754,0.537128,0.515023,0.531493,0.515131,0.525607,0.513688,0.520363,0.51048,0.516281,0.505526,0.513426,0.499096,0.51153,0.491703,0.510239,0.484098,0.509329,0.477228,0.508784,0.472146,0.508731,0.469823,0.509282,0.470897,0.510393,0.475431,0.511807,0.482802,0.513093,0.491783,0.513751,0.500819,0.513341,0.508381,0.511583,0.513278,0.508413,0.514856,0.503969,0.513032,0.4985,0.508175,0.492209,0.500868,0.485062,0.491595,0.476643,0.480436,0.466108,0.46688,0.452324,0.449843,0.434274,0.427967,0.411854,0.400198,0.387491,0.367024,0.36899,0.340473,0.318963,0.609219
0.612144,0.337236,0.285946,0.42095,0.321068,0.439841,0.368869,0.458196,0.408187,0.475745,0.437125,0.490717,0.457123,0.502286,0.470536,0.510337,0.479445,0.515175,0.485144,0.517352,0.488178,0.517573,0.488717,0.516645,0.486958,0.515376,0.483401,0.514455,0.478887,0.514311,0.474449,0.515025,0.471068,0.516333,0.469443,0.517734,0.469853,0.518682,0.47216,0.518774,0.475916,0.517874,0.480543,0.516114,0.485503,0.513793,0.490421,0.511254,0.495128,0.508817,0.499645,0.506786,0.504115,0.5055,0.508731,0.505331,0.513677,0.506591,0.519063,0.509369,0.524863,0.513383,0.530839,0.517969,0.536523,0.522216,0.541272,0.525243,0.544434,0.526459,0.545554,0.525722,0.544562,0.523338,0.541835,0.519931,0.538096,0.516223,0.534163,0.512839,0.530652,0.510173,0.52779,0.508348,0.525404,0.507254,0.523096,0.506657,0.520513,0.50634,0.517558,0.506236,0.514439,0.5065,0.511546,0.507442,0.509213,0.509359,0.50752,0.512309,0.506236,0.515977,0.504932,0.519692,0.503196,0.522627,0.50084,0.524082,0.497986,0.523728,0.495,0.521718,0.492317,0.518632,0.490265,0.515299,0.488967,0.512551,0.48835,0.511005,0.488233,0.510915,0.488426,0.512143,0.488793,0.514242,0.489241,0.516626,0.489658,0.518754,0.489866,0.520282,0.489617,0.521126,0.488678,0.52144,0.486957,0.521499,0.484607,0.521543,0.482033,0.521617,0.479789,0.521482,0.478393,0.520654,0.478161,0.518556,0.479105,0.514765,0.480946,0.509257,0.483213,0.502529,0.485399,0.495543,0.487116,0.489461,0.488205,0.485288,0.488758,0.483539,0.48905,0.484117,0.489407,0.48644,0.490069,0.489761,0.491101,0.493505,0.492409,0.497472,0.493808,0.501802,0.495129,0.506781,0.496291,0.512596,0.497323,0.51917,0.498338,0.526128,0.499494,0.53285,0.500956,0.538587,0.502843,0.542596,0.505178,0.544301,0.507821,0.543462,0.510445,0.540296,0.512565,0.535474,0.513626,0.529954,0.513136,0.524687,0.510789,0.520325,0.506529,0.517072,0.500567,0.514745,0.49335,0.513002,0.485539,0.511589,0.477984,0.51048,0.471685,0.509836,0.467683,0.509853,0.466845,0.510579,0.469611,0.511826,0.475771,0.513183,0.484415,0.514126,0.494093,0.514158,0.503136,0.512927,0.51004,0.51031,0.513766,0.506411,0.513896,0.501494,0.510603,0.495827,0.50445,0.48949,0.496079,0.482187,0.48585,0.473151,0.473546,0.461179,0.45824,0.44488,0.438367,0.423175,0.411909,0.396148,0.376283,0.366948,0.326238,0.357243,0.220119,0.760424
0.955444,0.183617,0.445715,0.287974,0.436204,0.345975,0.452274,0.391366,0.470641,0.425652,0.487114,0.449923,0.500169,0.466328,0.509448,0.477154,0.515193,0.484086,0.517951,0.488015,0.518431,0.489282,0.517439,0.488082,0.51581,0.484808,0.514315,0.480196,0.513527,0.475261,0.513706,0.471073,0.514745,0.468505,0.516221,0.468037,0.517548,0.469684,0.518183,0.473072,0.517805,0.477599,0.516397,0.482639,0.514201,0.487705,0.511603,0.492537,0.50902,0.497104,0.506841,0.501538,0.505442,0.506056,0.505185,0.510872,0.506365,0.516144,0.509084,0.521909,0.513115,0.528026,0.517853,0.534128,0.52242,0.539638,0.52589,0.543878,0.527565,0.546263,0.527173,0.54651,0.524919,0.544766,0.52138,0.541586,0.517303,0.537743,0.513391,0.53395,0.510148,0.530613,0.507805,0.52774,0.506341,0.525034,0.505565,0.522128,0.505238,0.51883,0.505212,0.515253,0.505526,0.511769,0.506409,0.508802,0.508162,0.506602,0.510962,0.505099,0.514678,0.503941,0.518813,0.50268,0.522615,0.500999,0.525314,0.498872,0.526382,0.496555,0.525711,0.494448,0.52364,0.492888,0.520844,0.492011,0.518128,0.491723,0.516199,0.491785,0.51548,0.49194,0.516018,0.49201,0.517512,0.491929,0.519441,0.491686,0.521245,0.491251,0.522496,0.490515,0.523006,0.489315,0.522843,0.487528,0.522263,0.485186,0.521579,0.482543,0.520998,0.480033,0.520493,0.478146,0.519752,0.477255,0.518257,0.47749,0.515471,0.478698,0.511091,0.480502,0.505251,0.482424,0.498594,0.484044,0.49214,0.485127,0.48698,0.48568,0.483919,0.485929,0.483219,0.486199,0.484578,0.486769,0.48734,0.487763,0.490833,0.489106,0.494655,0.490588,0.498771,0.491976,0.503403,0.493113,0.508802,0.493985,0.515041,0.494709,0.521899,0.495499,0.528876,0.496603,0.535274,0.498236,0.540326,0.500506,0.543356,0.503344,0.543953,0.506456,0.542122,0.509338,0.538337,0.511365,0.533443,0.511934,0.528395,0.510616,0.523952,0.507251,0.520459,0.501973,0.517833,0.495168,0.515753,0.487425,0.513927,0.479496,0.512289,0.472291,0.511018,0.466828,0.510395,0.464106,0.51059,0.464866,0.511519,0.469321,0.512826,0.476976,0.513977,0.486643,0.514414,0.496675,0.513705,0.505348,0.511643,0.511248,0.50828,0.513557,0.503875,0.512139,0.498755,0.507423,0.493115,0.500117,0.486807,0.490821,0.479185,0.479653,0.469069,0.465997,0.454875,0.448432,0.434929,0.424795,0.40793,0.391943,0.373177,0.344048,0.328114,0.268614,0.227882,0.231463
0.0169043,0.365356,0.237021,0.429696,0.317981,0.444426,0.370978,0.463662,0.411261,0.482069,0.440556,0.497053,0.460702,0.507906,0.474035,0.514802,0.482582,0.518323,0.487626,0.519221,0.48977,0.518329,0.489284,0.516501,0.486493,0.514552,0.482013,0.513155,0.476784,0.512724,0.471907,0.513323,0.468393,0.514663,0.466923,0.516195,0.467713,0.517298,0.470518,0.517488,0.474772,0.516561,0.479793,0.514635,0.484981,0.512068,0.489962,0.509335,0.494618,0.506924,0.499047,0.505286,0.50347,0.504824,0.508131,0.505844,0.51323,0.508467,0.518863,0.512508,0.52497,0.517416,0.531284,0.522339,0.537319,0.52632,0.542426,0.528563,0.545954,0.52866,0.547453,0.526691,0.546847,0.523165,0.544486,0.51883,0.541032,0.514453,0.537217,0.510636,0.53358,0.507719,0.530305,0.505774,0.527233,0.50467,0.524031,0.504179,0.520445,0.504104,0.516481,0.504393,0.512443,0.505183,0.508796,0.506743,0.505928,0.509312,0.503958,0.512911,0.502675,0.517227,0.501662,0.521632,0.500523,0.525364,0.499082,0.527764,0.497464,0.528494,0.495995,0.527635,0.495006,0.525656,0.494656,0.523265,0.494851,0.521194,0.495303,0.520002,0.495672,0.519921,0.495704,0.520825,0.495302,0.522301,0.494505,0.523808,0.493406,0.524856,0.492053,0.525148,0.490417,0.524638,0.48842,0.523516,0.486042,0.52211,0.483407,0.520743,0.480807,0.519582,0.478636,0.518538,0.477255,0.517248,0.476862,0.515187,0.477411,0.511881,0.478632,0.507143,0.480117,0.501253,0.481455,0.494955,0.482365,0.489273,0.482787,0.485177,0.482887,0.483251,0.482978,0.483526,0.483375,0.485549,0.484262,0.488651,0.485613,0.492275,0.487216,0.496182,0.488778,0.50046,0.490049,0.505355,0.490928,0.511053,0.491489,0.517505,0.491959,0.52437,0.492652,0.531059,0.493881,0.536839,0.495865,0.540977,0.498641,0.542921,0.501997,0.542469,0.505458,0.539878,0.508365,0.535828,0.510017,0.531225,0.509846,0.526896,0.507554,0.52332,0.50317,0.520534,0.497007,0.518257,0.489592,0.516154,0.481598,0.514095,0.473828,0.51224,0.467223,0.510931,0.462805,0.510473,0.461514,0.510927,0.463933,0.512035,0.470025,0.513286,0.478995,0.514073,0.489388,0.513873,0.499403,0.512378,0.507326,0.509561,0.511916,0.505649,0.51264,0.501011,0.509668,0.495955,0.503658,0.490497,0.495373,0.484159,0.485255,0.475866,0.473071,0.463984,0.457736,0.446528,0.437327,0.421496,0.409029,0.387036,0.368149,0.339999,0.303128,0.264929,0.169428,0.12135
0.927778,0.195857,0.438695,0.290365,0.433372,0.347326,0.453639,0.393552,0.474775,0.428509,0.492385,0.453164,0.505343,0.469682,0.513759,0.480326,0.518285,0.486775,0.519777,0.489972,0.51914,0.490353,0.517268,0.488233,0.515008,0.48412,0.513096,0.478843,0.512058,0.473473,0.512117,0.469104,0.513141,0.4666,0.514684,0.466392,0.516121,0.468421,0.516854,0.472217,0.5165,0.477087,0.514998,0.482344,0.512606,0.487482,0.509797,0.49227,0.50713,0.496739,0.505154,0.501089,0.504352,0.505587,0.505084,0.510471,0.507511,0.51589,0.511497,0.521855,0.516541,0.528193,0.521822,0.534517,0.526359,0.540248,0.529266,0.544724,0.529997,0.547386,0.528489,0.547967,0.525149,0.546603,0.520701,0.543797,0.515958,0.54023,0.511612,0.536512,0.50811,0.532974,0.505622,0.529605,0.504083,0.526156,0.503297,0.522347,0.503046,0.51809,0.503212,0.513591,0.503847,0.509293,0.505165,0.505677,0.507425,0.50304,0.510762,0.501358,0.51503,0.500319,0.51976,0.499512,0.524259,0.498647,0.527813,0.497702,0.529905,0.496897,0.530373,0.496531,0.529449,0.49678,0.527674,0.497566,0.525738,0.498576,0.524276,0.499391,0.523688,0.499657,0.524037,0.499198,0.52506,0.498043,0.52628,0.496358,0.527179,0.494336,0.52736,0.492108,0.526656,0.489715,0.525151,0.487165,0.523129,0.48451,0.520965,0.481916,0.518984,0.479647,0.517316,0.477988,0.515822,0.477135,0.514105,0.47711,0.511647,0.477736,0.508038,0.478692,0.503205,0.479612,0.497543,0.480207,0.491863,0.48037,0.487141,0.480212,0.484189,0.480017,0.483368,0.480128,0.484508,0.480791,0.487059,0.482052,0.49039,0.483731,0.494076,0.4855,0.498021,0.487019,0.502393,0.488072,0.507429,0.488643,0.513233,0.488922,0.519651,0.489246,0.52625,0.490006,0.532386,0.49154,0.53733,0.494016,0.540433,0.497341,0.541309,0.501125,0.539988,0.504727,0.536948,0.507382,0.532987,0.508392,0.528953,0.507304,0.525441,0.504001,0.522622,0.4987,0.520282,0.491861,0.518063,0.484092,0.515745,0.476104,0.513423,0.46873,0.511461,0.462934,0.510284,0.459735,0.510124,0.459992,0.510869,0.464099,0.512081,0.471732,0.513132,0.481783,0.513412,0.492553,0.512496,0.502152,0.51025,0.50896,0.506838,0.511994,0.502639,0.511056,0.49806,0.506619,0.493289,0.499501,0.488054,0.490406,0.481456,0.479497,0.471928,0.466115,0.457364,0.448722,0.435391,0.425019,0.403673,0.391823,0.359778,0.343376,0.298732,0.263757,0.185518,0.1565
0.779414,0.32815,0.295785,0.410582,0.32254,0.438413,0.372364,0.464093,0.413349,0.485427,0.443256,0.501264,0.463691,0.511739,0.476999,0.517623,0.485222,0.51993,0.489687,0.519706,0.491088,0.517934,0.48981,0.515507,0.486287,0.513204,0.481222,0.511625,0.475605,0.511118,0.470555,0.511704,0.467073,0.513076,0.465803,0.514676,0.466905,0.515862,0.470062,0.516106,0.474632,0.515158,0.479872,0.513114,0.485156,0.510368,0.490117,0.5075,0.494681,0.505144,0.499001,0.503887,0.503347,0.504182,0.507991,0.506267,0.513133,0.510073,0.518847,0.515162,0.525045,0.520751,0.531438,0.525847,0.537538,0.529486,0.542721,0.530983,0.546374,0.530116,0.548089,0.52716,0.547804,0.522779,0.545836,0.517804,0.542762,0.51301,0.539197,0.508952,0.535574,0.5059,0.532024,0.503866,0.528402,0.502691,0.524449,0.502158,0.520007,0.502104,0.515175,0.50251,0.510325,0.503527,0.50597,0.505405,0.502548,0.508349,0.500231,0.51236,0.498876,0.517136,0.498132,0.522102,0.497654,0.526556,0.497287,0.529873,0.497125,0.531685,0.497401,0.531976,0.498287,0.53108,0.499731,0.529569,0.501416,0.528085,0.502866,0.52715,0.503619,0.527013,0.50339,0.52759,0.50214,0.528516,0.500049,0.529291,0.497409,0.529447,0.494505,0.528696,0.491541,0.526993,0.488626,0.524533,0.485825,0.52168,0.483227,0.518848,0.480971,0.516358,0.479227,0.514311,0.478128,0.512521,0.477698,0.510559,0.477819,0.507917,0.478249,0.504249,0.478688,0.499582,0.478873,0.494406,0.478678,0.489553,0.478167,0.485918,0.477593,0.484127,0.477304,0.484322,0.477605,0.486172,0.478628,0.489083,0.480258,0.492499,0.482176,0.496131,0.483976,0.500004,0.485326,0.504337,0.486083,0.509339,0.486346,0.515037,0.486424,0.521188,0.486749,0.527293,0.487756,0.532683,0.489749,0.536669,0.492783,0.538724,0.496599,0.538661,0.50063,0.53673,0.504104,0.533571,0.50623,0.529993,0.506395,0.526676,0.504316,0.523929,0.500072,0.521641,0.494038,0.519456,0.486764,0.517065,0.478888,0.514455,0.471134,0.511956,0.464359,0.510071,0.459557,0.509204,0.457736,0.50943,0.459641,0.510439,0.465427,0.511632,0.474446,0.512334,0.485276,0.511997,0.496023,0.510355,0.504791,0.507472,0.510156,0.503699,0.511469,0.499511,0.508891,0.495262,0.503157,0.49091,0.495138,0.48579,0.485353,0.478501,0.473591,0.466955,0.458756,0.448597,0.439005,0.420753,0.412081,0.38099,0.375586,0.327759,0.325789,0.272292,0.22355,0.499062
0.64657,0.204078,0.384211,0.289751,0.41527,0.346963,0.448523,0.394682,0.475256,0.430573,0.495043,0.455681,0.508323,0.472296,0.516064,0.482737,0.519499,0.488738,0.519878,0.491322,0.518342,0.491035,0.515878,0.488297,0.513312,0.483697,0.511295,0.478106,0.510259,0.472607,0.510353,0.468285,0.511417,0.465969,0.513005,0.466049,0.514504,0.468409,0.515302,0.472519,0.514984,0.477632,0.513449,0.483024,0.510948,0.488184,0.508008,0.492906,0.505306,0.497258,0.503528,0.501488,0.503251,0.50589,0.504827,0.510711,0.508286,0.516089,0.513275,0.522009,0.519064,0.528277,0.524667,0.534501,0.529057,0.540126,0.531418,0.544543,0.531359,0.54725,0.528997,0.548024,0.524891,0.546998,0.519859,0.544607,0.514736,0.541416,0.510184,0.537908,0.506581,0.534325,0.504026,0.530634,0.50241,0.52663,0.501523,0.522122,0.501176,0.517107,0.501289,0.511858,0.50195,0.506859,0.503379,0.502628,0.50582,0.499517,0.50939,0.49758,0.513948,0.496602,0.519066,0.496254,0.524114,0.496295,0.528428,0.496693,0.531491,0.497584,0.533066,0.499111,0.53325,0.50124,0.532439,0.503669,0.531208,0.505886,0.530135,0.507336,0.529623,0.50761,0.529782,0.506563,0.5304,0.504325,0.531047,0.501225,0.531226,0.497669,0.530547,0.494024,0.52883,0.490553,0.526148,0.487415,0.522798,0.484695,0.519215,0.482457,0.515848,0.480752,0.513015,0.479606,0.51078,0.478985,0.508905,0.478771,0.506921,0.47877,0.504328,0.478747,0.500839,0.478488,0.496576,0.477879,0.492099,0.476957,0.488226,0.47594,0.485731,0.475164,0.485041,0.474978,0.486098,0.475597,0.488451,0.477001,0.491508,0.478925,0.49482,0.480943,0.498236,0.482627,0.501884,0.483698,0.506015,0.484125,0.510806,0.484132,0.51621,0.48414,0.521914,0.48464,0.527366,0.486054,0.531901,0.488594,0.534901,0.492162,0.535994,0.496317,0.535197,0.500344,0.532949,0.503413,0.529963,0.504782,0.526955,0.503993,0.524364,0.500958,0.522209,0.495932,0.520176,0.489396,0.51789,0.48193,0.515206,0.474168,0.512356,0.466844,0.50986,0.460854,0.508263,0.457229,0.507848,0.456941,0.508484,0.460567,0.509665,0.467966,0.510691,0.478137,0.510907,0.489368,0.509896,0.499644,0.507588,0.507174,0.504261,0.510831,0.500414,0.510357,0.496538,0.506262,0.49283,0.499449,0.488902,0.490717,0.483601,0.48028,0.474975,0.467505,0.460428,0.450953,0.437049,0.428796,0.402074,0.399695,0.353377,0.365158,0.289506,0.346765,0.185953,0.730807
0.159706,0.266507,0.238657,0.378192,0.315127,0.426314,0.372014,0.460864,0.414783,0.485967,0.445325,0.503002,0.465933,0.513274,0.479115,0.518274,0.486977,0.519516,0.49093,0.51837,0.491768,0.515981,0.489975,0.513264,0.486062,0.510921,0.48077,0.509436,0.475093,0.509049,0.470132,0.509727,0.466861,0.511155,0.465888,0.512803,0.467329,0.514052,0.470822,0.514367,0.475676,0.513461,0.481109,0.511394,0.486476,0.508567,0.491415,0.505631,0.495876,0.503342,0.500048,0.502402,0.504231,0.503307,0.508714,0.506229,0.513692,0.510928,0.519224,0.516756,0.5252,0.522755,0.531326,0.527856,0.537134,0.531129,0.542053,0.532014,0.545546,0.530445,0.547272,0.526842,0.547199,0.521961,0.545608,0.516668,0.542972,0.511718,0.539773,0.507606,0.536324,0.504534,0.532693,0.502454,0.528748,0.501178,0.524296,0.500494,0.519259,0.500276,0.513798,0.500546,0.508318,0.501482,0.503356,0.50334,0.499389,0.506319,0.496672,0.510423,0.495172,0.515384,0.494655,0.52069,0.494864,0.525703,0.495665,0.529824,0.497089,0.532638,0.49922,0.534015,0.502023,0.534136,0.505214,0.533434,0.508271,0.532468,0.510569,0.531744,0.51158,0.531546,0.511028,0.53185,0.508946,0.532342,0.505638,0.532551,0.501569,0.532016,0.49724,0.530437,0.493083,0.52775,0.489405,0.524143,0.486375,0.520011,0.48405,0.515855,0.482402,0.512153,0.481343,0.50921,0.480733,0.507034,0.480396,0.505317,0.480132,0.503543,0.479746,0.501217,0.479078,0.498117,0.478049,0.494454,0.476699,0.49083,0.475213,0.488015,0.473909,0.486631,0.473149,0.486899,0.473221,0.488589,0.474209,0.491178,0.47594,0.494126,0.478021,0.497111,0.479976,0.500125,0.481406,0.503389,0.482131,0.507173,0.482251,0.511613,0.482112,0.516596,0.482211,0.52174,0.483051,0.526458,0.484982,0.530105,0.488076,0.532171,0.492057,0.532456,0.496325,0.531173,0.500077,0.528884,0.502496,0.526287,0.502968,0.523917,0.501223,0.52194,0.497363,0.520133,0.491773,0.518093,0.484976,0.515545,0.477541,0.512574,0.470087,0.509644,0.463377,0.507381,0.458364,0.506261,0.456109,0.506375,0.457496,0.50737,0.462865,0.508584,0.471723,0.509285,0.482711,0.50891,0.493884,0.507229,0.503216,0.504395,0.509142,0.500879,0.510922,0.497268,0.508709,0.493973,0.503296,0.490911,0.495638,0.487242,0.486318,0.481254,0.475161,0.470435,0.461135,0.451755,0.442654,0.422136,0.418374,0.379055,0.388932,0.321091,0.360319,0.247315,0.299354,0.217031
0.432514,0.153471,0.335755,0.275101,0.396691,0.345012,0.441466,0.395691,0.473344,0.432377,0.495213,0.457667,0.508847,0.474167,0.516001,0.484286,0.518475,0.489831,0.517923,0.491923,0.515724,0.491202,0.512947,0.488159,0.510373,0.483414,0.508532,0.477838,0.50772,0.47249,0.507995,0.46842,0.509164,0.466429,0.51081,0.466874,0.512365,0.469604,0.513248,0.474049,0.513024,0.479424,0.511551,0.484975,0.509045,0.490178,0.506056,0.494832,0.503347,0.499031,0.50172,0.503047,0.501833,0.507198,0.504027,0.511739,0.508221,0.516799,0.513883,0.522349,0.520111,0.528185,0.525821,0.533933,0.529991,0.539088,0.531902,0.54312,0.531297,0.545621,0.528423,0.546426,0.523928,0.545669,0.51866,0.543709,0.513446,0.540983,0.508897,0.537834,0.505331,0.534407,0.502786,0.530642,0.501109,0.526373,0.500079,0.521474,0.499522,0.516003,0.499398,0.510255,0.499831,0.504724,0.501063,0.49995,0.503347,0.496349,0.506807,0.494093,0.511332,0.493107,0.516556,0.49319,0.521925,0.494166,0.526825,0.495972,0.530726,0.498618,0.533302,0.502041,0.534506,0.50597,0.53458,0.509885,0.533985,0.513116,0.533254,0.515035,0.53281,0.515231,0.532815,0.513611,0.533119,0.510402,0.533326,0.506063,0.532959,0.501171,0.531617,0.496304,0.529106,0.491937,0.525487,0.488388,0.521063,0.485791,0.51632,0.484109,0.51182,0.483169,0.508056,0.482715,0.50529,0.482459,0.503448,0.48214,0.502131,0.481553,0.500772,0.480576,0.498892,0.479175,0.496344,0.477415,0.493416,0.475476,0.490729,0.473648,0.488965,0.472286,0.488567,0.471721,0.489561,0.47213,0.491582,0.473454,0.494091,0.475384,0.496644,0.47745,0.499077,0.47918,0.501521,0.480258,0.504277,0.48063,0.507622,0.480526,0.511642,0.480389,0.516147,0.480748,0.520686,0.482054,0.52465,0.484537,0.527443,0.4881,0.528685,0.492301,0.528359,0.496426,0.526839,0.499652,0.524737,0.501254,0.522645,0.500792,0.520868,0.498192,0.519313,0.493709,0.517604,0.487795,0.515366,0.480966,0.512514,0.473757,0.509384,0.466791,0.506603,0.460884,0.504798,0.457058,0.504286,0.456363,0.504923,0.459526,0.506155,0.466571,0.50723,0.476617,0.507459,0.487977,0.506439,0.498572,0.504163,0.506501,0.501013,0.510541,0.497608,0.510395,0.494536,0.506598,0.492011,0.500118,0.489553,0.491812,0.485776,0.48193,0.478375,0.469869,0.464327,0.454294,0.440322,0.43372,0.403391,0.407694,0.351719,0.379747,0.285205,0.377028,0.182034,0.845672
0.217217,0.235025,0.237215,0.359227,0.314982,0.417077,0.373514,0.456744,0.416745,0.48442,0.44731,0.502328,0.467729,0.512373,0.480567,0.516582,0.487985,0.516918,0.491475,0.515059,0.491922,0.512301,0.489882,0.509564,0.485894,0.507446,0.480688,0.506285,0.475225,0.506189,0.470569,0.507056,0.467659,0.508583,0.467081,0.510293,0.468925,0.511626,0.472801,0.512062,0.477984,0.511283,0.483656,0.509294,0.489144,0.506474,0.494072,0.503512,0.498398,0.50126,0.502329,0.500518,0.50619,0.501825,0.510285,0.505295,0.514816,0.510554,0.519832,0.516796,0.525219,0.522954,0.530694,0.527941,0.535832,0.530896,0.540144,0.531377,0.543194,0.529434,0.544733,0.525563,0.544765,0.520549,0.543532,0.515243,0.541396,0.510361,0.538692,0.506347,0.53561,0.503348,0.532153,0.50127,0.528193,0.4999,0.523584,0.499026,0.518299,0.498542,0.51252,0.498504,0.506646,0.499119,0.501213,0.50066,0.496741,0.503343,0.493584,0.507203,0.491866,0.512032,0.491514,0.5174,0.492379,0.522741,0.494349,0.527478,0.497356,0.531143,0.501297,0.533481,0.505894,0.534515,0.510633,0.534542,0.51482,0.534041,0.517748,0.53351,0.518882,0.533274,0.517997,0.533365,0.515205,0.533519,0.510903,0.533291,0.505683,0.532226,0.500209,0.530016,0.49511,0.526592,0.49088,0.52214,0.487798,0.517077,0.485902,0.511976,0.485004,0.507439,0.484752,0.503939,0.484732,0.501661,0.484562,0.500414,0.483974,0.499699,0.482839,0.498907,0.481162,0.497594,0.47905,0.495699,0.476701,0.493575,0.47439,0.491823,0.472453,0.491003,0.471227,0.491369,0.470957,0.49277,0.471693,0.494761,0.473241,0.496849,0.475197,0.498734,0.477072,0.500423,0.478453,0.502187,0.479141,0.504385,0.479218,0.507279,0.479023,0.510882,0.479053,0.514914,0.479811,0.518855,0.481646,0.522091,0.484634,0.524107,0.488508,0.524674,0.492697,0.523951,0.496433,0.522415,0.49895,0.520655,0.499668,0.519089,0.498339,0.517777,0.495062,0.516424,0.490191,0.514609,0.484188,0.512088,0.477529,0.509015,0.470724,0.505937,0.464428,0.503552,0.459534,0.502381,0.457113,0.502519,0.458139,0.503586,0.463091,0.504879,0.471618,0.505632,0.482446,0.505276,0.49364,0.503618,0.503122,0.500898,0.509252,0.497699,0.511244,0.494722,0.509254,0.492444,0.504113,0.490757,0.496819,0.488671,0.487984,0.484198,0.477436,0.474454,0.464168,0.456023,0.446685,0.425544,0.423766,0.380499,0.3955,0.32072,0.363017,0.261449,0.28024,0.483131
0.400217,0.181598,0.328772,0.285415,0.389944,0.34931,0.436379,0.398611,0.470249,0.434773,0.493252,0.45966,0.507019,0.475727,0.513618,0.485365,0.515265,0.490436,0.513968,0.492142,0.511325,0.491195,0.508471,0.488117,0.506126,0.483514,0.504678,0.478212,0.504267,0.473221,0.504841,0.469551,0.506181,0.46798,0.507916,0.468849,0.509553,0.471993,0.510561,0.476817,0.510502,0.482499,0.509179,0.488249,0.506753,0.493512,0.503764,0.498074,0.501032,0.502032,0.499457,0.505679,0.499771,0.509355,0.502316,0.513329,0.506924,0.517735,0.512931,0.522546,0.519326,0.527568,0.524987,0.532462,0.528939,0.536798,0.530561,0.540155,0.529704,0.542232,0.526683,0.542942,0.522162,0.542414,0.516974,0.540926,0.5119,0.538776,0.507509,0.536165,0.504076,0.533139,0.5016,0.529606,0.499901,0.525425,0.498744,0.520508,0.497958,0.514931,0.497521,0.508975,0.49758,0.50311,0.498397,0.497888,0.500245,0.493802,0.503279,0.491169,0.50745,0.490097,0.512478,0.49054,0.517897,0.492393,0.523149,0.495545,0.527689,0.499842,0.531098,0.504988,0.533184,0.510468,0.534037,0.515575,0.534009,0.519542,0.53359,0.521733,0.533219,0.521791,0.533107,0.519701,0.533153,0.515766,0.533001,0.510527,0.532192,0.504672,0.530339,0.498931,0.527252,0.493957,0.522999,0.490214,0.517896,0.48789,0.512463,0.486864,0.507336,0.486753,0.503123,0.487031,0.500235,0.487172,0.498733,0.486785,0.498291,0.485678,0.498309,0.48386,0.498163,0.481485,0.497473,0.478789,0.496264,0.476059,0.494931,0.473609,0.494019,0.471762,0.493934,0.47079,0.494743,0.470827,0.496164,0.471796,0.497738,0.473401,0.499082,0.475199,0.500077,0.476737,0.500913,0.477705,0.501977,0.478036,0.503661,0.477932,0.50617,0.477807,0.509417,0.478155,0.51302,0.479401,0.5164,0.481756,0.518963,0.48513,0.520307,0.489116,0.520369,0.493062,0.519453,0.496221,0.518081,0.497936,0.516741,0.497804,0.515642,0.495759,0.514622,0.492027,0.513274,0.487005,0.511235,0.481124,0.508462,0.474814,0.505346,0.468586,0.502568,0.463159,0.500792,0.459503,0.500347,0.458684,0.501079,0.461514,0.502408,0.468142,0.503552,0.477804,0.503814,0.488885,0.502809,0.499324,0.500595,0.507193,0.497652,0.511244,0.494714,0.511176,0.492461,0.507543,0.491138,0.501342,0.490188,0.493437,0.488028,0.484066,0.482046,0.472604,0.468864,0.457717,0.444867,0.437891,0.406918,0.412087,0.352997,0.379701,0.281892,0.339464,0.171762,0.441076
0.463826,0.26285,0.273822,0.364217,0.325434,0.413491,0.378513,0.452622,0.420094,0.481194,0.44985,0.499522,0.469662,0.509297,0.481939,0.512828,0.488837,0.512432,0.491911,0.510057,0.492116,0.507135,0.490047,0.50458,0.486229,0.502878,0.481343,0.502202,0.476284,0.502518,0.472064,0.503655,0.469592,0.505324,0.469443,0.507124,0.471705,0.508573,0.475976,0.509184,0.481506,0.508604,0.487439,0.506769,0.493057,0.504005,0.497952,0.501013,0.502065,0.498716,0.505612,0.498007,0.508937,0.49947,0.512367,0.503187,0.51612,0.508689,0.520258,0.515069,0.524681,0.521208,0.529135,0.526041,0.533264,0.528794,0.536682,0.529118,0.539077,0.527128,0.5403,0.523336,0.540394,0.518493,0.539553,0.513405,0.538019,0.508741,0.535976,0.504912,0.533488,0.50204,0.530492,0.500014,0.526856,0.498601,0.522462,0.49758,0.517296,0.496844,0.511522,0.496457,0.5055,0.496634,0.499745,0.497667,0.494818,0.499801,0.491198,0.503126,0.48919,0.507524,0.48891,0.512668,0.490333,0.518075,0.493352,0.523193,0.497784,0.5275,0.503306,0.530621,0.509395,0.532428,0.515331,0.533087,0.520303,0.533002,0.523591,0.532651,0.524723,0.53239,0.52356,0.532296,0.52029,0.532145,0.515369,0.531527,0.509446,0.530017,0.50328,0.527334,0.497635,0.523435,0.493152,0.518528,0.490211,0.513049,0.488841,0.507598,0.488716,0.502835,0.48925,0.499326,0.489784,0.497367,0.489763,0.496864,0.488876,0.497347,0.487083,0.498143,0.484559,0.498647,0.481595,0.498563,0.478514,0.498,0.475632,0.497361,0.473246,0.497093,0.47162,0.497433,0.470929,0.498291,0.471194,0.499315,0.47224,0.500107,0.473718,0.500448,0.4752,0.50043,0.476317,0.500413,0.476881,0.500866,0.476952,0.502162,0.476821,0.504409,0.476925,0.507394,0.477704,0.510625,0.479464,0.513487,0.482261,0.515448,0.485859,0.516246,0.489753,0.51598,0.493274,0.515055,0.495747,0.513971,0.496664,0.51306,0.4958,0.512316,0.49324,0.511416,0.489287,0.509937,0.484331,0.507657,0.478754,0.504765,0.472961,0.501839,0.467493,0.499595,0.463147,0.498563,0.460939,0.498832,0.461855,0.500008,0.466449,0.501371,0.474478,0.50215,0.484782,0.50179,0.495503,0.500146,0.504605,0.497537,0.510466,0.494652,0.512314,0.492294,0.510322,0.491002,0.505335,0.490653,0.498345,0.490133,0.489928,0.487216,0.479862,0.478712,0.467095,0.460909,0.450099,0.43027,0.427453,0.384138,0.398055,0.320422,0.358292,0.232303,0.25737,0.128825
0.72393,0.213356,0.366446,0.301186,0.390988,0.356988,0.431771,0.403419,0.465783,0.438229,0.489419,0.462256,0.503251,0.477641,0.5094,0.486693,0.510394,0.491294,0.508542,0.492711,0.505641,0.491703,0.502883,0.48879,0.500923,0.484527,0.500002,0.479666,0.500098,0.475142,0.501048,0.471923,0.502607,0.470771,0.50446,0.472032,0.506203,0.475547,0.507374,0.480713,0.507532,0.486681,0.506423,0.492615,0.504126,0.497908,0.501141,0.502306,0.498322,0.505895,0.496655,0.50898,0.496949,0.511924,0.499566,0.515021,0.504289,0.518427,0.510371,0.522137,0.516744,0.52599,0.522289,0.529708,0.526093,0.532959,0.527624,0.535445,0.526794,0.536989,0.523932,0.537573,0.519666,0.53732,0.514769,0.536411,0.509971,0.534997,0.505809,0.533132,0.502546,0.530766,0.500179,0.527774,0.498518,0.524024,0.497315,0.519444,0.496385,0.514088,0.495692,0.508194,0.495372,0.502183,0.49569,0.49661,0.496939,0.492054,0.499324,0.488997,0.502881,0.487749,0.50744,0.48843,0.512642,0.491003,0.51799,0.495292,0.52293,0.500961,0.526958,0.507475,0.529747,0.514097,0.531249,0.519982,0.53171,0.524338,0.531571,0.526594,0.53127,0.526497,0.531044,0.524126,0.530832,0.519835,0.530317,0.51419,0.529085,0.507913,0.526798,0.501805,0.523323,0.496635,0.518772,0.492977,0.513486,0.491065,0.507992,0.490712,0.502931,0.491366,0.498938,0.492275,0.496478,0.492721,0.49569,0.492222,0.496305,0.49063,0.49773,0.488095,0.499258,0.484953,0.50034,0.481588,0.500781,0.478347,0.500748,0.475516,0.500613,0.473331,0.500697,0.471964,0.501078,0.471491,0.501555,0.471843,0.501784,0.472788,0.501498,0.473975,0.500693,0.475041,0.499668,0.475726,0.498919,0.475967,0.498944,0.475923,0.500038,0.475932,0.50217,0.476398,0.50498,0.477668,0.507887,0.479907,0.510278,0.483027,0.51172,0.486679,0.51211,0.490313,0.51169,0.493294,0.51091,0.495061,0.510183,0.495265,0.509657,0.493842,0.50914,0.490984,0.508223,0.487025,0.506555,0.482322,0.504116,0.477213,0.501305,0.472101,0.498805,0.467584,0.497267,0.464526,0.497012,0.463926,0.497874,0.466595,0.499265,0.472752,0.500411,0.481745,0.50063,0.492083,0.499581,0.501809,0.497389,0.509076,0.494625,0.512689,0.49212,0.512386,0.490632,0.508734,0.490426,0.502712,0.490882,0.495133,0.490251,0.486154,0.485669,0.475068,0.473485,0.460492,0.449907,0.440895,0.411859,0.415166,0.357583,0.382718,0.284488,0.350666,0.162863,0.610054
0.501494,0.297696,0.286049,0.367306,0.334165,0.407563,0.384862,0.446583,0.424762,0.476195,0.453376,0.495031,0.472356,0.504678,0.483968,0.507721,0.490337,0.506793,0.493058,0.504087,0.49314,0.501157,0.491193,0.498912,0.487705,0.497726,0.483273,0.497615,0.478707,0.498403,0.474948,0.499848,0.472878,0.501682,0.473073,0.50359,0.475643,0.505177,0.480198,0.505997,0.485987,0.505664,0.492118,0.50403,0.497814,0.501337,0.502604,0.498266,0.506391,0.495802,0.509385,0.494931,0.51195,0.496298,0.514437,0.499984,0.517096,0.50547,0.520019,0.511795,0.523145,0.517828,0.526282,0.522545,0.529161,0.525244,0.531521,0.525637,0.533182,0.523857,0.534093,0.520378,0.534325,0.515887,0.534004,0.511125,0.533237,0.506725,0.532053,0.503093,0.530389,0.500363,0.52812,0.498434,0.525106,0.497072,0.521238,0.496032,0.516494,0.495176,0.510989,0.494535,0.505022,0.494305,0.499073,0.494776,0.493746,0.496228,0.48965,0.498828,0.487284,0.502569,0.486957,0.507244,0.488763,0.512465,0.492593,0.517712,0.498128,0.52242,0.504829,0.526111,0.511945,0.528523,0.518599,0.529705,0.523932,0.52998,0.527286,0.529793,0.52831,0.529499,0.526984,0.529198,0.523565,0.528704,0.518521,0.527657,0.512488,0.525701,0.506231,0.522641,0.500566,0.51851,0.49622,0.513571,0.493642,0.50827,0.492855,0.503184,0.493426,0.498937,0.494598,0.49608,0.495521,0.494929,0.495526,0.495435,0.494298,0.497168,0.491904,0.499446,0.48869,0.501578,0.485106,0.503104,0.481564,0.503922,0.47837,0.504227,0.475733,0.504321,0.473794,0.504392,0.472635,0.504388,0.472252,0.50407,0.472521,0.50318,0.473201,0.501648,0.47399,0.499695,0.474616,0.497806,0.474936,0.496556,0.474992,0.496398,0.475003,0.497493,0.475302,0.49964,0.476222,0.502338,0.47799,0.504949,0.480632,0.506912,0.483943,0.507932,0.487506,0.508065,0.49077,0.507656,0.493175,0.507137,0.494289,0.506788,0.493916,0.506572,0.492125,0.506162,0.489175,0.505147,0.485397,0.503322,0.481106,0.500877,0.476617,0.49837,0.472353,0.496489,0.468974,0.495734,0.467366,0.496175,0.468432,0.497413,0.472723,0.498743,0.480074,0.499422,0.489458,0.498943,0.499172,0.497224,0.507323,0.494669,0.512403,0.492052,0.513719,0.490252,0.511478,0.489848,0.506508,0.490689,0.499737,0.491556,0.491636,0.490032,0.481867,0.482686,0.469282,0.465608,0.452345,0.435283,0.42982,0.389727,0.401317,0.329639,0.36535,0.261259,0.272017,0.320086
0.832632,0.200612,0.358377,0.305349,0.378578,0.364152,0.4227,0.409427,0.459207,0.442891,0.484098,0.465917,0.498255,0.480556,0.504177,0.489028,0.504742,0.493216,0.502538,0.494433,0.499537,0.493474,0.496988,0.490842,0.495487,0.48702,0.495139,0.48266,0.495773,0.478607,0.497118,0.475773,0.498906,0.474909,0.500882,0.476387,0.502739,0.480081,0.504089,0.485417,0.5045,0.491541,0.503648,0.497567,0.501509,0.502807,0.498503,0.506936,0.495496,0.510012,0.493565,0.512347,0.493614,0.514326,0.49605,0.516273,0.500641,0.518382,0.506608,0.520694,0.51286,0.523112,0.518298,0.525447,0.522063,0.527485,0.523678,0.529063,0.523075,0.530123,0.520551,0.530702,0.516672,0.53089,0.512136,0.530751,0.507625,0.530273,0.503671,0.529364,0.500561,0.527879,0.498322,0.525666,0.49678,0.522598,0.495672,0.5186,0.494773,0.513696,0.493994,0.508053,0.493424,0.502035,0.493299,0.496194,0.493923,0.491191,0.495559,0.487677,0.498346,0.486157,0.502243,0.486911,0.507007,0.489955,0.512212,0.495037,0.517305,0.501641,0.521714,0.509013,0.525005,0.51624,0.527011,0.522408,0.527881,0.526773,0.527991,0.528892,0.527748,0.528664,0.527385,0.526265,0.526861,0.522074,0.525907,0.516621,0.524186,0.510575,0.521469,0.504721,0.517738,0.499857,0.513197,0.496611,0.50823,0.495241,0.503339,0.495518,0.499094,0.496768,0.496044,0.498089,0.494599,0.498639,0.494888,0.497903,0.496678,0.495803,0.499407,0.492638,0.50236,0.488907,0.504906,0.485106,0.506688,0.4816,0.507675,0.478602,0.508055,0.476212,0.508038,0.474478,0.507688,0.473409,0.506887,0.472955,0.505433,0.472983,0.503231,0.47329,0.500437,0.473648,0.497491,0.473892,0.495001,0.473979,0.493547,0.474021,0.493467,0.474254,0.494741,0.474963,0.496989,0.476384,0.499598,0.478618,0.501927,0.481573,0.503515,0.484962,0.504227,0.488338,0.504259,0.491187,0.504005,0.49304,0.503827,0.4936,0.50384,0.492807,0.503847,0.490828,0.503453,0.487961,0.502328,0.484519,0.500449,0.480782,0.498191,0.477056,0.496187,0.473801,0.49504,0.471712,0.49503,0.471633,0.495975,0.474286,0.497305,0.479898,0.498284,0.487926,0.498291,0.497051,0.497057,0.505512,0.49479,0.511641,0.492142,0.51438,0.490013,0.51354,0.4892,0.509695,0.48996,0.503757,0.491602,0.496419,0.49224,0.487688,0.488817,0.476714,0.477481,0.462032,0.454341,0.442216,0.416636,0.416859,0.364506,0.387589,0.303757,0.362022,0.217557,0.56825
0.25827,0.227799,0.272336,0.333063,0.341161,0.39185,0.392312,0.437553,0.430717,0.469827,0.458126,0.489631,0.47627,0.49941,0.48727,0.50221,0.493188,0.500978,0.49564,0.498122,0.495681,0.495304,0.493933,0.493431,0.490834,0.492783,0.486889,0.493235,0.482795,0.494485,0.479411,0.496227,0.477579,0.498217,0.477891,0.500224,0.480503,0.501949,0.485085,0.502996,0.49092,0.502953,0.497102,0.501569,0.502778,0.498957,0.507361,0.495737,0.510689,0.492957,0.512973,0.49172,0.514591,0.49276,0.515921,0.496187,0.517242,0.50147,0.518701,0.507632,0.520305,0.513546,0.521954,0.518222,0.523498,0.520996,0.524809,0.521604,0.525837,0.520156,0.526611,0.517065,0.527197,0.512944,0.527627,0.508476,0.527851,0.504282,0.527728,0.500793,0.527075,0.49819,0.525711,0.496411,0.523494,0.495224,0.520326,0.494351,0.516168,0.493589,0.51108,0.492896,0.50529,0.492407,0.49924,0.492391,0.493566,0.49316,0.489001,0.494969,0.486221,0.497931,0.485711,0.501973,0.487669,0.506806,0.491967,0.511951,0.498156,0.516819,0.505499,0.520855,0.513065,0.523698,0.51988,0.525294,0.525116,0.525882,0.528242,0.525848,0.52908,0.525509,0.527746,0.524957,0.524556,0.524034,0.519942,0.522454,0.514456,0.51998,0.508776,0.516562,0.503681,0.512375,0.499904,0.507768,0.497913,0.503195,0.497726,0.499155,0.498846,0.496143,0.500408,0.494575,0.501461,0.494681,0.501289,0.496397,0.499616,0.499327,0.496633,0.502831,0.492842,0.506216,0.48882,0.50894,0.485028,0.510746,0.481722,0.511645,0.478985,0.511784,0.47681,0.511278,0.475172,0.510112,0.47404,0.50817,0.473364,0.505371,0.473045,0.501826,0.472943,0.497922,0.472922,0.494267,0.47291,0.49152,0.472937,0.490178,0.473145,0.490405,0.473745,0.491976,0.474947,0.494353,0.476879,0.496862,0.479529,0.498917,0.482718,0.5002,0.486106,0.500734,0.48925,0.50082,0.491687,0.500842,0.49305,0.501042,0.493167,0.501373,0.492098,0.501523,0.490086,0.501104,0.487447,0.49992,0.48447,0.498136,0.481414,0.496254,0.478588,0.494894,0.476475,0.494489,0.475757,0.495071,0.477163,0.496244,0.481167,0.497347,0.48765,0.49771,0.49574,0.496917,0.503959,0.494982,0.510647,0.492393,0.514497,0.48999,0.514949,0.488682,0.512253,0.489039,0.507193,0.490858,0.500571,0.492813,0.492687,0.492341,0.483014,0.48584,0.470246,0.469243,0.45278,0.438995,0.429677,0.393574,0.402251,0.336989,0.375395,0.300842,0.305752,0.706092
0.0918069,0.207777,0.25951,0.317233,0.350569,0.374052,0.41009,0.416934,0.451553,0.448802,0.478256,0.470859,0.492971,0.484866,0.498896,0.492885,0.499275,0.496765,0.496931,0.497858,0.493978,0.496993,0.491714,0.494664,0.490686,0.491279,0.49089,0.487376,0.492023,0.48369,0.493725,0.48106,0.495712,0.480226,0.497785,0.481602,0.49974,0.485142,0.501269,0.490351,0.501966,0.496418,0.501442,0.502412,0.499523,0.507509,0.496476,0.511244,0.493154,0.513656,0.490772,0.515092,0.490366,0.515949,0.49241,0.516572,0.496693,0.517196,0.502428,0.517936,0.508525,0.518794,0.5139,0.519702,0.517719,0.520581,0.519515,0.521406,0.519206,0.522214,0.517039,0.523065,0.513508,0.523977,0.509251,0.524865,0.504928,0.525538,0.501091,0.525751,0.498082,0.525276,0.495986,0.523944,0.494656,0.521645,0.493812,0.518314,0.493166,0.51394,0.492538,0.508628,0.49193,0.502681,0.491521,0.496637,0.49161,0.491231,0.492522,0.487251,0.494505,0.485376,0.49765,0.486014,0.501833,0.489218,0.506705,0.494659,0.511725,0.50166,0.516287,0.50929,0.519883,0.516527,0.522259,0.522458,0.523475,0.526456,0.523824,0.528262,0.523645,0.527949,0.523127,0.525793,0.522226,0.522168,0.520724,0.517511,0.518397,0.51236,0.515181,0.507389,0.511236,0.503338,0.506912,0.50082,0.502653,0.500091,0.498914,0.500896,0.49612,0.502505,0.494634,0.503943,0.494695,0.504334,0.496339,0.503185,0.499324,0.500517,0.503141,0.496771,0.507131,0.49258,0.510665,0.488513,0.513306,0.484916,0.514873,0.481894,0.515388,0.479397,0.514943,0.477334,0.513582,0.475645,0.51127,0.474307,0.50797,0.473307,0.50378,0.472607,0.499036,0.472146,0.49432,0.471871,0.490332,0.471778,0.487694,0.471935,0.486745,0.472476,0.487437,0.473558,0.489347,0.475302,0.491826,0.477735,0.494205,0.480756,0.496007,0.484121,0.497076,0.487467,0.497576,0.490366,0.497857,0.492418,0.498239,0.493356,0.498821,0.493129,0.499412,0.491902,0.499646,0.48998,0.499208,0.487686,0.498065,0.485291,0.496541,0.483032,0.495189,0.481219,0.494523,0.480322,0.494753,0.480951,0.495673,0.483657,0.496743,0.488628,0.497309,0.495424,0.496863,0.502944,0.495254,0.509693,0.492791,0.514264,0.490198,0.515797,0.488402,0.514204,0.488182,0.51005,0.489736,0.504138,0.492279,0.496978,0.493811,0.488363,0.491145,0.47723,0.48029,0.461917,0.457193,0.440883,0.418838,0.414108,0.364795,0.386682,0.299127,0.392685,0.203355,0.95046
0.496152,0.164377,0.311253,0.298959,0.357089,0.376205,0.402005,0.428779,0.437849,0.463626,0.464039,0.484367,0.481529,0.494396,0.492111,0.497168,0.497729,0.495866,0.500004,0.493048,0.500039,0.490454,0.498481,0.488987,0.495732,0.488853,0.492199,0.489814,0.488456,0.491464,0.485258,0.493451,0.483395,0.495553,0.483479,0.497624,0.485748,0.499468,0.489987,0.500758,0.495581,0.501081,0.501658,0.50007,0.507248,0.49761,0.511526,0.494151,0.514232,0.490867,0.515658,0.489066,0.516219,0.489591,0.516287,0.492593,0.516159,0.497555,0.516046,0.503501,0.516055,0.50931,0.516215,0.514001,0.51652,0.516912,0.516984,0.517757,0.517665,0.516606,0.518637,0.513811,0.519918,0.509927,0.521404,0.505611,0.522856,0.501493,0.523959,0.498062,0.524411,0.495565,0.523993,0.493991,0.522581,0.493115,0.520106,0.492608,0.51653,0.492176,0.511872,0.491668,0.506297,0.49113,0.500204,0.49079,0.494248,0.490983,0.489253,0.492049,0.486037,0.494227,0.485222,0.497568,0.48708,0.501883,0.491459,0.506741,0.497791,0.511556,0.505185,0.515733,0.51259,0.518852,0.51901,0.520781,0.523713,0.521672,0.526349,0.521816,0.526942,0.521452,0.525756,0.520625,0.523144,0.519192,0.519466,0.516956,0.515123,0.513843,0.510632,0.510006,0.506641,0.505817,0.503809,0.501752,0.502581,0.498275,0.502957,0.49577,0.504421,0.494521,0.506077,0.494712,0.50696,0.49639,0.506377,0.499406,0.50414,0.503384,0.500562,0.507763,0.496276,0.511916,0.49195,0.515305,0.488053,0.517587,0.484763,0.518635,0.482023,0.518456,0.479674,0.517098,0.477582,0.514577,0.475702,0.510909,0.47406,0.5062,0.472706,0.500753,0.471676,0.495111,0.470983,0.489982,0.470632,0.48607,0.470658,0.483871,0.471129,0.483517,0.472145,0.484738,0.473791,0.486957,0.476103,0.489475,0.479023,0.491693,0.482381,0.493283,0.48589,0.494251,0.489172,0.494859,0.491822,0.495451,0.493507,0.49624,0.494064,0.497176,0.493563,0.497969,0.492269,0.498258,0.490537,0.497852,0.488693,0.496878,0.486984,0.495765,0.485621,0.495028,0.484887,0.495001,0.485194,0.49565,0.487021,0.496579,0.490703,0.497203,0.496148,0.49698,0.502661,0.495642,0.509035,0.49333,0.513908,0.490625,0.516235,0.488403,0.515619,0.487548,0.51236,0.488555,0.507161,0.491119,0.500653,0.493806,0.49291,0.493958,0.483165,0.487883,0.469858,0.471395,0.451072,0.44063,0.425418,0.392975,0.393716,0.32753,0.361761,0.242567,0.295007,0.176048
0.318211,0.256918,0.253197,0.342872,0.337531,0.386803,0.401628,0.425304,0.44547,0.455538,0.473162,0.476904,0.488249,0.49056,0.494284,0.498341,0.494696,0.502045,0.492435,0.503059,0.489693,0.502268,0.48779,0.50017,0.487238,0.497117,0.487943,0.493529,0.489505,0.490014,0.491493,0.487323,0.493618,0.486173,0.49574,0.487042,0.497752,0.49001,0.49945,0.494736,0.500488,0.500534,0.500453,0.506466,0.498964,0.511419,0.495887,0.514581,0.492043,0.516132,0.488991,0.516561,0.487955,0.516253,0.489463,0.51552,0.493323,0.514629,0.498759,0.513788,0.504688,0.513133,0.510024,0.512747,0.513921,0.512705,0.515888,0.513105,0.5158,0.514046,0.513853,0.515563,0.510493,0.517552,0.506329,0.519741,0.50203,0.52174,0.498195,0.523154,0.495237,0.523687,0.493304,0.523177,0.492282,0.521559,0.491862,0.518801,0.491674,0.51489,0.491426,0.509886,0.491003,0.504036,0.490509,0.497859,0.490228,0.492126,0.490537,0.487724,0.491787,0.485449,0.494192,0.485802,0.49774,0.488853,0.502152,0.494204,0.506923,0.501052,0.511445,0.508349,0.515182,0.515033,0.517829,0.520257,0.519371,0.523564,0.519999,0.524913,0.519943,0.524558,0.519303,0.52287,0.517998,0.520187,0.515857,0.516808,0.512796,0.513081,0.508956,0.509493,0.504733,0.506645,0.500667,0.505075,0.497288,0.50501,0.494996,0.506187,0.494028,0.507879,0.494482,0.509126,0.496342,0.509091,0.499468,0.507364,0.503568,0.504079,0.508189,0.499802,0.512772,0.495259,0.516762,0.491051,0.519715,0.487477,0.521368,0.484521,0.521616,0.481984,0.520455,0.479647,0.517912,0.47739,0.514039,0.475223,0.508964,0.47325,0.502973,0.471597,0.496568,0.470366,0.490441,0.469622,0.485339,0.469402,0.481879,0.469745,0.480366,0.470695,0.480704,0.472295,0.48243,0.474563,0.484869,0.477457,0.487348,0.480851,0.489391,0.484523,0.490838,0.488148,0.491828,0.491338,0.492672,0.493715,0.493654,0.495021,0.494856,0.495211,0.496099,0.49448,0.497044,0.493189,0.497395,0.491737,0.497104,0.490443,0.496433,0.489514,0.495838,0.489114,0.495712,0.489456,0.496159,0.490843,0.496919,0.49359,0.497495,0.497817,0.49737,0.503196,0.496211,0.50887,0.49403,0.513656,0.491261,0.51645,0.488685,0.51662,0.487212,0.514189,0.487533,0.509696,0.48972,0.503797,0.492868,0.496782,0.494886,0.488194,0.492543,0.476711,0.481818,0.460337,0.458531,0.436917,0.419055,0.40491,0.360607,0.364851,0.279246,0.328891,0.149892,0.563358
0.677734,0.16865,0.350844,0.295442,0.372808,0.371257,0.411247,0.424006,0.445092,0.459108,0.470599,0.480026,0.487843,0.49018,0.4983,0.493071,0.503806,0.49193,0.505986,0.489362,0.506,0.48713,0.504545,0.486122,0.502013,0.486484,0.498726,0.487894,0.495132,0.489872,0.491862,0.492032,0.489642,0.494185,0.489104,0.496266,0.490598,0.498189,0.494087,0.499735,0.499158,0.500562,0.505085,0.500253,0.510767,0.498229,0.514674,0.494307,0.516425,0.490209,0.516816,0.487652,0.516301,0.48754,0.515151,0.490023,0.513631,0.494592,0.512009,0.500285,0.510524,0.505982,0.509366,0.510683,0.508695,0.51369,0.508665,0.514674,0.509417,0.513654,0.51102,0.510945,0.513389,0.50708,0.516238,0.502722,0.519116,0.498543,0.521523,0.495096,0.523054,0.492701,0.523476,0.491393,0.522712,0.490943,0.520758,0.490963,0.517613,0.491049,0.513288,0.490928,0.507906,0.490541,0.501821,0.490065,0.495682,0.489849,0.490354,0.490308,0.486741,0.491787,0.485551,0.494449,0.487097,0.498191,0.491198,0.502638,0.497198,0.507233,0.504105,0.51139,0.510813,0.514674,0.516369,0.516904,0.520186,0.518142,0.52213,0.518555,0.522433,0.518255,0.5215,0.517197,0.519702,0.515227,0.517298,0.51224,0.514498,0.508349,0.511598,0.503957,0.509051,0.499675,0.507384,0.496144,0.506972,0.493855,0.5078,0.493062,0.509369,0.4938,0.510823,0.495954,0.511258,0.499316,0.510075,0.503596,0.507194,0.508414,0.503049,0.513296,0.498367,0.517731,0.49386,0.521251,0.489971,0.523501,0.486785,0.524268,0.484109,0.523465,0.48165,0.521088,0.479187,0.517195,0.476666,0.511929,0.474186,0.505571,0.471939,0.498592,0.47012,0.491649,0.468876,0.4855,0.468294,0.480842,0.468415,0.478127,0.469255,0.477435,0.470817,0.478452,0.473085,0.48058,0.476012,0.48312,0.479493,0.48549,0.483347,0.487372,0.487301,0.488761,0.490994,0.489894,0.494029,0.491072,0.496067,0.492482,0.496945,0.494069,0.496755,0.495563,0.495826,0.496629,0.49461,0.49708,0.493532,0.497008,0.492884,0.496756,0.49281,0.496723,0.493387,0.497107,0.494711,0.497757,0.496936,0.498256,0.500221,0.498133,0.504511,0.497052,0.509308,0.494944,0.513697,0.492118,0.516637,0.489244,0.517359,0.487202,0.515644,0.486791,0.511822,0.488361,0.506497,0.491452,0.5001,0.494521,0.492458,0.494875,0.482555,0.488868,0.468558,0.472368,0.448083,0.441386,0.418541,0.392485,0.37711,0.32226,0.31878,0.227509,0.206261,0.191803
0.179786,0.286642,0.25655,0.356877,0.340392,0.395193,0.400215,0.432354,0.442311,0.462208,0.469427,0.483514,0.484413,0.497209,0.490561,0.505003,0.491204,0.508662,0.489268,0.509614,0.486939,0.508816,0.485521,0.506804,0.485483,0.503895,0.486667,0.500408,0.488601,0.496816,0.490811,0.493762,0.493011,0.491937,0.495118,0.491887,0.497127,0.493862,0.498954,0.497754,0.500391,0.503148,0.501155,0.509296,0.500752,0.514546,0.497698,0.516606,0.492758,0.516888,0.488748,0.516259,0.486977,0.514889,0.487891,0.512942,0.491272,0.510683,0.496361,0.508424,0.502085,0.506463,0.507346,0.505065,0.511259,0.504468,0.51328,0.50487,0.513234,0.506393,0.511282,0.508991,0.507855,0.512389,0.503575,0.516092,0.499145,0.519503,0.495226,0.522084,0.492299,0.523491,0.490568,0.523599,0.489933,0.522426,0.490047,0.520019,0.490452,0.5164,0.490735,0.511618,0.490665,0.50588,0.490264,0.499666,0.489796,0.493742,0.489675,0.489032,0.490336,0.48639,0.492092,0.486363,0.49502,0.489021,0.498909,0.493911,0.503306,0.500152,0.507641,0.506643,0.511401,0.512339,0.514273,0.516514,0.516179,0.518907,0.517194,0.519697,0.517397,0.519315,0.516749,0.518202,0.515092,0.516646,0.512285,0.514785,0.508384,0.51274,0.503767,0.510768,0.499097,0.509281,0.495143,0.508701,0.492552,0.509209,0.491683,0.510553,0.492576,0.512057,0.495031,0.512846,0.498725,0.512186,0.503295,0.509789,0.508355,0.505906,0.513492,0.501196,0.518263,0.496437,0.522232,0.492218,0.525014,0.488765,0.526323,0.48595,0.525985,0.483443,0.523936,0.480924,0.520208,0.478233,0.51494,0.475418,0.508408,0.472684,0.501057,0.470299,0.49351,0.468505,0.486507,0.467466,0.480785,0.467266,0.476905,0.46792,0.475108,0.469408,0.475248,0.471682,0.47684,0.474673,0.479219,0.478276,0.481738,0.482334,0.483951,0.486612,0.485708,0.490785,0.487135,0.494452,0.488512,0.497218,0.490085,0.498806,0.491917,0.499183,0.493837,0.498595,0.495528,0.497508,0.496713,0.496452,0.497329,0.495854,0.497582,0.495944,0.497828,0.49677,0.498324,0.498272,0.49901,0.500373,0.499501,0.503082,0.499349,0.506469,0.49826,0.510358,0.496152,0.514149,0.49324,0.516965,0.490091,0.518,0.487527,0.516851,0.486389,0.513638,0.487218,0.508854,0.489899,0.502989,0.493377,0.496104,0.495502,0.487507,0.493112,0.475653,0.482359,0.45828,0.459255,0.432622,0.420201,0.395206,0.361932,0.33997,0.279549,0.253669,0.150092,0.184688
0.795406,0.209157,0.352999,0.314462,0.37552,0.376133,0.416626,0.423349,0.451294,0.456378,0.47712,0.476617,0.494611,0.48671,0.505253,0.489842,0.51083,0.489104,0.512977,0.487038,0.512923,0.485366,0.511435,0.484932,0.508926,0.485829,0.505662,0.487672,0.501971,0.489935,0.498354,0.492218,0.49546,0.494364,0.493937,0.496386,0.494262,0.498311,0.496618,0.500066,0.500901,0.501527,0.506803,0.502629,0.513585,0.502362,0.517103,0.496785,0.516843,0.491249,0.515994,0.487825,0.514546,0.487076,0.512405,0.489026,0.509724,0.493163,0.506827,0.498552,0.5041,0.504073,0.501923,0.508697,0.500638,0.511672,0.500532,0.512612,0.501795,0.511501,0.504441,0.50864,0.508233,0.50458,0.512665,0.500021,0.517055,0.495691,0.520727,0.492206,0.523189,0.489941,0.524222,0.488955,0.523831,0.489002,0.52212,0.489626,0.519172,0.490322,0.51503,0.490697,0.509801,0.490598,0.503797,0.49015,0.497625,0.489707,0.492139,0.489735,0.488259,0.490659,0.48672,0.492722,0.487844,0.495888,0.491426,0.499848,0.496756,0.504103,0.502794,0.508124,0.508442,0.51151,0.512837,0.514063,0.515562,0.515752,0.516697,0.516597,0.516671,0.516532,0.516003,0.515375,0.515069,0.512925,0.514013,0.509153,0.512842,0.504365,0.511611,0.49923,0.510553,0.494632,0.510028,0.49141,0.510324,0.490109,0.511413,0.490874,0.512842,0.493487,0.513848,0.497516,0.513647,0.502465,0.51177,0.507866,0.508265,0.513299,0.503661,0.518371,0.498739,0.522702,0.494207,0.525933,0.490454,0.527753,0.487466,0.527928,0.484934,0.526325,0.482463,0.522926,0.479774,0.517842,0.476817,0.511332,0.47376,0.503821,0.470907,0.495895,0.46858,0.488266,0.467036,0.481674,0.466429,0.476749,0.46681,0.473861,0.468159,0.473024,0.470408,0.473898,0.473461,0.475894,0.477199,0.478354,0.481469,0.480743,0.486064,0.482778,0.490688,0.484466,0.494959,0.486021,0.498446,0.487714,0.500777,0.489699,0.501778,0.491916,0.501576,0.494106,0.50059,0.495955,0.499416,0.49728,0.498632,0.498144,0.498629,0.498819,0.499543,0.499594,0.501276,0.500503,0.503562,0.501171,0.506105,0.501062,0.508871,0.499925,0.511942,0.497744,0.515051,0.4947,0.51755,0.491271,0.518687,0.488209,0.517947,0.486362,0.51526,0.486391,0.510974,0.488444,0.505577,0.491862,0.499293,0.494996,0.491725,0.495194,0.481668,0.489019,0.467147,0.472692,0.445605,0.442675,0.413921,0.396071,0.367229,0.330097,0.293307,0.240972,0.150037,0.203843
0.648919,0.227307,0.318273,0.341194,0.355233,0.39627,0.403261,0.437366,0.44107,0.468254,0.466564,0.490049,0.481107,0.504109,0.487393,0.512137,0.488481,0.515865,0.487147,0.516759,0.485489,0.515853,0.484751,0.51375,0.485343,0.510765,0.487051,0.507137,0.489357,0.503213,0.491765,0.499525,0.494001,0.496722,0.496035,0.49542,0.497951,0.496041,0.499792,0.498753,0.501536,0.503551,0.503344,0.510581,0.506004,0.519494,0.503047,0.517102,0.495161,0.515455,0.490021,0.513948,0.487613,0.511833,0.487997,0.508996,0.490901,0.505677,0.495596,0.502303,0.501036,0.499357,0.506116,0.497304,0.509904,0.496541,0.5118,0.497355,0.511585,0.499844,0.509407,0.503834,0.505713,0.508842,0.501166,0.514134,0.496524,0.518906,0.492505,0.522494,0.489639,0.524533,0.488157,0.524966,0.487953,0.52393,0.488636,0.521591,0.489664,0.518056,0.49052,0.5134,0.490877,0.507805,0.490687,0.501697,0.49019,0.495791,0.489821,0.49098,0.490066,0.488111,0.491301,0.487731,0.493663,0.489895,0.497003,0.49412,0.500938,0.499492,0.504977,0.50491,0.508684,0.509398,0.511776,0.51237,0.514131,0.51376,0.515697,0.513942,0.516363,0.513494,0.515902,0.512909,0.514037,0.512413,0.510617,0.511983,0.505829,0.511521,0.500284,0.511052,0.494933,0.510792,0.4908,0.511033,0.48868,0.511906,0.488921,0.513185,0.491393,0.514279,0.495613,0.514439,0.500944,0.513075,0.506776,0.510033,0.5126,0.505673,0.518014,0.50071,0.522684,0.495927,0.526303,0.491864,0.528581,0.48866,0.529268,0.486084,0.528177,0.483712,0.525232,0.481158,0.520497,0.478247,0.514197,0.475065,0.506731,0.4719,0.498654,0.469124,0.490641,0.467084,0.483416,0.466021,0.477635,0.466052,0.473757,0.467184,0.471934,0.469348,0.471976,0.472428,0.473403,0.476284,0.475596,0.480756,0.477973,0.485645,0.480151,0.490684,0.482015,0.495515,0.483696,0.499697,0.485451,0.502791,0.487497,0.504489,0.489876,0.504766,0.492415,0.503936,0.494813,0.502598,0.496804,0.50145,0.498318,0.501076,0.499521,0.501795,0.500696,0.503608,0.501986,0.506211,0.503096,0.50901,0.503273,0.511519,0.502119,0.513934,0.499806,0.516366,0.496579,0.51844,0.49285,0.51952,0.489295,0.519045,0.486748,0.516797,0.485949,0.512968,0.487237,0.507988,0.49027,0.502182,0.493826,0.495401,0.495736,0.486768,0.493013,0.474646,0.482199,0.456801,0.459906,0.430639,0.423453,0.393019,0.371242,0.33798,0.301042,0.245182,0.181781,0.0513155
0.03587,0.251712,0.281753,0.335582,0.3696,0.382904,0.420107,0.423858,0.456651,0.454183,0.483143,0.473425,0.501125,0.483426,0.512162,0.486967,0.517961,0.486908,0.520137,0.485642,0.519972,0.48479,0.518317,0.485123,0.515635,0.486672,0.512167,0.489007,0.508144,0.491573,0.503947,0.493971,0.500138,0.496075,0.497372,0.497964,0.496238,0.499759,0.497129,0.501512,0.500232,0.503332,0.505812,0.506174,0.516071,0.518125,0.519233,0.500568,0.514656,0.493369,0.512937,0.489405,0.511028,0.488222,0.508317,0.489716,0.504861,0.493409,0.501048,0.498415,0.497429,0.503643,0.494586,0.508041,0.493051,0.510809,0.493231,0.511512,0.495337,0.510114,0.499289,0.50693,0.504663,0.502549,0.510715,0.497728,0.516539,0.493247,0.521297,0.489765,0.524437,0.487681,0.525778,0.487053,0.525439,0.487602,0.523664,0.488812,0.520663,0.490094,0.516556,0.490969,0.511462,0.491211,0.505652,0.490903,0.499662,0.490393,0.494275,0.490169,0.490361,0.490694,0.488625,0.492254,0.48937,0.494865,0.492371,0.498282,0.496899,0.502101,0.501919,0.505897,0.506383,0.50935,0.509542,0.512273,0.511148,0.514555,0.511462,0.516037,0.511069,0.516439,0.510572,0.515393,0.510337,0.512605,0.510398,0.508091,0.510584,0.502334,0.510738,0.496271,0.510886,0.49107,0.511233,0.48779,0.511978,0.48707,0.513086,0.48898,0.514167,0.49309,0.514576,0.498672,0.513677,0.504948,0.511147,0.511256,0.507152,0.517107,0.502291,0.522161,0.497354,0.526155,0.493008,0.528852,0.489558,0.530023,0.486897,0.529465,0.484627,0.527054,0.482291,0.522797,0.479586,0.516872,0.476478,0.50964,0.473192,0.501624,0.470111,0.493467,0.467646,0.485862,0.466127,0.479462,0.465757,0.474773,0.466597,0.472049,0.468601,0.471232,0.471649,0.471971,0.475582,0.473719,0.480221,0.475896,0.485364,0.478052,0.490764,0.479969,0.496089,0.481688,0.500915,0.483425,0.50476,0.485429,0.507213,0.48783,0.508083,0.490555,0.507533,0.493347,0.506088,0.495905,0.504502,0.498047,0.503536,0.499818,0.503737,0.501454,0.505315,0.503195,0.508109,0.504955,0.511488,0.505897,0.514265,0.504915,0.516218,0.502419,0.518011,0.49895,0.519616,0.494898,0.520539,0.490852,0.520222,0.487607,0.518338,0.485953,0.514928,0.486382,0.510333,0.488805,0.504921,0.492349,0.498729,0.49527,0.491179,0.495019,0.480964,0.488499,0.466169,0.472522,0.444596,0.444468,0.414156,0.403117,0.372997,0.34981,0.317947,0.291672,0.212837,0.372666
0.534636,0.222126,0.325475,0.342243,0.362528,0.400496,0.40501,0.442441,0.439503,0.473693,0.463448,0.495924,0.47757,0.51047,0.48414,0.518881,0.485928,0.522785,0.485507,0.523646,0.484829,0.522565,0.485027,0.520225,0.486436,0.51697,0.488789,0.512992,0.491538,0.508537,0.494176,0.504028,0.496446,0.500066,0.498364,0.497314,0.500082,0.496338,0.501722,0.497505,0.503338,0.501007,0.505136,0.507121,0.507897,0.515528,0.505095,0.512961,0.497328,0.511313,0.492184,0.50979,0.489601,0.507488,0.489651,0.504218,0.492126,0.500254,0.496379,0.49615,0.501423,0.492581,0.506169,0.490214,0.509661,0.489603,0.511256,0.491098,0.510708,0.494748,0.508168,0.500224,0.504118,0.50682,0.499274,0.513572,0.494445,0.519487,0.490386,0.523807,0.487646,0.526166,0.486453,0.526599,0.486675,0.525385,0.487875,0.522845,0.48945,0.519208,0.490816,0.51461,0.491581,0.509226,0.491653,0.503418,0.491245,0.497805,0.490789,0.49319,0.490783,0.49035,0.491622,0.489789,0.493472,0.491536,0.49624,0.495099,0.49963,0.499573,0.503277,0.503902,0.506863,0.507203,0.510179,0.509028,0.513077,0.509472,0.515368,0.509057,0.516729,0.50846,0.516701,0.508196,0.514836,0.508435,0.510938,0.509028,0.50529,0.509701,0.498723,0.510295,0.492467,0.510863,0.487816,0.511582,0.485736,0.512541,0.486609,0.513545,0.49018,0.514099,0.495728,0.513588,0.502339,0.511577,0.50916,0.508041,0.515547,0.503422,0.521078,0.498458,0.525495,0.493894,0.528609,0.490194,0.530239,0.487403,0.530205,0.485206,0.528363,0.48312,0.524672,0.480733,0.519253,0.477877,0.512417,0.474675,0.504651,0.47147,0.496566,0.468704,0.488825,0.466785,0.482061,0.466003,0.476793,0.466497,0.473333,0.468267,0.471728,0.471209,0.471745,0.475154,0.472933,0.479906,0.474752,0.485248,0.476721,0.490938,0.47855,0.496673,0.480192,0.502056,0.481808,0.506602,0.483655,0.509825,0.485932,0.51139,0.488664,0.511279,0.49167,0.509872,0.494648,0.507897,0.497339,0.50623,0.499665,0.505642,0.501774,0.506602,0.503944,0.509209,0.506348,0.513125,0.508534,0.517014,0.508433,0.518793,0.505687,0.519915,0.50187,0.521013,0.49747,0.521725,0.492945,0.521501,0.48901,0.519929,0.486481,0.516919,0.485973,0.512699,0.487613,0.50763,0.490821,0.501885,0.494214,0.495135,0.495634,0.486383,0.492342,0.474005,0.481384,0.456048,0.460154,0.430804,0.427193,0.397733,0.383635,0.359791,0.33648,0.342565,0.263678,0.774267
0.742622,0.250758,0.348716,0.338966,0.38272,0.384322,0.426523,0.422537,0.46181,0.451055,0.488279,0.469545,0.50668,0.479626,0.518209,0.483816,0.524358,0.48474,0.526647,0.484599,0.526381,0.484869,0.524486,0.486211,0.521494,0.48859,0.517653,0.491536,0.513133,0.494481,0.508214,0.497032,0.503376,0.499091,0.499263,0.500784,0.496543,0.502292,0.495751,0.503701,0.497189,0.505014,0.500887,0.506205,0.506272,0.506202,0.509147,0.500912,0.508756,0.495501,0.507929,0.4919,0.506305,0.490634,0.503552,0.491807,0.499778,0.495059,0.495467,0.499601,0.491334,0.504397,0.488161,0.508405,0.486658,0.510803,0.487338,0.511132,0.49041,0.50935,0.495685,0.505795,0.502541,0.501103,0.510011,0.496075,0.516991,0.491529,0.522516,0.488135,0.526,0.486284,0.527319,0.48601,0.52672,0.486995,0.524608,0.488681,0.521346,0.49043,0.517165,0.491722,0.512226,0.492291,0.506763,0.492186,0.501218,0.491735,0.496256,0.491413,0.492634,0.491675,0.490978,0.492812,0.491546,0.49487,0.494093,0.49768,0.497907,0.500961,0.501995,0.504437,0.505391,0.507911,0.507462,0.511239,0.508095,0.514232,0.507679,0.516545,0.506895,0.517653,0.506386,0.516958,0.506495,0.514035,0.507183,0.508903,0.508155,0.502191,0.509111,0.495084,0.509932,0.48903,0.510704,0.485318,0.511559,0.484706,0.512455,0.487244,0.513064,0.49234,0.512855,0.499029,0.511333,0.506284,0.508314,0.513254,0.50406,0.519367,0.499208,0.524299,0.494523,0.527873,0.490597,0.529965,0.487645,0.530441,0.485472,0.529173,0.483623,0.526093,0.481616,0.521268,0.479152,0.514955,0.476223,0.507595,0.473095,0.499766,0.470196,0.492104,0.467983,0.485221,0.466828,0.479624,0.466955,0.47565,0.468432,0.473409,0.471192,0.472764,0.475073,0.473362,0.479866,0.474722,0.485336,0.476373,0.491236,0.477978,0.49728,0.479419,0.503106,0.4808,0.508255,0.482367,0.51221,0.484369,0.514527,0.486923,0.515005,0.48994,0.513837,0.493157,0.511633,0.496266,0.509295,0.499083,0.507766,0.501642,0.507775,0.50418,0.509702,0.507022,0.513608,0.510352,0.519017,0.512892,0.521979,0.509849,0.522107,0.505395,0.52255,0.500582,0.523009,0.495608,0.522847,0.491022,0.52157,0.487617,0.518962,0.486111,0.515132,0.486823,0.510395,0.489438,0.505006,0.492882,0.498846,0.495339,0.491194,0.494396,0.480695,0.487343,0.465577,0.471628,0.444164,0.445481,0.415848,0.408869,0.382928,0.366612,0.353409,0.358807,0.293563,0.989697
0.59341,0.274615,0.325311,0.366114,0.361504,0.410299,0.403176,0.447983,0.436176,0.478179,0.459163,0.500518,0.473129,0.515562,0.480224,0.52447,0.483,0.528674,0.483814,0.52958,0.484429,0.528335,0.485839,0.525697,0.488282,0.522063,0.491439,0.517616,0.494741,0.512529,0.497682,0.507139,0.500022,0.501992,0.501808,0.497773,0.503237,0.495143,0.504466,0.494575,0.505507,0.496221,0.50621,0.499714,0.506068,0.50349,0.503433,0.505032,0.498812,0.505293,0.494771,0.504597,0.492478,0.50266,0.492409,0.49943,0.494526,0.495257,0.498302,0.490819,0.502846,0.48697,0.507116,0.484558,0.510166,0.484276,0.511344,0.486518,0.510395,0.491271,0.507485,0.498052,0.50313,0.505949,0.498082,0.513802,0.493181,0.520478,0.48919,0.525151,0.486645,0.527483,0.485746,0.527605,0.486327,0.525944,0.487916,0.52299,0.489885,0.519116,0.491625,0.514551,0.492723,0.509481,0.493062,0.504198,0.492824,0.499198,0.492411,0.495139,0.492287,0.492677,0.492822,0.492231,0.494186,0.493796,0.496333,0.496884,0.499081,0.500635,0.502219,0.504072,0.505594,0.506413,0.509101,0.507326,0.512587,0.507011,0.515732,0.506069,0.517979,0.505213,0.518612,0.504955,0.516978,0.505425,0.512796,0.506404,0.506406,0.50753,0.498827,0.508538,0.491547,0.509383,0.486117,0.510168,0.483691,0.510946,0.484713,0.511546,0.488862,0.511549,0.49524,0.510463,0.502711,0.507981,0.510217,0.504188,0.516975,0.49958,0.522524,0.49489,0.526644,0.490795,0.529236,0.487668,0.530223,0.485466,0.52952,0.48381,0.527061,0.482194,0.52288,0.48021,0.517177,0.477715,0.51034,0.474858,0.502911,0.472017,0.495504,0.46966,0.488711,0.468219,0.483023,0.468001,0.478775,0.469154,0.476107,0.471666,0.474942,0.475405,0.475006,0.480159,0.475889,0.485678,0.477146,0.491699,0.478426,0.497944,0.479561,0.504083,0.4806,0.509699,0.481767,0.51429,0.483346,0.517347,0.485538,0.518521,0.488356,0.517796,0.491602,0.515598,0.494961,0.512753,0.498161,0.510286,0.501115,0.509143,0.503963,0.509972,0.507024,0.513116,0.510794,0.518932,0.516051,0.527219,0.515769,0.524923,0.509623,0.524175,0.5042,0.524286,0.498822,0.52418,0.49367,0.523208,0.489436,0.521032,0.486901,0.517634,0.486566,0.513254,0.488366,0.508185,0.491517,0.502469,0.494503,0.495638,0.495201,0.486598,0.491133,0.473742,0.47984,0.455342,0.459383,0.430337,0.428899,0.399823,0.388976,0.3703,0.339949,0.367911,0.240663,0.756118
0.518007,0.234072,0.359598,0.331993,0.395416,0.380999,0.432982,0.418779,0.465829,0.446333,0.49186,0.464439,0.510631,0.474864,0.522743,0.479978,0.529375,0.482187,0.531906,0.483478,0.531623,0.485146,0.529511,0.48773,0.526175,0.491118,0.5219,0.494807,0.516831,0.498226,0.511175,0.500992,0.505343,0.503028,0.499954,0.504493,0.49572,0.505601,0.493271,0.50645,0.492965,0.50694,0.494714,0.50674,0.497733,0.505157,0.500397,0.501728,0.501866,0.497829,0.502262,0.494908,0.501368,0.493792,0.499002,0.494768,0.495332,0.497607,0.490927,0.501633,0.486637,0.505892,0.483411,0.509392,0.482107,0.511325,0.483324,0.511236,0.487255,0.509091,0.4936,0.505251,0.50157,0.500376,0.510014,0.49529,0.517683,0.490811,0.523534,0.487593,0.526977,0.485995,0.527952,0.486012,0.526827,0.487302,0.524168,0.489289,0.5205,0.491336,0.516188,0.49292,0.511455,0.493765,0.506512,0.493898,0.501694,0.493604,0.497512,0.493303,0.494565,0.493401,0.493348,0.494156,0.494048,0.495631,0.496407,0.497744,0.499748,0.500362,0.503157,0.503394,0.505769,0.506797,0.507055,0.510497,0.506988,0.51424,0.506018,0.517496,0.504843,0.519482,0.504099,0.519351,0.504105,0.516514,0.50479,0.510957,0.505825,0.503418,0.50686,0.495292,0.507722,0.488278,0.508437,0.483888,0.50909,0.483013,0.509629,0.485715,0.509763,0.491306,0.509043,0.498646,0.507087,0.506513,0.50382,0.513899,0.499574,0.520141,0.494999,0.524904,0.490812,0.528066,0.487518,0.52959,0.48524,0.529447,0.483714,0.527602,0.482456,0.524079,0.480989,0.519033,0.479038,0.512798,0.476625,0.505874,0.474034,0.498851,0.471709,0.492309,0.470112,0.486728,0.469618,0.482433,0.470454,0.479565,0.472678,0.478076,0.476205,0.477742,0.480839,0.47821,0.486322,0.479075,0.492376,0.479988,0.498715,0.48075,0.505033,0.481367,0.51096,0.482038,0.516038,0.483066,0.51975,0.484726,0.521649,0.487135,0.52153,0.490189,0.519598,0.4936,0.516509,0.497037,0.513259,0.500299,0.510936,0.503406,0.510426,0.506579,0.512271,0.510238,0.516919,0.515485,0.526661,0.530124,0.529812,0.514754,0.525845,0.508201,0.525423,0.502484,0.525379,0.496912,0.524748,0.491966,0.523054,0.488434,0.520155,0.486976,0.516195,0.487772,0.511458,0.490327,0.506106,0.493415,0.499893,0.495176,0.491986,0.493343,0.48097,0.485565,0.465099,0.469835,0.442863,0.444955,0.414027,0.410725,0.38157,0.365758,0.354016,0.286274,0.294645,0.000320828
0.388387,0.300685,0.301376,0.382505,0.355858,0.417644,0.398956,0.451561,0.431081,0.480715,0.453452,0.503213,0.467532,0.518855,0.47542,0.528393,0.479466,0.533044,0.481794,0.534132,0.483963,0.532817,0.486804,0.529927,0.490455,0.525922,0.494547,0.521006,0.4985,0.515318,0.501815,0.509128,0.50427,0.502932,0.505932,0.497416,0.507026,0.4933,0.50774,0.49114,0.508087,0.49113,0.507866,0.492929,0.506689,0.495562,0.504177,0.497872,0.500763,0.499327,0.497616,0.499578,0.495737,0.498305,0.495685,0.495474,0.497525,0.491472,0.500839,0.487064,0.504836,0.48323,0.508554,0.480962,0.511095,0.481051,0.51183,0.483918,0.510522,0.489486,0.507351,0.49714,0.502847,0.505817,0.497771,0.514222,0.492956,0.521139,0.489142,0.525723,0.486826,0.527674,0.48617,0.527212,0.48698,0.524901,0.488778,0.521386,0.490946,0.517199,0.492901,0.512678,0.49424,0.508038,0.494836,0.503508,0.494831,0.499439,0.494561,0.496311,0.494416,0.494608,0.494701,0.494631,0.495568,0.496325,0.497021,0.499221,0.499003,0.502531,0.501491,0.505381,0.504521,0.507098,0.508117,0.507431,0.512139,0.506623,0.516147,0.505273,0.51936,0.504064,0.520799,0.503478,0.519594,0.503627,0.515351,0.504298,0.50843,0.50514,0.499995,0.505889,0.491751,0.50648,0.485472,0.506981,0.482487,0.507413,0.483321,0.507603,0.487626,0.507173,0.494393,0.50571,0.502326,0.503001,0.510211,0.499211,0.517152,0.494868,0.522635,0.490678,0.526451,0.487246,0.528564,0.484853,0.528991,0.483383,0.527748,0.482417,0.524873,0.481451,0.520498,0.480104,0.514908,0.478263,0.508555,0.476098,0.502002,0.47399,0.495821,0.472397,0.490491,0.471737,0.486331,0.472307,0.483474,0.474239,0.481875,0.477506,0.481329,0.481948,0.481517,0.487315,0.482068,0.493315,0.482642,0.499649,0.483025,0.506018,0.483189,0.512096,0.483308,0.517483,0.483694,0.521702,0.484682,0.524267,0.486494,0.524836,0.489138,0.523395,0.492389,0.520371,0.495892,0.516618,0.499344,0.513253,0.502642,0.511353,0.505898,0.511674,0.509366,0.5146,0.513453,0.520446,0.518861,0.528912,0.518529,0.526818,0.512148,0.52619,0.506373,0.52629,0.500619,0.526062,0.495164,0.52492,0.490755,0.522606,0.488167,0.519155,0.487821,0.514807,0.489515,0.509796,0.492324,0.504069,0.494655,0.497047,0.494436,0.487542,0.489423,0.473879,0.477575,0.454264,0.4575,0.427457,0.428854,0.393938,0.39219,0.358497,0.345435,0.346941,0.240228,0.758825
0.916855,0.219841,0.397965,0.327385,0.403276,0.377257,0.435639,0.413642,0.467136,0.440187,0.493193,0.458112,0.512556,0.469136,0.525402,0.475436,0.532663,0.479182,0.535587,0.482129,0.535429,0.485383,0.533212,0.489351,0.529609,0.493852,0.524959,0.498362,0.519415,0.502313,0.513144,0.50534,0.506501,0.507379,0.500072,0.508609,0.49459,0.509274,0.490751,0.509508,0.488998,0.509248,0.489337,0.508261,0.491235,0.506288,0.493742,0.503405,0.495971,0.500325,0.497295,0.497984,0.497212,0.497101,0.495468,0.497988,0.492218,0.50049,0.488061,0.504025,0.483927,0.507735,0.480872,0.5107,0.479852,0.512166,0.481511,0.511712,0.486017,0.509322,0.492982,0.505368,0.501493,0.500508,0.510291,0.495543,0.518054,0.491261,0.523719,0.48827,0.526717,0.486885,0.527054,0.487072,0.525199,0.488485,0.521853,0.49057,0.517699,0.492731,0.513239,0.494482,0.50878,0.495559,0.504521,0.495959,0.500692,0.4959,0.497623,0.495712,0.495715,0.495707,0.495298,0.496089,0.496456,0.496931,0.498919,0.498241,0.502068,0.500057,0.505093,0.502491,0.507248,0.505674,0.508096,0.509615,0.507652,0.514016,0.506346,0.51818,0.50482,0.521084,0.503653,0.52164,0.503138,0.519083,0.503224,0.513345,0.503638,0.505229,0.504094,0.496289,0.504454,0.488426,0.504742,0.483337,0.505015,0.482031,0.505189,0.484605,0.50497,0.490319,0.503945,0.497923,0.501801,0.506064,0.498536,0.513616,0.494531,0.519842,0.490433,0.524383,0.486907,0.527149,0.484376,0.528175,0.482883,0.527526,0.482119,0.525279,0.481594,0.521564,0.480854,0.516629,0.479662,0.51088,0.478063,0.504846,0.476344,0.49909,0.474926,0.494099,0.474244,0.490199,0.474642,0.487518,0.476318,0.486002,0.47931,0.485443,0.483508,0.485532,0.488688,0.48591,0.494555,0.486244,0.500797,0.48631,0.507109,0.486054,0.513191,0.485622,0.518704,0.485328,0.523239,0.485553,0.52633,0.486618,0.527566,0.488652,0.526758,0.491534,0.524092,0.494925,0.520191,0.498431,0.516063,0.501828,0.512889,0.505129,0.511657,0.508484,0.512901,0.51206,0.516674,0.515864,0.522343,0.518505,0.525724,0.515167,0.526186,0.510111,0.526723,0.504556,0.527008,0.498893,0.5265,0.493828,0.524864,0.490208,0.52203,0.48866,0.518164,0.489282,0.513526,0.491472,0.508212,0.493924,0.501889,0.49478,0.493627,0.491904,0.481911,0.48323,0.464852,0.467184,0.440618,0.443152,0.408042,0.411996,0.367403,0.37755,0.320462,0.369776,0.234257,0.927942
0.417917,0.298227,0.310732,0.38297,0.355976,0.417568,0.394674,0.451057,0.424827,0.480482,0.446585,0.503668,0.461008,0.520139,0.469939,0.53045,0.475479,0.535687,0.479509,0.537107,0.483369,0.53587,0.487733,0.532857,0.492646,0.528595,0.497706,0.523329,0.502333,0.517196,0.506045,0.510423,0.508633,0.50346,0.510177,0.496976,0.510923,0.491725,0.511098,0.488336,0.510776,0.487109,0.50986,0.487868,0.50818,0.489967,0.505712,0.492509,0.502836,0.494653,0.500283,0.495694,0.498796,0.49515,0.498856,0.492921,0.500538,0.489376,0.503487,0.485305,0.507,0.481751,0.5102,0.479772,0.512265,0.480204,0.512623,0.483465,0.511075,0.489422,0.507814,0.497373,0.503365,0.506172,0.498457,0.514473,0.493877,0.521052,0.490308,0.525088,0.488199,0.526329,0.487674,0.525068,0.488535,0.521972,0.490333,0.517822,0.492507,0.513296,0.494529,0.508852,0.496035,0.50475,0.496887,0.501163,0.497173,0.498293,0.497127,0.496412,0.497027,0.495799,0.497091,0.496601,0.497436,0.498699,0.498119,0.501653,0.499221,0.504774,0.500914,0.507319,0.503432,0.508729,0.506937,0.50881,0.511319,0.507786,0.516041,0.506179,0.520133,0.50458,0.522384,0.50341,0.52172,0.502792,0.51763,0.502589,0.510466,0.502561,0.501483,0.502544,0.49254,0.502525,0.48558,0.502565,0.482064,0.502647,0.482586,0.502556,0.486796,0.501904,0.493624,0.500309,0.501682,0.497615,0.509654,0.49404,0.516567,0.490131,0.521864,0.486566,0.52534,0.483887,0.527004,0.482298,0.526955,0.48163,0.525314,0.481448,0.522231,0.481267,0.517939,0.480746,0.5128,0.479801,0.507304,0.478612,0.502001,0.477534,0.497388,0.476986,0.493811,0.477337,0.491408,0.478835,0.490121,0.481579,0.489727,0.485514,0.489905,0.490455,0.490289,0.496124,0.490539,0.5022,0.490415,0.508368,0.489836,0.514334,0.488921,0.519808,0.487976,0.524455,0.487412,0.527877,0.487634,0.52966,0.488899,0.529511,0.491217,0.527416,0.49432,0.523734,0.497757,0.51923,0.501149,0.515036,0.504416,0.512347,0.507668,0.511957,0.510997,0.514064,0.514312,0.518186,0.51693,0.522669,0.516675,0.525051,0.513244,0.526477,0.508406,0.527446,0.502925,0.527665,0.497526,0.526799,0.493084,0.524692,0.490386,0.521423,0.489812,0.517231,0.491096,0.512315,0.493257,0.50656,0.494691,0.499313,0.493398,0.489292,0.487307,0.474679,0.474665,0.453388,0.454495,0.423427,0.427151,0.383141,0.395111,0.3307,0.363548,0.263884,0.29278,0.294481
0.46831,0.261231,0.36028,0.338534,0.396395,0.375428,0.432135,0.407744,0.464911,0.433029,0.492038,0.450987,0.512398,0.462866,0.526142,0.470564,0.534139,0.475995,0.537578,0.480683,0.537689,0.485552,0.535518,0.490892,0.531799,0.496472,0.526931,0.501767,0.521097,0.506226,0.514452,0.5095,0.507306,0.511536,0.500208,0.512524,0.493886,0.512736,0.489077,0.512363,0.486309,0.511442,0.485715,0.509897,0.486958,0.507695,0.489314,0.505033,0.491891,0.502429,0.493831,0.500546,0.494446,0.499942,0.493381,0.50087,0.490737,0.503187,0.487097,0.50637,0.483401,0.509639,0.480729,0.512158,0.480055,0.513247,0.482017,0.512544,0.486746,0.510073,0.493796,0.506202,0.502199,0.501555,0.510671,0.496874,0.517903,0.492877,0.522871,0.490109,0.525056,0.488841,0.52452,0.48903,0.521802,0.490359,0.517705,0.492341,0.513043,0.494455,0.508454,0.496276,0.504334,0.49756,0.500886,0.498262,0.498236,0.498507,0.496525,0.498498,0.495927,0.498434,0.49657,0.498445,0.49842,0.498615,0.501187,0.499049,0.504329,0.499955,0.507175,0.501643,0.509119,0.504417,0.509811,0.508373,0.50927,0.513192,0.507844,0.518052,0.506055,0.521739,0.504374,0.522965,0.503067,0.520817,0.50215,0.515158,0.501486,0.506814,0.500943,0.497435,0.500496,0.48905,0.500211,0.483474,0.500113,0.481799,0.50006,0.484148,0.499704,0.48976,0.498621,0.497332,0.496522,0.505441,0.493454,0.512897,0.489829,0.518917,0.486295,0.523131,0.483474,0.525472,0.481727,0.526038,0.48104,0.524987,0.481079,0.522504,0.481363,0.518824,0.481477,0.51428,0.481221,0.509322,0.480656,0.504476,0.480054,0.500245,0.47979,0.497003,0.480235,0.494917,0.481666,0.493938,0.484227,0.493836,0.487917,0.494266,0.492598,0.494839,0.498023,0.49519,0.503879,0.49505,0.509838,0.494304,0.515603,0.493039,0.520907,0.49154,0.525484,0.490235,0.529019,0.489592,0.531155,0.489984,0.531572,0.49157,0.530129,0.494218,0.526966,0.497487,0.522535,0.500809,0.517702,0.50394,0.513756,0.507009,0.511809,0.510138,0.512347,0.513248,0.515141,0.5159,0.519212,0.517022,0.522879,0.515473,0.525443,0.511834,0.527271,0.506966,0.52831,0.501624,0.52829,0.496679,0.527008,0.493013,0.524453,0.491236,0.52081,0.491416,0.516325,0.492928,0.511061,0.494471,0.504637,0.494239,0.496056,0.490203,0.483693,0.480467,0.46545,0.463684,0.43901,0.439573,0.40199,0.409631,0.351324,0.378166,0.279408,0.354898,0.151533,0.53343
0.831528,0.288262,0.350886,0.371898,0.357906,0.409873,0.389389,0.446145,0.417577,0.477468,0.439076,0.502009,0.45416,0.519533,0.464353,0.530693,0.47151,0.536579,0.477275,0.53843,0.482788,0.537407,0.488587,0.534429,0.494649,0.530086,0.500563,0.524676,0.50577,0.518351,0.509813,0.511317,0.512493,0.503978,0.513895,0.49697,0.514278,0.491049,0.513912,0.486892,0.512955,0.484888,0.511441,0.484996,0.509371,0.486734,0.506866,0.489307,0.504277,0.491802,0.502152,0.493386,0.501047,0.493476,0.501328,0.491908,0.503028,0.489008,0.50581,0.485542,0.509024,0.482526,0.511865,0.480993,0.513586,0.481743,0.513693,0.485155,0.512052,0.491054,0.508882,0.498709,0.504679,0.50697,0.500107,0.51453,0.495867,0.520229,0.492563,0.523315,0.490585,0.523589,0.49004,0.521395,0.490755,0.517463,0.492352,0.512675,0.494359,0.507833,0.496336,0.503512,0.497963,0.500026,0.499088,0.497503,0.499716,0.495994,0.499957,0.495547,0.499953,0.496211,0.499819,0.497957,0.499642,0.50059,0.49953,0.503708,0.4997,0.50675,0.500504,0.509135,0.502356,0.510432,0.505543,0.510492,0.509995,0.509476,0.515121,0.507773,0.519818,0.505827,0.522715,0.503975,0.522585,0.502368,0.518817,0.500998,0.511733,0.499814,0.502622,0.498822,0.493416,0.498103,0.486142,0.497727,0.482328,0.497613,0.482604,0.497464,0.486623,0.496836,0.493295,0.495335,0.501191,0.492834,0.508961,0.489589,0.515598,0.486167,0.520532,0.483232,0.523571,0.481279,0.524768,0.480464,0.5243,0.480582,0.522387,0.481203,0.519282,0.481869,0.515305,0.48228,0.510868,0.48238,0.506467,0.482344,0.502602,0.482488,0.499674,0.483161,0.497891,0.484649,0.497236,0.487125,0.497484,0.490627,0.498275,0.495063,0.499189,0.500226,0.499823,0.505826,0.499862,0.511536,0.499146,0.517047,0.497716,0.522096,0.495824,0.526462,0.493897,0.529912,0.492444,0.532175,0.491933,0.532969,0.492669,0.53211,0.494694,0.529615,0.497697,0.525693,0.500983,0.520737,0.503921,0.515832,0.506663,0.51245,0.509494,0.511456,0.512412,0.512923,0.515099,0.516227,0.516872,0.520197,0.516804,0.523705,0.514587,0.526455,0.510706,0.528373,0.505833,0.52925,0.50078,0.528863,0.496447,0.527124,0.493603,0.524141,0.492605,0.520157,0.493194,0.515358,0.494421,0.509607,0.494743,0.502215,0.49225,0.491834,0.484971,0.476517,0.471251,0.453903,0.450194,0.421414,0.422257,0.376085,0.390195,0.312794,0.359488,0.215953,0.288508,0.046636
0.886009,0.260793,0.371453,0.33587,0.384411,0.369489,0.423596,0.400269,0.45964,0.425285,0.488788,0.443791,0.51046,0.4568,0.525154,0.466007,0.533879,0.473114,0.537857,0.479441,0.538315,0.485757,0.53632,0.492269,0.532652,0.498727,0.527771,0.50463,0.521902,0.509458,0.515203,0.512883,0.507949,0.514856,0.50064,0.515565,0.493974,0.515306,0.488691,0.514333,0.485366,0.512791,0.48422,0.510752,0.485034,0.508319,0.487197,0.505747,0.489853,0.503468,0.492099,0.501993,0.493192,0.50174,0.492728,0.502876,0.490771,0.505234,0.487859,0.508309,0.484875,0.51137,0.482822,0.513635,0.482585,0.514497,0.484732,0.513686,0.489355,0.511287,0.495991,0.507672,0.50369,0.503403,0.511227,0.499127,0.517386,0.49546,0.52124,0.492869,0.522344,0.491592,0.520799,0.491603,0.517184,0.492653,0.512359,0.494356,0.507238,0.496299,0.502573,0.498129,0.498849,0.499615,0.496278,0.500654,0.494889,0.501253,0.494631,0.501475,0.495437,0.501389,0.497219,0.501059,0.499807,0.50058,0.502894,0.500151,0.50604,0.500129,0.50874,0.500991,0.510553,0.50318,0.511229,0.50687,0.510768,0.511746,0.509399,0.516922,0.507469,0.521078,0.505315,0.522806,0.503166,0.521095,0.501132,0.515745,0.499264,0.507568,0.497639,0.498229,0.496388,0.48979,0.495628,0.4841,0.495345,0.482271,0.495299,0.484434,0.495052,0.489825,0.494127,0.497131,0.492237,0.50492,0.48946,0.511995,0.486245,0.517572,0.483247,0.521295,0.481067,0.523133,0.480027,0.523245,0.480082,0.521878,0.480886,0.519311,0.48198,0.515865,0.482986,0.511926,0.483739,0.507953,0.484309,0.504431,0.484942,0.501779,0.48595,0.500252,0.487612,0.49988,0.490111,0.50047,0.49351,0.501663,0.49775,0.503014,0.502666,0.504076,0.508,0.50448,0.513443,0.504004,0.518676,0.502628,0.523431,0.500554,0.527501,0.498188,0.530715,0.496054,0.532893,0.49469,0.533832,0.494524,0.533368,0.495774,0.53149,0.498358,0.528341,0.501702,0.523941,0.504614,0.518516,0.506859,0.513845,0.509178,0.511356,0.511766,0.51146,0.514384,0.513808,0.516514,0.517522,0.517431,0.521524,0.516555,0.525076,0.513882,0.52786,0.50984,0.52964,0.505096,0.530178,0.500487,0.529325,0.496846,0.527103,0.494747,0.52371,0.494266,0.519392,0.494831,0.51421,0.495231,0.507775,0.493762,0.499066,0.488481,0.486393,0.477525,0.46752,0.459498,0.439878,0.433922,0.400713,0.401928,0.346813,0.368341,0.272607,0.36291,0.151773,0.876201
0.39781,0.256176,0.310164,0.347182,0.346884,0.395757,0.380853,0.438008,0.409556,0.472488,0.431736,0.498773,0.447879,0.517377,0.459465,0.5293,0.468198,0.535764,0.475535,0.538038,0.482457,0.537294,0.489403,0.534479,0.496321,0.530235,0.502822,0.524916,0.508389,0.518702,0.512595,0.511785,0.515252,0.504525,0.516438,0.4975,0.516416,0.491432,0.515493,0.486999,0.513914,0.48463,0.511837,0.48436,0.509396,0.485802,0.506804,0.488237,0.504404,0.490786,0.502645,0.492617,0.501954,0.493146,0.502588,0.492196,0.504524,0.490064,0.507409,0.487447,0.510613,0.485254,0.513357,0.484363,0.51493,0.485437,0.514927,0.488792,0.513322,0.494249,0.510387,0.501106,0.506582,0.508286,0.502475,0.5146,0.498647,0.519016,0.4956,0.520887,0.493663,0.520069,0.492946,0.516927,0.493336,0.512218,0.494562,0.50688,0.496273,0.501808,0.49813,0.497675,0.499856,0.494845,0.501269,0.493407,0.502274,0.493266,0.50284,0.49425,0.502972,0.496169,0.502688,0.498809,0.50205,0.5019,0.50122,0.505093,0.500526,0.50798,0.50046,0.51017,0.501564,0.511382,0.504218,0.51151,0.508393,0.510637,0.513491,0.508981,0.518365,0.506809,0.52158,0.504359,0.521844,0.501811,0.518486,0.499314,0.511785,0.497037,0.502996,0.495184,0.494032,0.493945,0.486904,0.493382,0.483125,0.493326,0.483316,0.493364,0.487127,0.492967,0.493476,0.491708,0.500951,0.489479,0.508223,0.486574,0.514306,0.483591,0.518658,0.481194,0.521124,0.479859,0.521812,0.479714,0.520973,0.480538,0.518911,0.481909,0.51596,0.483399,0.512491,0.484744,0.508929,0.48591,0.50573,0.487062,0.503317,0.488469,0.501986,0.490391,0.501824,0.493012,0.502693,0.496402,0.50426,0.500522,0.506073,0.505234,0.507651,0.51032,0.508566,0.515497,0.508523,0.520456,0.507425,0.524915,0.505407,0.528663,0.502828,0.531558,0.500205,0.533492,0.498116,0.534352,0.497077,0.534036,0.497452,0.532558,0.499395,0.530123,0.502717,0.526862,0.506224,0.521821,0.507935,0.515986,0.509393,0.512002,0.511386,0.510707,0.513741,0.511974,0.515997,0.515127,0.517539,0.519203,0.517752,0.523303,0.51632,0.526847,0.513354,0.529479,0.509299,0.530926,0.504842,0.530983,0.500781,0.529592,0.497808,0.526877,0.496267,0.523089,0.495947,0.518421,0.496014,0.512748,0.495059,0.50539,0.491276,0.494986,0.482733,0.479535,0.467683,0.456586,0.444935,0.423493,0.414255,0.37771,0.376815,0.317494,0.33469,0.250243,0.250193,0.372576
0.281312,0.238252,0.29315,0.320286,0.360066,0.358797,0.411746,0.391681,0.452774,0.417928,0.484312,0.437574,0.507251,0.451883,0.522718,0.462538,0.531997,0.471107,0.536402,0.478758,0.537184,0.486151,0.535422,0.49345,0.531934,0.500428,0.527236,0.506629,0.521598,0.511582,0.515189,0.514978,0.508254,0.516762,0.501233,0.517114,0.494755,0.516343,0.489521,0.514763,0.486094,0.512621,0.484726,0.510112,0.485263,0.507448,0.487172,0.504923,0.489669,0.502924,0.491915,0.501862,0.493215,0.502047,0.493202,0.503567,0.491944,0.506217,0.489936,0.509495,0.487952,0.51267,0.486798,0.514943,0.487119,0.515736,0.48935,0.514917,0.493585,0.512701,0.49941,0.509473,0.505953,0.505713,0.512118,0.501937,0.516846,0.498631,0.519349,0.496174,0.519266,0.494777,0.516729,0.494461,0.512316,0.495079,0.506905,0.496379,0.501461,0.498069,0.496823,0.499872,0.493543,0.501557,0.491841,0.502948,0.491656,0.503923,0.492754,0.504401,0.494837,0.50434,0.497604,0.50375,0.500756,0.502746,0.503983,0.501602,0.50696,0.50078,0.509375,0.500858,0.510977,0.502361,0.511623,0.505515,0.511297,0.510032,0.510091,0.515039,0.508162,0.519214,0.505691,0.521141,0.502867,0.519782,0.499896,0.514901,0.49703,0.507249,0.494565,0.498426,0.492781,0.490421,0.491836,0.48502,0.49165,0.483288,0.491862,0.485337,0.491919,0.490412,0.491282,0.497235,0.489662,0.504418,0.487173,0.510816,0.484305,0.515693,0.48174,0.518744,0.480076,0.519992,0.479618,0.519666,0.480302,0.518084,0.481783,0.515596,0.483618,0.51257,0.48546,0.509402,0.48717,0.506514,0.488826,0.504316,0.490644,0.503128,0.492868,0.503095,0.495676,0.504147,0.499138,0.506003,0.503216,0.508234,0.50779,0.510341,0.512667,0.51185,0.517601,0.512391,0.522304,0.511776,0.526493,0.510052,0.52994,0.507508,0.532503,0.504629,0.534113,0.502004,0.53473,0.500205,0.534331,0.499693,0.532967,0.500788,0.530907,0.503685,0.528688,0.508149,0.525915,0.51047,0.519027,0.510454,0.513365,0.51142,0.510608,0.513236,0.51071,0.515371,0.513116,0.517243,0.516967,0.518254,0.521333,0.517943,0.52546,0.516154,0.528843,0.513071,0.531131,0.509171,0.532074,0.505123,0.53154,0.501629,0.529571,0.499199,0.526374,0.497933,0.522207,0.497371,0.517151,0.496463,0.510844,0.493656,0.502291,0.487082,0.489808,0.474822,0.47115,0.455205,0.443768,0.427117,0.40519,0.39018,0.353691,0.344123,0.289775,0.284009,0.193531,0.260488
0.659395,0.194893,0.309811,0.314546,0.334061,0.380109,0.371251,0.429306,0.402218,0.46691,0.425846,0.494684,0.443265,0.514058,0.456164,0.526455,0.466212,0.533279,0.474744,0.535851,0.48263,0.535354,0.490255,0.532757,0.497581,0.528748,0.504273,0.523731,0.509874,0.517922,0.513993,0.511502,0.516445,0.504781,0.517293,0.498258,0.516793,0.492577,0.515285,0.48836,0.513092,0.486016,0.510483,0.485604,0.507703,0.486793,0.50503,0.488948,0.502806,0.491286,0.501413,0.493074,0.501182,0.493818,0.502286,0.493397,0.50465,0.492112,0.507916,0.490589,0.511456,0.489547,0.514444,0.489535,0.516076,0.490919,0.516031,0.494002,0.514521,0.498699,0.511921,0.504399,0.508641,0.510148,0.505114,0.514925,0.501769,0.517872,0.498984,0.518462,0.497032,0.516606,0.496038,0.512665,0.495983,0.507378,0.496729,0.501694,0.498068,0.496557,0.499761,0.492703,0.501569,0.490531,0.503264,0.490087,0.504643,0.491147,0.50554,0.493337,0.505836,0.496252,0.50548,0.499513,0.504525,0.502793,0.503181,0.505809,0.501848,0.508323,0.501086,0.510149,0.501488,0.511168,0.50347,0.511328,0.507038,0.510633,0.511637,0.509129,0.516177,0.506899,0.519277,0.504074,0.519684,0.500861,0.516722,0.497559,0.510621,0.494544,0.502541,0.492201,0.494275,0.4908,0.487713,0.49037,0.48427,0.490632,0.484512,0.491044,0.488084,0.490987,0.493939,0.49001,0.500732,0.488032,0.507208,0.485399,0.512462,0.482749,0.51602,0.480766,0.517793,0.479919,0.517959,0.48032,0.516834,0.481742,0.514782,0.483766,0.512175,0.485985,0.509388,0.488158,0.506808,0.490267,0.504816,0.49247,0.503739,0.494987,0.503767,0.497998,0.5049,0.501573,0.506931,0.505673,0.509478,0.510173,0.512058,0.514896,0.51417,0.519624,0.515378,0.524102,0.515402,0.528061,0.514185,0.53126,0.511923,0.533535,0.50904,0.53482,0.506107,0.535118,0.503723,0.534473,0.502412,0.53298,0.502575,0.530906,0.504576,0.528957,0.509015,0.52857,0.516038,0.523795,0.51292,0.515491,0.512058,0.511076,0.512969,0.509953,0.514715,0.511503,0.51664,0.514934,0.518157,0.519329,0.518754,0.523844,0.518102,0.527837,0.516149,0.530865,0.513131,0.532625,0.509523,0.532926,0.505935,0.531731,0.502932,0.52918,0.500827,0.525533,0.499498,0.521001,0.498274,0.515495,0.495936,0.508378,0.490819,0.498339,0.480997,0.483422,0.464538,0.461237,0.439774,0.42931,0.405493,0.385598,0.360714,0.329879,0.302481,0.27401,0.195789,0.449067
0.359953,0.216144,0.2725,0.300797,0.343797,0.347243,0.402019,0.384322,0.446469,0.412627,0.479614,0.433612,0.503274,0.449108,0.519088,0.460906,0.528591,0.470503,0.533198,0.478965,0.534179,0.486893,0.532623,0.494454,0.529376,0.501473,0.525003,0.507571,0.519821,0.512328,0.514016,0.515454,0.507802,0.51688,0.501542,0.516767,0.495771,0.51543,0.491092,0.513236,0.488001,0.510528,0.486725,0.507605,0.487131,0.50476,0.488752,0.502311,0.490913,0.500608,0.492903,0.499982,0.494164,0.500661,0.49444,0.502677,0.493862,0.505815,0.492916,0.509597,0.492252,0.513282,0.492355,0.515886,0.493332,0.516661,0.495436,0.515804,0.498987,0.513811,0.503706,0.51108,0.508827,0.507958,0.51341,0.504789,0.516587,0.501904,0.517728,0.499582,0.516562,0.498019,0.513232,0.497302,0.508282,0.497412,0.502562,0.498247,0.497041,0.499646,0.492592,0.501398,0.489804,0.503261,0.488888,0.504977,0.489702,0.506302,0.491858,0.507034,0.494866,0.507051,0.498248,0.50634,0.501608,0.50504,0.504653,0.503473,0.507186,0.502137,0.509092,0.501628,0.510312,0.502471,0.510818,0.504902,0.510583,0.50868,0.509574,0.513018,0.507769,0.516712,0.5052,0.518453,0.502011,0.517266,0.498492,0.512903,0.495068,0.506028,0.492216,0.498089,0.490328,0.490904,0.489563,0.486099,0.48975,0.484635,0.490398,0.486582,0.490847,0.491212,0.490512,0.497318,0.489122,0.503614,0.486843,0.509055,0.484223,0.513004,0.481975,0.515241,0.480708,0.515867,0.480716,0.515174,0.481922,0.513533,0.483975,0.511324,0.486437,0.508908,0.488977,0.506641,0.491471,0.504865,0.494002,0.503893,0.496766,0.503939,0.499945,0.505069,0.503625,0.507153,0.507766,0.509885,0.512235,0.512826,0.516852,0.515476,0.521416,0.51736,0.525704,0.518113,0.529475,0.517568,0.532489,0.515806,0.534557,0.513164,0.535586,0.510165,0.535582,0.507413,0.534626,0.505465,0.532855,0.504761,0.530517,0.505669,0.528177,0.508779,0.52743,0.516751,0.536985,0.51835,0.51857,0.513452,0.511976,0.513028,0.509588,0.514118,0.510235,0.515832,0.513129,0.517571,0.517386,0.518816,0.522116,0.519152,0.526575,0.518352,0.530225,0.516424,0.532702,0.513619,0.533774,0.510376,0.533339,0.507208,0.531462,0.504531,0.528363,0.502472,0.524312,0.500717,0.519418,0.498424,0.513369,0.494232,0.505238,0.486367,0.493424,0.472829,0.475784,0.451632,0.449925,0.421046,0.413589,0.379645,0.365069,0.326173,0.303147,0.268086,0.200248,0.450644
0.311258,0.186679,0.258091,0.303117,0.317865,0.371431,0.363807,0.423106,0.397822,0.462048,0.422917,0.490363,0.441396,0.509886,0.455243,0.522314,0.466121,0.529177,0.475281,0.531838,0.483528,0.531482,0.491239,0.529088,0.498428,0.52538,0.504839,0.520813,0.510088,0.51564,0.513823,0.51004,0.515854,0.504263,0.516217,0.498713,0.515159,0.493911,0.513044,0.49037,0.510269,0.488424,0.5072,0.488105,0.504167,0.48912,0.50149,0.490924,0.499491,0.492876,0.498489,0.494408,0.498733,0.495182,0.500337,0.495197,0.503211,0.494809,0.507043,0.494616,0.511281,0.495157,0.515006,0.496365,0.516851,0.49782,0.516575,0.500239,0.515081,0.503882,0.512884,0.508216,0.510263,0.5124,0.507455,0.515594,0.504703,0.517125,0.502244,0.516595,0.500292,0.513954,0.499005,0.509535,0.498473,0.50402,0.498711,0.498318,0.499656,0.493367,0.501168,0.489916,0.50303,0.488366,0.504962,0.488719,0.50666,0.490644,0.507846,0.493616,0.508319,0.49707,0.507996,0.500514,0.506944,0.503598,0.505407,0.506121,0.503799,0.508011,0.502665,0.509278,0.502557,0.509957,0.503856,0.510048,0.506585,0.509493,0.510275,0.50819,0.513988,0.506061,0.516519,0.503143,0.516754,0.499659,0.514078,0.496027,0.50867,0.492783,0.501542,0.490432,0.494279,0.489277,0.488555,0.489279,0.485619,0.490035,0.485945,0.490889,0.489176,0.491158,0.494332,0.490397,0.50018,0.48858,0.505591,0.486119,0.509784,0.483701,0.512396,0.482032,0.513429,0.481579,0.513134,0.482437,0.511877,0.484364,0.510042,0.486933,0.507989,0.489736,0.506042,0.492541,0.504505,0.495339,0.503655,0.498282,0.503713,0.501559,0.504786,0.505283,0.506824,0.509433,0.509606,0.513871,0.512762,0.518406,0.515831,0.522835,0.518326,0.526961,0.519822,0.530577,0.520046,0.533462,0.518956,0.535412,0.516773,0.536294,0.513946,0.53608,0.511051,0.53485,0.508664,0.532764,0.507255,0.530066,0.507168,0.527167,0.508732,0.524864,0.512559,0.52461,0.518848,0.520382,0.514956,0.512902,0.513359,0.509424,0.513641,0.5092,0.514922,0.51151,0.51662,0.515523,0.518238,0.52034,0.51934,0.525143,0.519594,0.529304,0.518831,0.532395,0.517083,0.534146,0.514576,0.534416,0.511684,0.533206,0.50881,0.530677,0.506227,0.527096,0.503903,0.522691,0.501366,0.517411,0.497621,0.510691,0.49117,0.501318,0.480116,0.487469,0.462356,0.46694,0.435839,0.437491,0.398774,0.397106,0.349436,0.343755,0.284235,0.277592,0.173868,0.34835
0.276199,0.161951,0.267271,0.279729,0.339267,0.340316,0.397331,0.381421,0.44214,0.411191,0.475377,0.433044,0.498876,0.44926,0.514458,0.461665,0.523784,0.471684,0.528314,0.480313,0.529319,0.488132,0.527886,0.495354,0.524877,0.501888,0.520901,0.507442,0.516323,0.511656,0.511351,0.514251,0.506172,0.515138,0.501069,0.514452,0.496447,0.512511,0.492772,0.509731,0.490419,0.506539,0.489539,0.503319,0.489989,0.500413,0.491365,0.498135,0.49312,0.496778,0.494716,0.496593,0.495784,0.497736,0.496228,0.500218,0.496288,0.503868,0.496499,0.508354,0.497513,0.513095,0.499536,0.516661,0.501161,0.516999,0.502448,0.515755,0.504894,0.513965,0.508308,0.511858,0.51193,0.50954,0.514952,0.507132,0.516695,0.504787,0.516692,0.50268,0.51475,0.500997,0.511003,0.499903,0.505932,0.499521,0.500308,0.499905,0.49505,0.501015,0.491006,0.502695,0.488753,0.504683,0.488474,0.506646,0.489958,0.508241,0.492711,0.509191,0.496121,0.509339,0.499607,0.508685,0.502732,0.507395,0.505246,0.505802,0.50708,0.504364,0.50829,0.503599,0.508985,0.503945,0.509233,0.5056,0.509004,0.508377,0.50817,0.511642,0.506563,0.514404,0.504098,0.515574,0.500884,0.514321,0.497272,0.510419,0.493807,0.50442,0.491078,0.497558,0.489524,0.491394,0.489258,0.487324,0.489998,0.486157,0.491135,0.487916,0.491935,0.491918,0.491807,0.497066,0.490534,0.502219,0.48836,0.506481,0.485895,0.509349,0.483889,0.510717,0.482953,0.510771,0.483366,0.509858,0.485029,0.508369,0.487568,0.506662,0.490532,0.505042,0.49358,0.50377,0.496592,0.503082,0.499652,0.503176,0.502946,0.504181,0.506619,0.506109,0.510692,0.508825,0.515046,0.51205,0.519477,0.515384,0.523773,0.518368,0.527745,0.520546,0.531219,0.521562,0.534007,0.521251,0.535912,0.519701,0.536764,0.517256,0.536478,0.514437,0.535093,0.511818,0.532758,0.509896,0.529718,0.50902,0.526321,0.509415,0.52308,0.511251,0.520646,0.51436,0.518563,0.515172,0.513059,0.513653,0.509164,0.513265,0.508239,0.513994,0.509982,0.515431,0.5137,0.517157,0.518522,0.518765,0.523583,0.519885,0.52817,0.520236,0.531786,0.519665,0.534123,0.518185,0.535017,0.515976,0.534432,0.513333,0.53247,0.510557,0.529361,0.507801,0.52538,0.504904,0.520653,0.501247,0.514925,0.495688,0.507365,0.486573,0.496517,0.471857,0.480446,0.449332,0.457059,0.416949,0.424442,0.373028,0.380661,0.315546,0.320449,0.236314,0.201726,0.138853
0.119038,0.209218,0.236584,0.308172,0.314907,0.370148,0.36385,0.420257,0.398562,0.458462,0.424072,0.486131,0.442962,0.505071,0.457169,0.517047,0.468249,0.523622,0.477371,0.526151,0.485308,0.525802,0.492472,0.523552,0.498956,0.520153,0.504606,0.516108,0.509117,0.511709,0.512172,0.507143,0.513569,0.502607,0.513318,0.498392,0.511646,0.494869,0.508945,0.492396,0.505677,0.491185,0.502288,0.491209,0.499164,0.49219,0.496626,0.493685,0.494947,0.495215,0.494357,0.496408,0.495024,0.497116,0.497018,0.497482,0.500276,0.497951,0.504629,0.499216,0.509864,0.501999,0.515456,0.505629,0.517562,0.505782,0.516014,0.506721,0.514312,0.509052,0.512625,0.511976,0.510851,0.514667,0.508952,0.516451,0.506956,0.516835,0.504959,0.515539,0.503114,0.512535,0.50162,0.508103,0.500684,0.502828,0.500471,0.497529,0.50106,0.493072,0.502392,0.490163,0.504262,0.489165,0.506341,0.490033,0.508248,0.492369,0.509637,0.495567,0.510279,0.498994,0.510104,0.502125,0.509214,0.504634,0.507865,0.506411,0.506428,0.507522,0.505344,0.508129,0.505032,0.508379,0.505773,0.508315,0.507581,0.507831,0.510102,0.506722,0.512621,0.504797,0.514202,0.502027,0.51396,0.498651,0.511395,0.495161,0.506644,0.492184,0.500535,0.490272,0.494382,0.489694,0.489576,0.490313,0.487152,0.491608,0.487476,0.492839,0.490198,0.493309,0.494434,0.492625,0.499102,0.490847,0.503242,0.488468,0.506229,0.486224,0.507835,0.484832,0.508171,0.484744,0.507552,0.486029,0.506367,0.48841,0.504977,0.491431,0.503678,0.49466,0.502694,0.497852,0.502211,0.500995,0.50239,0.504239,0.503354,0.507764,0.505154,0.511645,0.507731,0.515808,0.510897,0.520064,0.514339,0.524185,0.517654,0.527979,0.520395,0.531294,0.522153,0.533984,0.522657,0.535878,0.521856,0.536789,0.519963,0.536576,0.517416,0.535203,0.51476,0.532767,0.512513,0.529493,0.511053,0.525707,0.510588,0.521836,0.511183,0.518361,0.512681,0.515458,0.514048,0.511968,0.513527,0.50848,0.512884,0.507167,0.513085,0.508428,0.514119,0.511837,0.515725,0.516615,0.517575,0.52188,0.51932,0.526844,0.520628,0.530928,0.521223,0.533777,0.52093,0.535214,0.519721,0.535187,0.517717,0.533762,0.515148,0.531122,0.512237,0.527536,0.50904,0.523227,0.505277,0.518171,0.500186,0.511881,0.492453,0.503277,0.480239,0.490745,0.461341,0.472399,0.433511,0.4465,0.394926,0.411774,0.344651,0.366676,0.281715,0.305447,0.178003,0.313139
0.610649,0.187663,0.297128,0.292919,0.343054,0.346739,0.396936,0.385477,0.439894,0.414546,0.471787,0.43632,0.494233,0.452609,0.509024,0.464996,0.517807,0.474779,0.522017,0.482904,0.52289,0.489973,0.521488,0.496275,0.518681,0.501822,0.515113,0.50642,0.511198,0.50977,0.507179,0.511602,0.503225,0.5118,0.499537,0.510473,0.496383,0.507942,0.494055,0.50467,0.49277,0.50115,0.492568,0.497827,0.493274,0.495053,0.494542,0.493092,0.495959,0.492144,0.497177,0.49236,0.498022,0.493826,0.498566,0.496547,0.499154,0.500449,0.500406,0.505495,0.50325,0.511978,0.508993,0.519857,0.511092,0.51637,0.509437,0.51401,0.510378,0.512513,0.512472,0.511249,0.514707,0.509954,0.51638,0.508504,0.516998,0.506874,0.516242,0.50514,0.51398,0.503478,0.510313,0.502137,0.505629,0.501376,0.500579,0.501392,0.495971,0.502249,0.492564,0.503834,0.490873,0.505862,0.491028,0.507945,0.492773,0.509685,0.495576,0.510785,0.498795,0.511108,0.501848,0.510697,0.504328,0.509746,0.506058,0.508553,0.507074,0.507469,0.507552,0.506845,0.507704,0.506961,0.507654,0.507933,0.507368,0.509623,0.506652,0.511586,0.505252,0.513116,0.503017,0.513416,0.50004,0.511863,0.496713,0.508284,0.493644,0.503112,0.491457,0.497331,0.490562,0.492193,0.490982,0.488822,0.492317,0.487853,0.493864,0.489262,0.494864,0.492432,0.494775,0.496413,0.493476,0.500238,0.491306,0.503189,0.488945,0.504923,0.487164,0.505458,0.486561,0.505063,0.487383,0.504122,0.489489,0.503003,0.492464,0.501999,0.495815,0.501309,0.499172,0.50107,0.502396,0.501393,0.505568,0.502372,0.508872,0.50407,0.512447,0.506481,0.51629,0.509503,0.52025,0.512917,0.524108,0.516399,0.52766,0.519546,0.530765,0.521936,0.533313,0.523218,0.535178,0.523216,0.536188,0.521998,0.536157,0.519885,0.534967,0.517366,0.532626,0.514963,0.529297,0.513094,0.525281,0.511997,0.520979,0.51173,0.516846,0.512176,0.513246,0.512891,0.510097,0.51294,0.507225,0.512377,0.505831,0.512193,0.506733,0.512775,0.509846,0.514092,0.514548,0.515943,0.519983,0.518051,0.5253,0.520091,0.529831,0.521724,0.533156,0.522642,0.535073,0.522623,0.535533,0.521591,0.534593,0.519627,0.532402,0.516919,0.529198,0.513635,0.525235,0.509748,0.520636,0.504854,0.515187,0.49802,0.508164,0.487726,0.498295,0.471923,0.483936,0.448281,0.463474,0.41467,0.435915,0.369997,0.401447,0.316055,0.360569,0.269323,0.26977,0.494648
0.542548,0.205272,0.298228,0.310781,0.334028,0.372329,0.372945,0.420055,0.404643,0.456075,0.429268,0.48207,0.447888,0.499795,0.46187,0.510931,0.472542,0.516972,0.480993,0.519213,0.488002,0.518773,0.494049,0.516613,0.499331,0.513499,0.503805,0.50998,0.507249,0.506396,0.509379,0.502952,0.509983,0.499806,0.509039,0.497138,0.506762,0.495156,0.50357,0.494034,0.499978,0.493832,0.496488,0.494439,0.493504,0.495587,0.491303,0.496928,0.490061,0.498147,0.489887,0.499064,0.490848,0.499703,0.492971,0.500322,0.496236,0.501415,0.500632,0.503755,0.506458,0.508897,0.516176,0.525105,0.518457,0.513279,0.513205,0.512189,0.511523,0.513323,0.510661,0.515005,0.509989,0.516444,0.509214,0.517147,0.508173,0.516796,0.506824,0.515207,0.505269,0.512354,0.503747,0.508434,0.502572,0.503907,0.502047,0.499445,0.502363,0.495789,0.503528,0.49354,0.505341,0.492986,0.507442,0.494038,0.509409,0.496282,0.510885,0.499125,0.51167,0.50197,0.511749,0.504353,0.511271,0.506027,0.510477,0.506967,0.509643,0.507329,0.509036,0.507347,0.508873,0.507217,0.509284,0.506987,0.51025,0.506521,0.511542,0.505557,0.512701,0.503855,0.513112,0.501368,0.512171,0.498352,0.509533,0.495342,0.505308,0.492985,0.500129,0.491804,0.49501,0.491979,0.491033,0.493253,0.488995,0.495,0.489154,0.496441,0.49118,0.496921,0.494312,0.496146,0.497642,0.49429,0.500402,0.491934,0.502141,0.489855,0.50278,0.488762,0.502529,0.48907,0.501755,0.490801,0.500838,0.493626,0.500078,0.497034,0.499662,0.500547,0.499686,0.503883,0.500206,0.507011,0.501268,0.510081,0.502921,0.513275,0.505187,0.516674,0.508029,0.5202,0.511319,0.523667,0.514823,0.526872,0.51821,0.529676,0.521082,0.531998,0.523049,0.533765,0.523829,0.534844,0.523349,0.535041,0.521793,0.534164,0.519559,0.532114,0.517149,0.528953,0.515014,0.524916,0.513448,0.520381,0.512547,0.515809,0.512238,0.511656,0.512275,0.50821,0.512201,0.505561,0.511719,0.504188,0.511294,0.50483,0.511452,0.507659,0.512383,0.51225,0.514047,0.517817,0.516268,0.523474,0.51878,0.528459,0.521242,0.532261,0.52327,0.534633,0.524495,0.535527,0.524648,0.535013,0.523623,0.533234,0.521491,0.530398,0.518425,0.52675,0.514553,0.522483,0.509757,0.517574,0.503478,0.511598,0.494572,0.503621,0.481273,0.492271,0.461322,0.476047,0.432344,0.453919,0.392568,0.426272,0.342237,0.397155,0.286476,0.394197,0.209107,0.897904
0.200341,0.251248,0.269706,0.327205,0.346198,0.362374,0.399478,0.394652,0.439362,0.421696,0.468776,0.442814,0.489468,0.45871,0.503066,0.470571,0.511077,0.479565,0.514833,0.486628,0.515494,0.492423,0.514076,0.497339,0.51144,0.501507,0.508259,0.504835,0.504996,0.507082,0.501938,0.507989,0.499256,0.507417,0.497085,0.505454,0.495555,0.502427,0.494776,0.498837,0.494783,0.495227,0.495488,0.492062,0.496672,0.48966,0.498039,0.488188,0.499305,0.48771,0.500295,0.488243,0.501004,0.489794,0.501623,0.49236,0.502533,0.495935,0.504295,0.5006,0.507698,0.506793,0.513866,0.514607,0.516086,0.511374,0.514145,0.509628,0.514389,0.509074,0.51548,0.508981,0.516594,0.508934,0.517251,0.508637,0.517156,0.507914,0.516122,0.506751,0.514049,0.505322,0.510985,0.503943,0.507193,0.50299,0.50317,0.502776,0.499559,0.503442,0.496977,0.504902,0.495826,0.506862,0.496175,0.508909,0.497755,0.510647,0.50007,0.511815,0.502556,0.512344,0.504732,0.512339,0.506298,0.512011,0.507169,0.511585,0.507447,0.511251,0.507353,0.511141,0.507113,0.51133,0.50685,0.511826,0.506504,0.512526,0.505852,0.513181,0.504613,0.513391,0.502628,0.51268,0.50001,0.510663,0.497181,0.507245,0.494762,0.50275,0.493347,0.497904,0.493256,0.493645,0.494389,0.490812,0.496227,0.489869,0.498011,0.490753,0.499005,0.492932,0.498768,0.495617,0.497304,0.498036,0.495066,0.499658,0.492793,0.500303,0.491262,0.50011,0.491037,0.499416,0.492311,0.498613,0.494882,0.498018,0.498271,0.497822,0.501925,0.498096,0.50542,0.498842,0.508579,0.500051,0.511469,0.501733,0.514275,0.503909,0.517154,0.506584,0.520122,0.509703,0.523057,0.513124,0.525784,0.516601,0.528165,0.51979,0.530141,0.522303,0.53169,0.523792,0.532742,0.524056,0.53313,0.523134,0.532622,0.521305,0.531015,0.519015,0.528241,0.516734,0.524426,0.514817,0.519887,0.513427,0.515081,0.512544,0.510516,0.51201,0.50665,0.511568,0.503812,0.510985,0.502337,0.510383,0.502729,0.510181,0.505259,0.510698,0.509682,0.512044,0.515322,0.51417,0.521291,0.516897,0.526742,0.519932,0.531051,0.522874,0.533894,0.525267,0.535204,0.526681,0.535072,0.52682,0.53366,0.525587,0.531169,0.523076,0.527822,0.519464,0.523829,0.514828,0.519274,0.508926,0.513958,0.500996,0.507249,0.489636,0.498061,0.472809,0.485041,0.44808,0.467043,0.413132,0.443969,0.366715,0.418151,0.31083,0.395559,0.264811,0.329862,0.520875
0.626467,0.1998,0.342734,0.320089,0.355582,0.379344,0.384826,0.422273,0.413396,0.454654,0.437071,0.478193,0.455234,0.494298,0.468662,0.504394,0.478504,0.509807,0.485825,0.511718,0.491462,0.511173,0.49599,0.509092,0.49973,0.506245,0.502751,0.503219,0.504916,0.500411,0.505975,0.498059,0.50571,0.496303,0.504079,0.49523,0.501292,0.494886,0.497785,0.495257,0.494114,0.49624,0.490804,0.497631,0.488232,0.499163,0.486585,0.500576,0.485893,0.501699,0.486109,0.502509,0.487183,0.503149,0.489091,0.503919,0.491833,0.505238,0.495433,0.507593,0.499946,0.511375,0.505132,0.515556,0.507383,0.515531,0.506673,0.515455,0.506511,0.516038,0.506938,0.516783,0.507595,0.517284,0.508112,0.517299,0.508189,0.516669,0.507675,0.515277,0.506626,0.513071,0.505309,0.510145,0.504121,0.506801,0.503467,0.50353,0.503624,0.500894,0.504639,0.499347,0.506319,0.499081,0.508298,0.499977,0.510165,0.501663,0.51161,0.50365,0.512508,0.505485,0.512927,0.50685,0.513054,0.507617,0.513093,0.507832,0.513187,0.507671,0.513388,0.507351,0.513685,0.507033,0.514035,0.506726,0.514372,0.50627,0.514579,0.505391,0.514446,0.503862,0.513676,0.501666,0.511959,0.499097,0.509116,0.496706,0.50525,0.495112,0.500814,0.494753,0.496532,0.495682,0.493186,0.497512,0.491346,0.499536,0.491171,0.500978,0.492362,0.501267,0.494294,0.500245,0.496243,0.49822,0.497634,0.495857,0.498192,0.493959,0.497972,0.493208,0.497272,0.493964,0.496484,0.496179,0.495953,0.499455,0.495891,0.503214,0.496362,0.506909,0.497329,0.510203,0.498724,0.513028,0.500503,0.515523,0.502662,0.517885,0.505219,0.520224,0.508169,0.522512,0.511449,0.524625,0.514899,0.526446,0.518254,0.527935,0.521158,0.529114,0.523237,0.529985,0.524197,0.530444,0.523938,0.530264,0.522601,0.529168,0.520543,0.526951,0.518222,0.523596,0.516043,0.51931,0.514253,0.514501,0.512904,0.509698,0.511902,0.505449,0.511075,0.502238,0.510263,0.500465,0.509476,0.500526,0.508977,0.502695,0.509099,0.506863,0.510063,0.512479,0.511939,0.518695,0.514655,0.5246,0.517998,0.529452,0.521604,0.532816,0.524984,0.534566,0.527604,0.5348,0.529,0.533717,0.528893,0.53154,0.527237,0.528483,0.524172,0.524745,0.519872,0.520452,0.514328,0.515548,0.507121,0.509645,0.497232,0.501935,0.482956,0.491257,0.461996,0.476411,0.43179,0.456813,0.390122,0.433572,0.33583,0.411421,0.268446,0.409516,0.165013,0.783808
0.425314,0.297681,0.313134,0.351311,0.363174,0.374855,0.405975,0.40389,0.440179,0.430167,0.466178,0.451008,0.484728,0.466475,0.49698,0.477573,0.50418,0.485456,0.507494,0.491125,0.507975,0.495339,0.506571,0.498609,0.504118,0.50119,0.501302,0.503087,0.498638,0.50412,0.496466,0.504047,0.494983,0.502721,0.494278,0.500218,0.494363,0.496873,0.495173,0.493212,0.496564,0.489799,0.498315,0.487081,0.50016,0.485295,0.501848,0.484465,0.503205,0.484484,0.504193,0.485218,0.50492,0.486585,0.505627,0.488568,0.506644,0.491196,0.508325,0.494489,0.510909,0.498293,0.514082,0.501572,0.515952,0.502567,0.516289,0.503042,0.51659,0.503948,0.516978,0.505226,0.517244,0.506538,0.51723,0.507499,0.516839,0.507821,0.515978,0.507417,0.514552,0.506446,0.512527,0.505272,0.510023,0.504348,0.507348,0.50406,0.504949,0.504601,0.50326,0.505902,0.502552,0.507678,0.502833,0.509538,0.503862,0.511139,0.505255,0.512305,0.50662,0.513062,0.507664,0.51358,0.508249,0.514062,0.508382,0.514633,0.508189,0.515298,0.507846,0.515958,0.507508,0.516483,0.507226,0.516763,0.506895,0.516722,0.506282,0.516281,0.505134,0.515314,0.50334,0.513648,0.501064,0.511128,0.49876,0.507744,0.497036,0.503736,0.496412,0.499603,0.497085,0.495993,0.498814,0.493489,0.500978,0.492397,0.502789,0.492633,0.503577,0.493755,0.503026,0.495137,0.501291,0.496198,0.498935,0.496587,0.49675,0.496271,0.495499,0.495488,0.495695,0.49462,0.497459,0.494042,0.500514,0.494001,0.50431,0.494577,0.508218,0.495714,0.511746,0.497297,0.514661,0.49922,0.516997,0.501433,0.518939,0.503939,0.520666,0.506759,0.522251,0.509887,0.523649,0.513241,0.524786,0.516637,0.525644,0.519781,0.526285,0.522309,0.526787,0.523875,0.527132,0.524259,0.527145,0.523465,0.526521,0.521733,0.524944,0.519469,0.522234,0.517109,0.518448,0.514979,0.513893,0.513225,0.509067,0.511821,0.504563,0.510647,0.500959,0.509578,0.498758,0.508593,0.498372,0.507847,0.50008,0.507624,0.503872,0.508195,0.509328,0.509727,0.515675,0.512255,0.521978,0.515664,0.527387,0.519663,0.531326,0.523786,0.533574,0.527449,0.534199,0.530065,0.533434,0.531186,0.531542,0.530602,0.528758,0.52835,0.525271,0.524615,0.52121,0.519532,0.516589,0.512948,0.511189,0.504204,0.504443,0.491972,0.495413,0.474236,0.482946,0.448469,0.46612,0.412048,0.445031,0.362737,0.421929,0.298132,0.401017,0.208307,0.329246,0.0602364
0.941645,0.276821,0.371732,0.355941,0.363589,0.392394,0.392086,0.426029,0.421333,0.453701,0.445423,0.474478,0.463525,0.488893,0.476404,0.49798,0.485264,0.502843,0.491259,0.504516,0.495336,0.503948,0.498194,0.502003,0.500276,0.499439,0.501765,0.496873,0.502601,0.494757,0.502575,0.493384,0.501479,0.492899,0.499266,0.493317,0.496145,0.494548,0.492569,0.496401,0.489106,0.498618,0.486266,0.500906,0.484358,0.502997,0.483436,0.504706,0.483357,0.505977,0.483901,0.506889,0.484892,0.507637,0.486259,0.508492,0.488032,0.509734,0.490271,0.511558,0.492954,0.513873,0.495719,0.515944,0.49767,0.51684,0.498848,0.517093,0.500188,0.51718,0.501961,0.517156,0.503961,0.516991,0.505785,0.51667,0.507038,0.516158,0.50748,0.515367,0.507121,0.514189,0.506235,0.51259,0.505266,0.510695,0.504674,0.50879,0.504779,0.507233,0.505655,0.506311,0.507126,0.506123,0.508852,0.506549,0.510487,0.507317,0.511812,0.50812,0.512808,0.508724,0.513624,0.509017,0.514468,0.509005,0.51548,0.508775,0.516649,0.508456,0.51782,0.508163,0.518769,0.507944,0.519296,0.507731,0.51929,0.507331,0.518719,0.506497,0.517578,0.505062,0.515838,0.503081,0.513441,0.500901,0.510363,0.499082,0.506714,0.498193,0.502805,0.498561,0.499117,0.500098,0.496172,0.502296,0.494346,0.50439,0.493717,0.505634,0.494028,0.50557,0.494784,0.504187,0.495438,0.501929,0.495594,0.499539,0.495128,0.49783,0.494206,0.497443,0.493183,0.498669,0.492452,0.501383,0.492307,0.505113,0.492867,0.509205,0.494084,0.513036,0.495809,0.5162,0.497883,0.518579,0.500198,0.520283,0.502721,0.521516,0.50547,0.522433,0.508471,0.523083,0.511703,0.523455,0.515058,0.523566,0.518315,0.523515,0.52115,0.523452,0.523201,0.523459,0.52417,0.523453,0.523932,0.523156,0.522595,0.522189,0.520482,0.520222,0.518022,0.517134,0.515607,0.51308,0.51348,0.508476,0.511705,0.503903,0.510215,0.499997,0.508907,0.497344,0.507736,0.496425,0.506789,0.497567,0.506285,0.500847,0.506494,0.505976,0.507645,0.51229,0.509866,0.518875,0.513142,0.524801,0.517278,0.529352,0.521872,0.532168,0.526343,0.533244,0.530034,0.532815,0.532362,0.531196,0.532952,0.528667,0.531708,0.525428,0.52876,0.5216,0.524301,0.517216,0.518365,0.512152,0.510587,0.506026,0.500008,0.498117,0.484967,0.487406,0.463159,0.472822,0.431905,0.453779,0.388608,0.431028,0.330957,0.408129,0.254785,0.40482,0.134804,0.829795
0.890229,0.266836,0.386878,0.339314,0.384403,0.375305,0.412925,0.409358,0.441056,0.437673,0.463679,0.459188,0.480185,0.474507,0.491224,0.484872,0.497765,0.491597,0.500794,0.495817,0.501238,0.498423,0.499961,0.500049,0.497757,0.501064,0.495314,0.501567,0.493192,0.501439,0.491792,0.500465,0.491353,0.498508,0.491948,0.495647,0.493495,0.492225,0.49578,0.488774,0.498498,0.485841,0.501311,0.483816,0.503913,0.482815,0.506089,0.482698,0.507755,0.483177,0.508963,0.483969,0.509873,0.484911,0.510709,0.485992,0.511701,0.487309,0.513018,0.488955,0.514662,0.490878,0.51631,0.492749,0.517347,0.494299,0.517606,0.495934,0.517442,0.498032,0.517089,0.500539,0.516661,0.503104,0.516245,0.505271,0.515885,0.506663,0.515536,0.507124,0.515071,0.506788,0.514349,0.506028,0.513326,0.505329,0.512112,0.505107,0.510937,0.505573,0.51005,0.506679,0.509592,0.508173,0.509538,0.50973,0.509721,0.511107,0.509929,0.51224,0.510004,0.513251,0.509893,0.514352,0.509633,0.51571,0.509313,0.517332,0.509025,0.519046,0.508833,0.520559,0.508747,0.521573,0.508694,0.521887,0.508508,0.521442,0.507958,0.520282,0.50685,0.518488,0.505157,0.516116,0.503121,0.513199,0.501234,0.509806,0.50008,0.50612,0.500094,0.502468,0.501345,0.499267,0.503462,0.496894,0.505738,0.495531,0.507382,0.495082,0.507804,0.495194,0.506829,0.495392,0.504754,0.495265,0.502246,0.494616,0.500133,0.493527,0.499159,0.492301,0.499773,0.491337,0.502021,0.490973,0.505554,0.491383,0.509746,0.492554,0.513897,0.494332,0.517438,0.496518,0.520071,0.498947,0.521779,0.501534,0.522728,0.504272,0.523116,0.507192,0.523079,0.510312,0.52268,0.513585,0.521985,0.516861,0.521131,0.519875,0.520331,0.522285,0.519773,0.52375,0.519491,0.524043,0.519293,0.523145,0.518792,0.521268,0.517551,0.518797,0.515272,0.516157,0.511923,0.513684,0.50778,0.511546,0.503361,0.509751,0.49931,0.508221,0.496274,0.506892,0.494807,0.505794,0.495311,0.505078,0.497956,0.504985,0.502584,0.505766,0.508665,0.507615,0.515356,0.510613,0.521695,0.514666,0.526843,0.519464,0.530281,0.524474,0.531884,0.529021,0.531845,0.532428,0.530512,0.534181,0.528226,0.534041,0.525228,0.532041,0.521643,0.528373,0.517499,0.523177,0.512708,0.516311,0.507004,0.507128,0.499854,0.494335,0.490413,0.47595,0.47762,0.449449,0.46052,0.412137,0.438819,0.361684,0.413538,0.296655,0.385777,0.219664,0.302762,0.245786
0.374025,0.323841,0.295185,0.37704,0.349098,0.400583,0.392525,0.428341,0.426768,0.452437,0.452723,0.470908,0.471285,0.483914,0.483805,0.492234,0.491768,0.496771,0.496513,0.498409,0.499129,0.497988,0.500443,0.496303,0.501011,0.494084,0.50111,0.491967,0.500756,0.490461,0.499788,0.489918,0.498022,0.490507,0.495424,0.492205,0.492212,0.494809,0.488839,0.497985,0.485855,0.501343,0.483714,0.504519,0.48262,0.507249,0.482478,0.509412,0.48297,0.511025,0.483715,0.512218,0.484432,0.513178,0.485029,0.514095,0.48559,0.515111,0.486291,0.516261,0.48727,0.517399,0.488514,0.518178,0.489909,0.518306,0.491564,0.517879,0.493755,0.517156,0.496531,0.516364,0.499626,0.515694,0.502578,0.515282,0.50491,0.515155,0.506307,0.515208,0.506729,0.515246,0.506429,0.515093,0.505851,0.514682,0.505464,0.514089,0.505595,0.513471,0.506332,0.512965,0.50753,0.512601,0.508918,0.512302,0.51025,0.511946,0.511428,0.511456,0.512538,0.51085,0.513788,0.510232,0.51537,0.509727,0.517336,0.509425,0.519531,0.509351,0.521632,0.509459,0.523262,0.509638,0.52412,0.509713,0.524064,0.509463,0.523118,0.50868,0.521408,0.507281,0.519085,0.505415,0.516266,0.503491,0.513044,0.50208,0.509543,0.501697,0.505977,0.502566,0.502654,0.504473,0.499904,0.506809,0.497957,0.508773,0.496834,0.509666,0.496322,0.509144,0.496043,0.507336,0.495604,0.504805,0.494755,0.502357,0.493493,0.500809,0.492053,0.500755,0.490813,0.502417,0.490143,0.5056,0.490279,0.509763,0.491266,0.514182,0.492974,0.518166,0.495188,0.521236,0.497696,0.523207,0.500359,0.524144,0.503127,0.524239,0.506015,0.523679,0.509055,0.5226,0.512239,0.521122,0.515478,0.519425,0.518572,0.517774,0.52122,0.516456,0.523075,0.515641,0.523846,0.515262,0.5234,0.514989,0.521829,0.514341,0.519439,0.51287,0.516651,0.510348,0.513871,0.506866,0.511375,0.502826,0.509264,0.498828,0.507511,0.495543,0.506045,0.493588,0.504845,0.49344,0.503991,0.495366,0.50367,0.499341,0.504124,0.504981,0.505587,0.511561,0.508215,0.518143,0.512016,0.523805,0.516782,0.527874,0.522062,0.53007,0.527205,0.530493,0.531491,0.529487,0.534297,0.527448,0.535251,0.524682,0.534275,0.521345,0.531516,0.517461,0.527165,0.512944,0.521227,0.507583,0.513304,0.500977,0.502426,0.492457,0.486966,0.481074,0.464678,0.46575,0.432945,0.445617,0.389264,0.420519,0.332104,0.391482,0.262337,0.364797,0.165128,0.570135
0.879705,0.178206,0.381068,0.307576,0.386589,0.369099,0.415035,0.411705,0.440733,0.443348,0.461093,0.466084,0.476051,0.481514,0.486215,0.491319,0.492387,0.497061,0.49539,0.500043,0.496019,0.501287,0.495047,0.501534,0.49321,0.501246,0.49119,0.500599,0.489578,0.499533,0.488838,0.497877,0.489259,0.495519,0.490916,0.492553,0.493666,0.489324,0.49718,0.486342,0.501027,0.484099,0.504781,0.482889,0.508113,0.482693,0.510844,0.483212,0.512954,0.484005,0.514538,0.484671,0.515754,0.485001,0.516758,0.485018,0.517663,0.484922,0.518505,0.484972,0.51921,0.485361,0.519586,0.486176,0.519411,0.487499,0.518652,0.489503,0.517508,0.492269,0.51626,0.495618,0.515189,0.499128,0.514525,0.502276,0.514383,0.504611,0.514717,0.505917,0.515328,0.506282,0.51595,0.506053,0.516367,0.505696,0.516483,0.505619,0.516329,0.506033,0.515986,0.506914,0.515505,0.508071,0.514871,0.509282,0.514037,0.510426,0.513001,0.511554,0.511858,0.512857,0.510788,0.514547,0.509987,0.516724,0.509582,0.519276,0.509589,0.521893,0.509915,0.524154,0.510389,0.525673,0.510797,0.526209,0.5109,0.525713,0.510479,0.524298,0.509408,0.522155,0.507755,0.519472,0.505844,0.516395,0.504204,0.513048,0.503402,0.509586,0.5038,0.506227,0.505361,0.503238,0.507611,0.500849,0.509786,0.499162,0.511106,0.49808,0.511064,0.497329,0.509608,0.496564,0.507158,0.49551,0.504463,0.494089,0.502379,0.492454,0.501623,0.490937,0.50259,0.489919,0.505263,0.48969,0.509228,0.490364,0.5138,0.491864,0.518216,0.493988,0.521841,0.496499,0.524305,0.499209,0.525526,0.502017,0.525625,0.504905,0.524798,0.507898,0.52323,0.511008,0.521092,0.514187,0.518602,0.517292,0.516071,0.520076,0.51387,0.522215,0.512302,0.523388,0.511455,0.523378,0.511119,0.522161,0.510833,0.519941,0.510056,0.517099,0.508378,0.514073,0.505688,0.511233,0.502216,0.508792,0.498474,0.506797,0.495112,0.505196,0.492783,0.503928,0.492032,0.503003,0.493215,0.502535,0.496429,0.50273,0.501445,0.50383,0.507683,0.506046,0.514287,0.509474,0.52031,0.514016,0.524956,0.519321,0.527775,0.524798,0.528731,0.529723,0.528112,0.533403,0.526345,0.535353,0.523806,0.535384,0.520713,0.53358,0.517105,0.530139,0.512891,0.525164,0.50787,0.518437,0.501715,0.509254,0.493898,0.496312,0.483627,0.477696,0.469862,0.451004,0.451492,0.413674,0.427658,0.363633,0.398113,0.30109,0.362686,0.240436,0.2778,0.412333
0.0424653,0.247169,0.254757,0.357764,0.339698,0.399323,0.392006,0.428356,0.430406,0.450755,0.458266,0.467636,0.477428,0.479667,0.489756,0.487565,0.497042,0.492079,0.500821,0.493947,0.502321,0.493894,0.502467,0.492638,0.501899,0.49087,0.500966,0.489233,0.499744,0.488283,0.498125,0.488427,0.495966,0.489868,0.493261,0.492564,0.490236,0.496237,0.48732,0.500448,0.485009,0.504718,0.483665,0.508643,0.483366,0.511975,0.483876,0.51464,0.484738,0.516698,0.485464,0.51828,0.485716,0.519514,0.485411,0.520485,0.484718,0.52121,0.48395,0.521634,0.483439,0.52164,0.483439,0.521086,0.484126,0.519928,0.485655,0.518311,0.488119,0.516529,0.491413,0.514927,0.495189,0.513824,0.498926,0.513431,0.502087,0.513786,0.504294,0.514728,0.505453,0.515955,0.505767,0.517131,0.505641,0.518003,0.505514,0.518447,0.505695,0.518451,0.506283,0.51804,0.507182,0.517235,0.508217,0.516047,0.509266,0.514537,0.510349,0.512868,0.511632,0.511295,0.513334,0.510098,0.515594,0.509477,0.518359,0.50948,0.521358,0.509993,0.524169,0.51079,0.526352,0.511594,0.527582,0.512123,0.527718,0.512129,0.52681,0.511449,0.525037,0.510082,0.522617,0.508262,0.519743,0.506457,0.516566,0.505248,0.513226,0.505112,0.509888,0.506194,0.506762,0.508192,0.504061,0.51043,0.501924,0.512095,0.500345,0.512535,0.49915,0.511505,0.49806,0.509248,0.496804,0.506416,0.495247,0.503864,0.493458,0.502403,0.491703,0.502591,0.490343,0.504598,0.489706,0.508174,0.489973,0.512727,0.491139,0.517484,0.493041,0.521697,0.495444,0.524818,0.498128,0.52659,0.500947,0.527013,0.503841,0.526237,0.506809,0.524457,0.509862,0.521879,0.512978,0.518749,0.516057,0.51541,0.518901,0.512296,0.521228,0.509832,0.522718,0.508273,0.523102,0.507571,0.522261,0.507355,0.520289,0.507059,0.517492,0.506137,0.514304,0.504274,0.51116,0.501502,0.508382,0.498191,0.506118,0.494929,0.504363,0.492374,0.50304,0.491117,0.502095,0.49159,0.50156,0.493998,0.501576,0.498255,0.502365,0.503941,0.504166,0.510327,0.50715,0.516504,0.511323,0.521601,0.516444,0.525016,0.52201,0.526547,0.527327,0.52638,0.531667,0.524926,0.534455,0.522622,0.535401,0.51976,0.534516,0.51643,0.531987,0.512545,0.527979,0.507898,0.522409,0.502185,0.514774,0.494971,0.504043,0.48561,0.488618,0.47319,0.466391,0.456572,0.434932,0.434577,0.391841,0.406227,0.335354,0.371398,0.265404,0.345906,0.165806,0.724981
0.0288806,0.221105,0.302545,0.313477,0.379489,0.368775,0.415175,0.413611,0.439958,0.447319,0.458705,0.471016,0.472565,0.486585,0.482231,0.496013,0.488366,0.501076,0.491633,0.503221,0.4927,0.50356,0.492237,0.502908,0.490921,0.501779,0.489411,0.500405,0.488321,0.498778,0.48816,0.496778,0.489263,0.494334,0.491717,0.491559,0.495342,0.488783,0.499736,0.486461,0.504393,0.48499,0.508843,0.484543,0.512758,0.484973,0.515997,0.485862,0.51858,0.486679,0.520606,0.486975,0.522185,0.486544,0.523374,0.485469,0.524165,0.484061,0.524494,0.482726,0.524261,0.481847,0.523374,0.481713,0.521811,0.482534,0.519702,0.484431,0.517339,0.487368,0.515109,0.491087,0.513407,0.495116,0.512544,0.498887,0.512656,0.501902,0.513655,0.503888,0.515251,0.504874,0.517039,0.505153,0.518629,0.505142,0.519737,0.505211,0.520221,0.505564,0.520047,0.506212,0.519233,0.507045,0.517831,0.507957,0.515953,0.508952,0.513814,0.510166,0.511736,0.511813,0.51008,0.514057,0.509137,0.516901,0.509024,0.520127,0.509645,0.523345,0.51074,0.526103,0.511968,0.528016,0.512984,0.528865,0.513492,0.528622,0.513285,0.527409,0.512298,0.525428,0.510678,0.522887,0.508809,0.51996,0.507254,0.516793,0.506567,0.513532,0.507064,0.510352,0.50864,0.507444,0.510764,0.504966,0.512643,0.502974,0.513524,0.501382,0.512968,0.499983,0.511018,0.498532,0.50818,0.496862,0.505262,0.494969,0.503132,0.493039,0.502491,0.491389,0.503696,0.490355,0.506688,0.490172,0.511012,0.49091,0.515947,0.492468,0.520686,0.494639,0.524539,0.497197,0.527065,0.499961,0.528106,0.50283,0.527716,0.505769,0.526057,0.508775,0.523336,0.511831,0.519811,0.514863,0.515838,0.517718,0.511893,0.520155,0.508495,0.521878,0.50606,0.522599,0.504725,0.522129,0.50427,0.520462,0.504181,0.517808,0.503834,0.514558,0.502739,0.511177,0.50072,0.508078,0.497965,0.505519,0.49496,0.503575,0.49233,0.502186,0.49069,0.501251,0.490531,0.500717,0.492145,0.500639,0.495571,0.501189,0.500544,0.502606,0.506488,0.505115,0.512583,0.508818,0.517949,0.513589,0.521867,0.51903,0.523971,0.524507,0.524302,0.529286,0.523212,0.532728,0.52116,0.534449,0.518518,0.534384,0.515449,0.532701,0.511902,0.529608,0.507663,0.525132,0.502427,0.518926,0.4958,0.510173,0.487245,0.497541,0.475996,0.479226,0.461015,0.453054,0.441053,0.416685,0.414814,0.367793,0.380747,0.303938,0.333845,0.224654,0.225973,0.236982
0.940611,0.253207,0.329235,0.363158,0.345158,0.40259,0.393124,0.429078,0.432936,0.449382,0.46186,0.464927,0.481367,0.476329,0.493552,0.48414,0.500416,0.488932,0.503632,0.491291,0.504512,0.491831,0.504036,0.491184,0.50288,0.49,0.501429,0.488915,0.4998,0.488508,0.497936,0.489227,0.495746,0.491302,0.493258,0.494681,0.490695,0.499047,0.488438,0.503911,0.486883,0.508757,0.48627,0.513182,0.48655,0.516971,0.487384,0.520087,0.488247,0.5226,0.488625,0.5246,0.488196,0.526126,0.486932,0.527145,0.485085,0.527566,0.483081,0.527278,0.48138,0.526194,0.480376,0.524309,0.480353,0.521752,0.481487,0.518814,0.483812,0.515908,0.487165,0.513494,0.49116,0.511974,0.495254,0.511594,0.498883,0.512367,0.501625,0.514058,0.503328,0.516242,0.504135,0.518431,0.504387,0.520192,0.504473,0.521237,0.504675,0.521429,0.505106,0.520752,0.505735,0.519273,0.506492,0.517145,0.507373,0.514625,0.508491,0.512083,0.510043,0.509952,0.512207,0.508613,0.515027,0.50827,0.518342,0.508889,0.521808,0.510208,0.52499,0.511839,0.527484,0.51337,0.529021,0.51444,0.529502,0.514787,0.528983,0.514284,0.527612,0.51299,0.525571,0.511197,0.52303,0.509408,0.520137,0.508213,0.517034,0.508066,0.513882,0.509071,0.510861,0.510884,0.50814,0.512806,0.505821,0.514031,0.503888,0.513958,0.502207,0.51241,0.500574,0.509709,0.498811,0.50656,0.49686,0.503844,0.494828,0.502369,0.492969,0.502673,0.491598,0.504896,0.49098,0.508764,0.491248,0.513659,0.492373,0.51878,0.4942,0.523337,0.496517,0.526727,0.499132,0.528616,0.501911,0.52892,0.504787,0.527725,0.507733,0.525203,0.510724,0.521599,0.513699,0.51726,0.516532,0.512671,0.519022,0.508418,0.520905,0.505048,0.521898,0.502893,0.521773,0.501923,0.52044,0.501742,0.518012,0.501725,0.514808,0.501258,0.511281,0.499964,0.507905,0.497831,0.505041,0.495198,0.502869,0.492626,0.501382,0.490729,0.50046,0.490038,0.499976,0.490915,0.499887,0.493498,0.500284,0.497661,0.501376,0.50298,0.503416,0.508766,0.506588,0.514185,0.510883,0.518458,0.516021,0.521077,0.521451,0.521921,0.526461,0.521235,0.530369,0.519463,0.532708,0.517033,0.533332,0.514198,0.532378,0.510968,0.530092,0.507151,0.526596,0.502431,0.521683,0.49642,0.514705,0.488645,0.504542,0.478465,0.489646,0.464981,0.468126,0.447021,0.437899,0.423249,0.396803,0.392282,0.342145,0.35142,0.267222,0.282855,0.140445,0.101335
0.924138,0.226443,0.393988,0.312124,0.395921,0.36828,0.41922,0.414943,0.439984,0.449702,0.456838,0.473772,0.469842,0.489303,0.47932,0.498483,0.485706,0.50321,0.489493,0.505,0.491217,0.505005,0.491454,0.50405,0.490814,0.502662,0.48993,0.501094,0.489412,0.499377,0.489791,0.497445,0.491424,0.495272,0.494404,0.492988,0.498538,0.490885,0.503398,0.489322,0.508464,0.488567,0.513274,0.488659,0.517537,0.48935,0.521153,0.49017,0.524155,0.49059,0.526614,0.490206,0.528555,0.488878,0.529927,0.486772,0.530607,0.48428,0.530456,0.481896,0.529364,0.480079,0.527316,0.47919,0.524433,0.479463,0.520997,0.481001,0.517437,0.483734,0.514261,0.487386,0.511954,0.491485,0.510873,0.495461,0.51115,0.498794,0.512642,0.501168,0.514959,0.502554,0.51756,0.503178,0.519891,0.503395,0.521511,0.503537,0.522155,0.503803,0.521733,0.504246,0.520303,0.504845,0.51804,0.505604,0.515237,0.506617,0.512302,0.508061,0.509722,0.510114,0.507953,0.512848,0.507296,0.516149,0.507795,0.519723,0.509232,0.523165,0.5112,0.526083,0.513226,0.528191,0.514883,0.529352,0.515844,0.529564,0.515917,0.528915,0.515079,0.527531,0.513517,0.525539,0.511652,0.523064,0.510054,0.520237,0.509273,0.517213,0.509604,0.514173,0.510921,0.511302,0.512681,0.508738,0.514101,0.506528,0.514461,0.504602,0.513376,0.502804,0.510948,0.500967,0.50773,0.498995,0.504554,0.496929,0.502297,0.494952,0.501649,0.493335,0.502955,0.492346,0.506143,0.492161,0.51075,0.492817,0.516038,0.494218,0.521178,0.496192,0.525436,0.498553,0.528309,0.501155,0.529551,0.503903,0.529131,0.506748,0.527154,0.509651,0.52382,0.512552,0.519443,0.515339,0.51449,0.517841,0.509569,0.519826,0.505328,0.521029,0.502272,0.521207,0.500581,0.520214,0.500033,0.518074,0.500076,0.515016,0.500036,0.511448,0.499372,0.507864,0.497864,0.504711,0.495675,0.50228,0.493263,0.500648,0.491216,0.499716,0.490092,0.499306,0.49031,0.499276,0.492084,0.499615,0.495399,0.500465,0.499974,0.502076,0.50526,0.504694,0.510517,0.508424,0.514962,0.513114,0.517985,0.518318,0.519314,0.523374,0.519055,0.527576,0.517588,0.530382,0.51537,0.53156,0.512736,0.5312,0.509781,0.529573,0.506364,0.526894,0.502174,0.523094,0.496816,0.517679,0.489839,0.509696,0.480687,0.497795,0.468599,0.480325,0.452528,0.455477,0.431182,0.421456,0.403281,0.376444,0.368062,0.317001,0.325366,0.227525,0.239174,0.0504374
0.143881,0.333173,0.253748,0.394667,0.336126,0.411759,0.39307,0.431008,0.434471,0.448467,0.46362,0.462804,0.48301,0.473857,0.494989,0.481849,0.501653,0.487147,0.504723,0.490197,0.505526,0.491502,0.505032,0.491623,0.503901,0.491157,0.50251,0.490718,0.500996,0.490881,0.499342,0.492097,0.497512,0.4946,0.495566,0.498336,0.493707,0.502985,0.492234,0.508064,0.49141,0.513088,0.491325,0.517702,0.491819,0.521742,0.492501,0.525195,0.492873,0.52811,0.492495,0.530503,0.491147,0.532308,0.488899,0.533379,0.486082,0.533538,0.483177,0.53264,0.480677,0.530633,0.478993,0.527608,0.47841,0.523828,0.479087,0.519717,0.481036,0.51581,0.484091,0.512662,0.48789,0.510734,0.491912,0.510286,0.4956,0.511298,0.498512,0.513459,0.500453,0.51623,0.5015,0.518979,0.501936,0.521124,0.502099,0.522256,0.502255,0.522178,0.502539,0.520901,0.502989,0.518605,0.503628,0.515613,0.50454,0.512366,0.505881,0.509389,0.507821,0.507198,0.510445,0.506177,0.513675,0.506463,0.517256,0.507903,0.520819,0.510105,0.523995,0.512566,0.526507,0.514792,0.528213,0.51639,0.52909,0.517102,0.529181,0.516826,0.528548,0.51565,0.527252,0.513887,0.525358,0.512046,0.522957,0.510713,0.520189,0.510334,0.517238,0.511009,0.514311,0.512398,0.511588,0.513819,0.509167,0.514502,0.507041,0.513886,0.505104,0.511842,0.503209,0.508724,0.501243,0.505258,0.499198,0.502328,0.497188,0.50074,0.495429,0.501029,0.494167,0.50334,0.493596,0.507401,0.493801,0.512596,0.494745,0.518116,0.496305,0.523147,0.49832,0.527034,0.500648,0.529367,0.503183,0.52997,0.505861,0.528845,0.508628,0.526123,0.511421,0.52206,0.514136,0.517077,0.516618,0.511767,0.51866,0.50683,0.520018,0.502909,0.520453,0.50039,0.519785,0.499261,0.517967,0.499108,0.515139,0.499269,0.511637,0.49909,0.507937,0.49816,0.504538,0.496444,0.501832,0.494263,0.500005,0.49215,0.499019,0.490678,0.498678,0.490311,0.498758,0.491332,0.499131,0.49381,0.49984,0.49758,0.501095,0.502232,0.503178,0.507138,0.506292,0.511563,0.51042,0.514848,0.515245,0.51659,0.520181,0.51675,0.524524,0.515609,0.527666,0.513608,0.529281,0.511142,0.529392,0.508405,0.528271,0.505333,0.526218,0.501649,0.523308,0.496957,0.519206,0.490804,0.513114,0.482681,0.503833,0.47193,0.489882,0.457643,0.469664,0.438612,0.441665,0.413498,0.404716,0.381431,0.358108,0.34503,0.300015,0.341474,0.196531,0.967399
0.805153,0.154792,0.41319,0.29401,0.407578,0.367283,0.422857,0.416389,0.440001,0.450949,0.455285,0.474555,0.467747,0.489738,0.477294,0.498728,0.484132,0.503426,0.488598,0.505332,0.491115,0.505567,0.492181,0.504912,0.492348,0.503857,0.492203,0.50264,0.492331,0.501316,0.49324,0.499864,0.495273,0.498307,0.498517,0.496776,0.502781,0.495501,0.507667,0.494712,0.512706,0.494518,0.517507,0.49482,0.521851,0.495306,0.525676,0.495533,0.529005,0.495076,0.531846,0.493673,0.534121,0.49132,0.535667,0.488281,0.536273,0.484998,0.535749,0.481965,0.533995,0.479615,0.531053,0.478265,0.527142,0.478106,0.52266,0.479209,0.518143,0.481506,0.514191,0.484753,0.511355,0.488528,0.510021,0.492298,0.51031,0.49555,0.51203,0.497945,0.5147,0.499407,0.517658,0.500106,0.520217,0.500348,0.521818,0.500441,0.522134,0.500591,0.521092,0.500902,0.518852,0.501428,0.515752,0.502249,0.512268,0.503503,0.508955,0.505346,0.506376,0.507867,0.50498,0.51101,0.50499,0.514548,0.506331,0.518139,0.508659,0.521434,0.51146,0.524177,0.514198,0.526248,0.516414,0.527638,0.517787,0.528382,0.518143,0.528502,0.517478,0.527986,0.515992,0.526813,0.514097,0.525001,0.512357,0.522642,0.511312,0.519911,0.511261,0.517035,0.512097,0.514237,0.513305,0.511674,0.514145,0.5094,0.51394,0.507358,0.512346,0.505427,0.509485,0.503492,0.50592,0.501506,0.502479,0.499531,0.500031,0.497726,0.49927,0.4963,0.500555,0.495443,0.503831,0.495265,0.508653,0.495776,0.514293,0.496899,0.519911,0.498508,0.52474,0.500479,0.528212,0.502713,0.529996,0.505138,0.529965,0.507698,0.528154,0.510327,0.524741,0.512927,0.520079,0.515355,0.51471,0.517417,0.50934,0.518889,0.504702,0.519536,0.50136,0.519165,0.499522,0.51768,0.498961,0.515141,0.499104,0.511801,0.499242,0.508085,0.498807,0.504507,0.497562,0.501537,0.495661,0.499473,0.493549,0.498372,0.491791,0.498067,0.490899,0.498279,0.491218,0.498766,0.492892,0.499448,0.495847,0.500453,0.499787,0.502058,0.504202,0.504546,0.508435,0.508033,0.511825,0.512349,0.513879,0.517015,0.514421,0.521359,0.513609,0.524727,0.511831,0.526693,0.509513,0.527185,0.506934,0.526444,0.504127,0.524834,0.500883,0.522569,0.496825,0.519493,0.491499,0.514973,0.48441,0.507947,0.474971,0.497055,0.462393,0.480824,0.445584,0.457889,0.423185,0.427316,0.393857,0.389201,0.357044,0.346597,0.314502,0.321693,0.237869,0.680015
0.127359,0.338032,0.250796,0.401898,0.339873,0.415137,0.396411,0.431457,0.436123,0.447337,0.463999,0.461014,0.482648,0.47202,0.494289,0.480372,0.500923,0.486292,0.504211,0.490113,0.505422,0.492265,0.505462,0.493247,0.504922,0.493606,0.504131,0.493909,0.503215,0.494683,0.502191,0.496339,0.50107,0.499081,0.499936,0.502854,0.49896,0.507371,0.498328,0.512223,0.498138,0.517021,0.498319,0.521509,0.498615,0.525588,0.498644,0.529252,0.498019,0.532496,0.49648,0.535238,0.493987,0.537298,0.490752,0.538439,0.487176,0.53843,0.483734,0.537118,0.480862,0.534485,0.47888,0.530688,0.477989,0.526073,0.478286,0.521149,0.479768,0.516527,0.4823,0.512821,0.485582,0.510531,0.489159,0.509923,0.492512,0.510953,0.495205,0.513247,0.497013,0.516171,0.497973,0.518975,0.498324,0.520974,0.49838,0.521692,0.49841,0.520942,0.498582,0.518829,0.498995,0.51569,0.499734,0.512028,0.50092,0.508435,0.502691,0.505509,0.505134,0.503753,0.508205,0.503457,0.511695,0.504628,0.515275,0.50698,0.518605,0.510019,0.521441,0.513182,0.523694,0.515962,0.525399,0.517976,0.526626,0.518988,0.527396,0.518915,0.52765,0.517849,0.527279,0.516088,0.526195,0.514125,0.524406,0.512529,0.522045,0.511747,0.519342,0.5119,0.516564,0.51269,0.513932,0.513488,0.511565,0.513574,0.509459,0.512431,0.507523,0.50995,0.505643,0.506481,0.503749,0.502733,0.501861,0.499573,0.500087,0.497805,0.498597,0.49798,0.497562,0.500274,0.4971,0.504449,0.497248,0.509913,0.497963,0.515864,0.499153,0.52147,0.500718,0.52603,0.502574,0.529055,0.504662,0.530275,0.50693,0.529605,0.509317,0.527128,0.511737,0.523109,0.514061,0.518021,0.516105,0.512531,0.517653,0.507411,0.518475,0.503357,0.51837,0.500781,0.51721,0.499675,0.514994,0.499609,0.511893,0.499896,0.508261,0.499856,0.504588,0.499063,0.501389,0.49748,0.499066,0.495429,0.497787,0.493441,0.497458,0.492066,0.49779,0.491721,0.498447,0.492623,0.499215,0.494774,0.5001,0.49797,0.501329,0.501806,0.503226,0.505713,0.506032,0.509061,0.509734,0.511312,0.513993,0.512175,0.518208,0.511679,0.521701,0.510129,0.523953,0.507944,0.524776,0.505471,0.524341,0.502843,0.523032,0.499942,0.521187,0.49644,0.518834,0.491899,0.515536,0.485827,0.510382,0.477677,0.502116,0.46675,0.489335,0.45208,0.470718,0.43237,0.445331,0.406114,0.413147,0.371829,0.376276,0.327522,0.341928,0.263618,0.281711,0.180298
0.89425,0.206377,0.41307,0.318503,0.406865,0.377129,0.42244,0.420053,0.438899,0.451632,0.453669,0.473757,0.466033,0.488271,0.475844,0.497104,0.483207,0.502014,0.488372,0.504418,0.491697,0.505348,0.493627,0.505496,0.494667,0.505272,0.49535,0.504867,0.496193,0.504338,0.497632,0.503703,0.49995,0.503025,0.503208,0.502431,0.507241,0.502069,0.511732,0.502016,0.516332,0.5022,0.520782,0.502388,0.524959,0.502239,0.528839,0.501405,0.532406,0.499651,0.535572,0.496943,0.538145,0.493472,0.539864,0.489614,0.54046,0.48583,0.539732,0.482546,0.537604,0.480074,0.534162,0.478598,0.52968,0.478205,0.524609,0.478915,0.519537,0.480671,0.515104,0.483292,0.511894,0.486439,0.51031,0.489648,0.510468,0.492442,0.512139,0.49448,0.514773,0.495658,0.517617,0.496116,0.51989,0.496142,0.520975,0.496045,0.520546,0.496063,0.518616,0.496346,0.515495,0.496997,0.511703,0.498127,0.507868,0.499852,0.504631,0.50225,0.502535,0.505281,0.501929,0.508749,0.502885,0.512327,0.505182,0.515666,0.508361,0.518518,0.511857,0.520813,0.515121,0.522635,0.517723,0.524126,0.519372,0.52536,0.519919,0.526274,0.519368,0.526693,0.517901,0.526419,0.515907,0.52534,0.513922,0.523503,0.512479,0.521111,0.511892,0.51846,0.512098,0.515837,0.512643,0.513433,0.512853,0.511307,0.512101,0.509403,0.510067,0.507611,0.506868,0.505844,0.503036,0.504083,0.499367,0.502399,0.496714,0.500925,0.49578,0.499811,0.496959,0.49917,0.500244,0.499051,0.505231,0.49943,0.511216,0.500237,0.517358,0.501392,0.52286,0.502832,0.527091,0.504516,0.529628,0.506409,0.53025,0.508466,0.528923,0.510619,0.525816,0.512764,0.521315,0.514735,0.516026,0.516319,0.510706,0.517284,0.506132,0.517416,0.502886,0.516565,0.501176,0.514684,0.500763,0.511873,0.501048,0.508411,0.5013,0.504735,0.500934,0.501368,0.499709,0.498786,0.497788,0.497275,0.495634,0.496847,0.493816,0.497252,0.492828,0.498101,0.492974,0.499049,0.494334,0.499957,0.49678,0.50095,0.49999,0.502345,0.503479,0.504477,0.506667,0.507495,0.509002,0.511224,0.510109,0.515177,0.509901,0.518694,0.508579,0.521179,0.506523,0.522316,0.504119,0.522166,0.501591,0.521082,0.498923,0.519484,0.495866,0.517578,0.492018,0.515141,0.486903,0.511451,0.479993,0.505377,0.470658,0.495565,0.458038,0.480685,0.440946,0.459709,0.417885,0.432306,0.387219,0.39955,0.347025,0.366076,0.291514,0.358876,0.178182,0.816698
0.623454,0.306046,0.331458,0.389731,0.363861,0.411706,0.404409,0.429705,0.43801,0.445668,0.463218,0.459343,0.480682,0.470555,0.491921,0.479327,0.498663,0.485831,0.502438,0.490363,0.504418,0.493318,0.505403,0.495163,0.50588,0.496397,0.506095,0.497508,0.506141,0.498927,0.50605,0.500971,0.505877,0.503779,0.505727,0.507296,0.505727,0.511307,0.505936,0.515538,0.506271,0.519762,0.506495,0.523859,0.50627,0.527801,0.505266,0.531573,0.503275,0.535082,0.500284,0.538128,0.496502,0.540424,0.492313,0.541667,0.488182,0.541614,0.484536,0.540136,0.481678,0.537253,0.479762,0.533159,0.478835,0.528228,0.478895,0.522985,0.479915,0.518057,0.481806,0.514072,0.484354,0.511542,0.487198,0.510738,0.489883,0.5116,0.491999,0.513711,0.493316,0.516371,0.493852,0.518756,0.493836,0.520129,0.493592,0.520016,0.493419,0.518309,0.49353,0.515254,0.494066,0.511369,0.495131,0.507319,0.496824,0.503788,0.499205,0.501368,0.502235,0.500452,0.505723,0.501171,0.50934,0.503358,0.512715,0.506599,0.515573,0.510336,0.517834,0.514001,0.519623,0.517119,0.521163,0.519353,0.522624,0.520504,0.524001,0.520506,0.525101,0.519441,0.525633,0.517583,0.525352,0.515391,0.524177,0.513414,0.522241,0.512106,0.519836,0.511622,0.517303,0.511727,0.514918,0.511865,0.512815,0.511383,0.510982,0.509801,0.509319,0.507004,0.507719,0.503309,0.506128,0.499373,0.504582,0.496028,0.503184,0.494071,0.502065,0.494084,0.501337,0.496296,0.501049,0.500527,0.501188,0.506226,0.50169,0.512609,0.50248,0.51883,0.503509,0.52414,0.504758,0.527974,0.506218,0.529961,0.507865,0.529927,0.509655,0.527925,0.51152,0.524255,0.513334,0.519447,0.514899,0.514217,0.51597,0.509363,0.516313,0.505588,0.515752,0.503296,0.514204,0.502459,0.511714,0.50262,0.508488,0.503068,0.504896,0.503101,0.501436,0.502282,0.498623,0.500582,0.496847,0.498351,0.496243,0.496148,0.496646,0.494539,0.497665,0.493929,0.498857,0.494496,0.499924,0.496186,0.500847,0.498747,0.50188,0.501763,0.503405,0.504705,0.505712,0.507029,0.508813,0.508305,0.512373,0.508345,0.515798,0.507244,0.518453,0.50532,0.519899,0.502965,0.520056,0.500475,0.51919,0.497935,0.517748,0.495195,0.516077,0.491914,0.51417,0.487648,0.511531,0.481892,0.507195,0.474061,0.499886,0.463389,0.488251,0.4488,0.471134,0.428874,0.447911,0.401979,0.418904,0.366544,0.385733,0.320987,0.349418,0.264964,0.262654,0.332224
0.508791,0.289428,0.368658,0.359024,0.398018,0.391234,0.419368,0.423883,0.436901,0.45126,0.451934,0.471568,0.464526,0.485368,0.474672,0.49413,0.482489,0.499432,0.48822,0.502583,0.492224,0.504514,0.494937,0.505798,0.496834,0.506733,0.498378,0.50744,0.499973,0.507958,0.501933,0.508337,0.504432,0.508677,0.507489,0.5091,0.510984,0.509665,0.514729,0.510289,0.518559,0.510718,0.52239,0.510588,0.526217,0.509547,0.530038,0.507383,0.533773,0.504103,0.537214,0.499951,0.54005,0.495353,0.541942,0.490811,0.542604,0.486782,0.541861,0.483576,0.539682,0.481325,0.536189,0.480018,0.531666,0.479593,0.526556,0.479998,0.521428,0.481186,0.516907,0.483055,0.513573,0.485366,0.511828,0.487747,0.511785,0.489774,0.51319,0.491123,0.515454,0.491688,0.517768,0.491607,0.519314,0.491185,0.519479,0.490769,0.518012,0.490644,0.515063,0.491003,0.51112,0.491967,0.506871,0.493617,0.50305,0.495996,0.500303,0.499054,0.499073,0.502604,0.499536,0.506315,0.501577,0.509788,0.504819,0.512698,0.508724,0.514928,0.51271,0.516606,0.516268,0.518027,0.519021,0.519479,0.520728,0.521068,0.521273,0.522652,0.520661,0.523894,0.519059,0.524422,0.516826,0.524007,0.514473,0.522659,0.512523,0.520624,0.511312,0.518272,0.510833,0.515962,0.510706,0.513915,0.510335,0.512186,0.509144,0.510693,0.506823,0.509308,0.503455,0.50794,0.499509,0.506581,0.495721,0.505308,0.492914,0.50424,0.491806,0.503488,0.492843,0.503113,0.496085,0.503105,0.50119,0.503396,0.507487,0.503906,0.514141,0.504578,0.520326,0.505405,0.525351,0.506411,0.5287,0.507603,0.53004,0.508949,0.529272,0.510421,0.526598,0.511961,0.522486,0.513415,0.517595,0.514538,0.512706,0.515064,0.508588,0.514776,0.505799,0.513554,0.504518,0.511396,0.504472,0.508448,0.505029,0.505015,0.50543,0.501543,0.505069,0.498553,0.503706,0.496506,0.501527,0.49566,0.499037,0.495972,0.496851,0.497101,0.495487,0.498552,0.495241,0.499887,0.496156,0.500915,0.498048,0.501767,0.500556,0.502809,0.503195,0.504439,0.505435,0.506852,0.506812,0.509897,0.507057,0.513103,0.506165,0.515841,0.504376,0.517578,0.502064,0.51808,0.499573,0.517483,0.497079,0.516191,0.494533,0.514633,0.491678,0.512997,0.488119,0.511026,0.483386,0.507971,0.476935,0.502686,0.468076,0.493829,0.455845,0.480125,0.438915,0.460675,0.415672,0.435324,0.384548,0.404931,0.344698,0.370323,0.296878,0.324658,0.214562,0.333911
0.821698,0.283136,0.383572,0.380618,0.382524,0.407895,0.409854,0.427286,0.438058,0.443758,0.460949,0.457758,0.477432,0.469276,0.488409,0.478385,0.495392,0.485292,0.499816,0.490326,0.502761,0.493914,0.504917,0.496522,0.506644,0.4986,0.508086,0.500531,0.50928,0.502601,0.510264,0.504978,0.511131,0.507711,0.51201,0.510742,0.512988,0.513963,0.514,0.517284,0.514788,0.520685,0.514951,0.524209,0.514078,0.5279,0.511907,0.531704,0.50843,0.535424,0.503917,0.538728,0.498852,0.541233,0.493812,0.542608,0.48932,0.542634,0.485733,0.541238,0.483181,0.53849,0.481605,0.534595,0.480861,0.529902,0.480819,0.524891,0.481417,0.52014,0.482617,0.51624,0.484304,0.513688,0.486222,0.512748,0.487996,0.513347,0.489258,0.515044,0.489788,0.517106,0.489614,0.518686,0.488985,0.51906,0.48827,0.517829,0.487825,0.515018,0.487916,0.51105,0.488703,0.506616,0.490267,0.5025,0.492629,0.499407,0.495726,0.49784,0.499369,0.498025,0.503224,0.499886,0.506867,0.503083,0.509915,0.507095,0.51218,0.511336,0.513754,0.515267,0.514967,0.518474,0.51622,0.520677,0.517768,0.521724,0.519581,0.521566,0.521346,0.520286,0.52261,0.51814,0.522988,0.515564,0.522333,0.513091,0.520789,0.51118,0.518716,0.510029,0.516535,0.50947,0.514571,0.509027,0.512961,0.508115,0.511665,0.506278,0.510544,0.503378,0.50946,0.499665,0.508353,0.495717,0.507259,0.492306,0.506285,0.490219,0.505552,0.490076,0.505139,0.492176,0.505052,0.496413,0.505223,0.502293,0.505552,0.509055,0.505956,0.515844,0.506423,0.521875,0.506999,0.526508,0.507734,0.529251,0.508609,0.529807,0.509594,0.528231,0.510714,0.524942,0.511922,0.520568,0.513005,0.515856,0.513667,0.511586,0.513633,0.508424,0.512728,0.506727,0.510906,0.506422,0.508261,0.507013,0.50504,0.507746,0.501632,0.507889,0.498532,0.50699,0.49624,0.505034,0.495115,0.50241,0.495246,0.499741,0.496394,0.497647,0.498072,0.496567,0.499738,0.496669,0.501026,0.497857,0.501899,0.499824,0.50264,0.50212,0.503693,0.504223,0.505411,0.505648,0.507849,0.506058,0.5107,0.505358,0.513407,0.503706,0.515384,0.50144,0.516257,0.498929,0.516003,0.496423,0.514922,0.493971,0.513456,0.491406,0.511931,0.488402,0.510318,0.484534,0.508118,0.479304,0.504373,0.47209,0.497818,0.462033,0.487108,0.447914,0.471098,0.428157,0.449209,0.401073,0.421839,0.365523,0.390481,0.322952,0.354718,0.294861,0.262815,0.649917
0.657708,0.3174,0.382706,0.373666,0.397481,0.395476,0.417046,0.423441,0.43476,0.448706,0.450207,0.468037,0.46315,0.481478,0.473571,0.490335,0.48164,0.496134,0.487675,0.500138,0.492104,0.503187,0.495408,0.505737,0.498052,0.507961,0.500413,0.509889,0.50275,0.511533,0.505202,0.512964,0.507799,0.514321,0.510502,0.515728,0.513253,0.517174,0.516029,0.518428,0.518883,0.519063,0.521937,0.518594,0.525303,0.516662,0.528991,0.513187,0.532835,0.508426,0.536494,0.502909,0.539545,0.497306,0.541596,0.49225,0.542381,0.488186,0.54179,0.485292,0.539857,0.483489,0.536734,0.482549,0.532686,0.482237,0.52809,0.482413,0.523437,0.483042,0.519281,0.484097,0.516154,0.485452,0.514436,0.486834,0.514225,0.487884,0.515255,0.488306,0.516914,0.488009,0.518388,0.487155,0.51888,0.486097,0.517856,0.485247,0.515201,0.484956,0.511242,0.485454,0.506643,0.486844,0.502224,0.489139,0.498757,0.492255,0.496816,0.495997,0.496683,0.500028,0.498325,0.503905,0.501433,0.507187,0.505501,0.509598,0.509942,0.51115,0.514193,0.512159,0.517799,0.513104,0.520444,0.514396,0.521941,0.51617,0.522206,0.518212,0.521263,0.520052,0.519282,0.52118,0.51661,0.521273,0.513745,0.520327,0.511206,0.518634,0.509354,0.516645,0.508234,0.51478,0.507544,0.513287,0.506759,0.512193,0.50535,0.511367,0.502996,0.510628,0.49972,0.509847,0.495898,0.509004,0.492181,0.508177,0.489346,0.507495,0.488125,0.507067,0.489026,0.506934,0.492191,0.507044,0.49735,0.50728,0.503878,0.507523,0.510952,0.507724,0.517733,0.507933,0.523488,0.50825,0.527605,0.508696,0.529571,0.50918,0.529169,0.509744,0.526754,0.51052,0.522984,0.511416,0.518588,0.512128,0.514331,0.512314,0.510926,0.511717,0.50887,0.51023,0.508283,0.5079,0.508837,0.504925,0.509853,0.501643,0.510525,0.498507,0.510215,0.496018,0.508678,0.494609,0.50613,0.494491,0.503137,0.495556,0.500392,0.497384,0.498478,0.499387,0.497723,0.50105,0.498152,0.502139,0.499532,0.502797,0.501443,0.503438,0.503371,0.504524,0.504802,0.506307,0.505344,0.508684,0.504817,0.511223,0.5033,0.513348,0.501085,0.514581,0.498546,0.514735,0.495994,0.513961,0.493565,0.512645,0.491181,0.511178,0.48859,0.509719,0.485424,0.508016,0.481234,0.505352,0.475469,0.500613,0.467368,0.492462,0.455835,0.479578,0.439367,0.460984,0.416188,0.436498,0.384699,0.407381,0.34429,0.377668,0.295711,0.368175,0.20932,0.774856
0.83522,0.323711,0.379569,0.389735,0.378974,0.406808,0.406486,0.424912,0.434407,0.44177,0.456966,0.456247,0.473244,0.468069,0.484254,0.477337,0.491581,0.484361,0.496688,0.489588,0.500622,0.493535,0.503976,0.496708,0.506988,0.499514,0.509683,0.502209,0.512035,0.504895,0.514074,0.507558,0.51593,0.510128,0.517764,0.512549,0.51964,0.514836,0.521397,0.517108,0.522623,0.519571,0.52277,0.522436,0.521354,0.525807,0.518168,0.529583,0.513386,0.533445,0.507544,0.536936,0.50139,0.539599,0.49569,0.541101,0.491029,0.541291,0.487688,0.540178,0.485618,0.537888,0.484539,0.534628,0.4841,0.530683,0.484039,0.526437,0.484255,0.52236,0.484754,0.518963,0.485522,0.516687,0.486414,0.515768,0.487139,0.516116,0.487374,0.517279,0.486926,0.518523,0.485843,0.519035,0.48442,0.518173,0.483098,0.515679,0.48231,0.51176,0.482378,0.507022,0.483465,0.5023,0.485594,0.49843,0.488671,0.496066,0.492484,0.495561,0.496694,0.496932,0.500843,0.4999,0.504444,0.503976,0.507125,0.508568,0.508791,0.513093,0.509685,0.517059,0.510311,0.520106,0.511211,0.522011,0.512709,0.522661,0.514756,0.52204,0.516945,0.520255,0.518702,0.517573,0.519539,0.514431,0.519266,0.511359,0.518053,0.508825,0.516327,0.507063,0.514581,0.505969,0.513183,0.505141,0.512262,0.50405,0.511731,0.502251,0.511379,0.499558,0.511004,0.496123,0.510501,0.492418,0.509896,0.489136,0.509308,0.487044,0.508879,0.486799,0.508702,0.488782,0.508767,0.492971,0.508963,0.498939,0.509138,0.505955,0.509183,0.513174,0.509115,0.519805,0.509074,0.525171,0.509178,0.528623,0.509294,0.529538,0.509247,0.528008,0.509374,0.52483,0.509863,0.520799,0.510479,0.516658,0.510814,0.51312,0.510505,0.510769,0.509353,0.50989,0.507345,0.510341,0.504636,0.511568,0.501522,0.51276,0.498414,0.513135,0.495794,0.512216,0.494127,0.509994,0.493724,0.506908,0.494615,0.503661,0.496489,0.500967,0.498779,0.499328,0.500868,0.498934,0.502338,0.499656,0.503138,0.501128,0.503584,0.502837,0.504173,0.504241,0.50532,0.504888,0.507136,0.504519,0.509369,0.503134,0.511514,0.500969,0.513045,0.498399,0.51363,0.495779,0.513257,0.493324,0.512192,0.491042,0.510824,0.488752,0.509427,0.486142,0.507968,0.482818,0.505987,0.478294,0.50259,0.471911,0.49654,0.4627,0.486442,0.449272,0.471002,0.429848,0.44943,0.402555,0.422073,0.366001,0.391605,0.319601,0.364589,0.261015,0.302061,0.249812
0.972055,0.275594,0.411888,0.350898,0.397786,0.384818,0.414098,0.41711,0.432236,0.443772,0.448427,0.463499,0.461835,0.477089,0.472422,0.486189,0.480481,0.492486,0.486487,0.497287,0.491014,0.50139,0.494638,0.505144,0.497832,0.508598,0.500889,0.511686,0.503899,0.514378,0.506797,0.516763,0.509447,0.51902,0.511744,0.521294,0.513691,0.523527,0.515441,0.525379,0.517272,0.526281,0.519505,0.525634,0.522367,0.523058,0.525865,0.518578,0.529739,0.512655,0.533524,0.506076,0.536701,0.499729,0.538854,0.494372,0.53977,0.490445,0.539432,0.487998,0.53796,0.486753,0.535539,0.486266,0.532392,0.486131,0.528798,0.486124,0.525118,0.486211,0.521786,0.486445,0.519245,0.486807,0.517815,0.48712,0.517565,0.487093,0.51821,0.486462,0.519145,0.485159,0.519588,0.483384,0.518835,0.481556,0.516496,0.480175,0.512644,0.479667,0.5078,0.480289,0.502786,0.48211,0.498492,0.485041,0.495655,0.488857,0.494713,0.493209,0.495746,0.497633,0.498514,0.501606,0.502541,0.50467,0.507235,0.506604,0.511993,0.507536,0.516288,0.507927,0.519714,0.508399,0.522005,0.509454,0.523011,0.511252,0.522688,0.513529,0.521103,0.515722,0.518459,0.517227,0.515128,0.517662,0.511616,0.517017,0.508451,0.515637,0.506012,0.514042,0.504388,0.512712,0.503346,0.511908,0.502423,0.511626,0.501118,0.511663,0.49908,0.511752,0.496241,0.511687,0.492858,0.511407,0.489471,0.510986,0.486798,0.510584,0.485578,0.510352,0.486381,0.510349,0.48944,0.51051,0.494566,0.510669,0.501185,0.510656,0.508501,0.510417,0.515694,0.510085,0.522062,0.509905,0.526965,0.509891,0.529505,0.50945,0.528937,0.508722,0.526241,0.508503,0.522514,0.508795,0.51851,0.509151,0.514903,0.509081,0.512308,0.508258,0.511131,0.506579,0.511411,0.504146,0.512753,0.501224,0.51441,0.498192,0.515516,0.495505,0.515383,0.493631,0.513749,0.492945,0.510854,0.493596,0.507338,0.495409,0.503989,0.497893,0.501487,0.500397,0.500214,0.50235,0.500196,0.503496,0.501149,0.503986,0.502582,0.504276,0.503923,0.50488,0.504653,0.50611,0.504431,0.50792,0.503172,0.509941,0.501055,0.511659,0.498443,0.512645,0.495734,0.512725,0.493216,0.512019,0.490979,0.510841,0.48891,0.509512,0.486748,0.508159,0.484142,0.506562,0.480668,0.50408,0.475761,0.499664,0.468589,0.491962,0.457904,0.479499,0.442003,0.460987,0.418891,0.43582,0.386744,0.404991,0.344497,0.373588,0.291176,0.367169,0.195735,0.779534
0.485075,0.315143,0.313758,0.38243,0.354931,0.401313,0.39526,0.421166,0.427737,0.439413,0.451884,0.454723,0.46869,0.466862,0.47995,0.476094,0.487609,0.482926,0.493288,0.488002,0.498064,0.491989,0.502467,0.495466,0.50662,0.498808,0.510436,0.502141,0.513812,0.505369,0.516766,0.508281,0.519459,0.510683,0.522093,0.512511,0.524735,0.513894,0.527165,0.515154,0.528862,0.516706,0.529153,0.518912,0.527484,0.521925,0.523668,0.525592,0.518012,0.529485,0.511257,0.533039,0.504374,0.535751,0.498291,0.537318,0.493653,0.537681,0.490678,0.536956,0.489163,0.535339,0.488624,0.533031,0.488523,0.530238,0.488474,0.527209,0.488335,0.524264,0.488157,0.521786,0.488019,0.52012,0.487876,0.519444,0.48752,0.519636,0.486673,0.52024,0.485166,0.520557,0.483077,0.519864,0.480758,0.517667,0.478733,0.513905,0.477523,0.508993,0.477507,0.503711,0.478842,0.498983,0.481473,0.495631,0.485177,0.494186,0.489594,0.494808,0.494253,0.497302,0.498606,0.501215,0.502129,0.505954,0.504477,0.5109,0.505631,0.515495,0.505949,0.519289,0.506058,0.521961,0.5066,0.52332,0.507951,0.523287,0.510054,0.521897,0.512446,0.519312,0.514474,0.515851,0.51559,0.511981,0.51558,0.508247,0.514636,0.50513,0.513247,0.50289,0.511969,0.501475,0.511208,0.500545,0.511088,0.499613,0.511462,0.498222,0.512029,0.496115,0.512485,0.493319,0.512646,0.490174,0.512503,0.487273,0.512191,0.485349,0.511909,0.485097,0.511801,0.486975,0.511884,0.491054,0.512024,0.496974,0.512013,0.504045,0.511704,0.511456,0.511158,0.518479,0.51069,0.524562,0.510651,0.528999,0.510535,0.529933,0.508916,0.527518,0.507578,0.52389,0.507208,0.519944,0.507377,0.516271,0.50745,0.513453,0.50693,0.511964,0.505584,0.511998,0.503438,0.513339,0.500721,0.515355,0.497793,0.517168,0.495089,0.51793,0.493066,0.51712,0.492128,0.514728,0.492513,0.51124,0.494176,0.507449,0.496743,0.504175,0.49959,0.502006,0.502057,0.501166,0.5037,0.501504,0.504467,0.502579,0.504694,0.503804,0.504921,0.504593,0.50561,0.504511,0.50693,0.503377,0.50869,0.501304,0.510455,0.498636,0.511755,0.495808,0.512286,0.493186,0.512011,0.490943,0.511128,0.489036,0.509936,0.487246,0.508651,0.485253,0.507248,0.482676,0.505337,0.479032,0.502114,0.473619,0.496377,0.465355,0.486624,0.45267,0.471256,0.433569,0.44893,0.405965,0.419115,0.368294,0.383116,0.320681,0.34545,0.27639,0.271444,0.51932
0.595298,0.203315,0.365356,0.31075,0.384588,0.366842,0.407737,0.407925,0.428742,0.437905,0.446451,0.458808,0.460521,0.47279,0.471183,0.48211,0.478985,0.488749,0.484648,0.494134,0.488947,0.499061,0.492591,0.503797,0.496087,0.508277,0.499651,0.512336,0.503208,0.515897,0.506492,0.519057,0.509201,0.522036,0.511157,0.525011,0.51241,0.527916,0.51326,0.530346,0.514183,0.53163,0.515666,0.531075,0.518028,0.528263,0.521269,0.523271,0.52505,0.516697,0.528806,0.509513,0.531951,0.502784,0.534078,0.497372,0.535051,0.493719,0.534969,0.491778,0.534054,0.491101,0.53253,0.491063,0.530576,0.491109,0.528351,0.490939,0.526055,0.490523,0.52396,0.489982,0.522371,0.489391,0.521516,0.488665,0.521401,0.487569,0.521724,0.485872,0.521901,0.483528,0.521237,0.480778,0.519174,0.478115,0.515525,0.476129,0.510585,0.475322,0.505071,0.475977,0.499917,0.478119,0.496019,0.48155,0.494012,0.48591,0.494146,0.490717,0.49629,0.495411,0.500016,0.499419,0.504735,0.502289,0.509816,0.503845,0.514675,0.504295,0.518822,0.504198,0.521886,0.504262,0.523617,0.505056,0.523891,0.506761,0.522709,0.509093,0.520201,0.511443,0.516649,0.51315,0.512482,0.513798,0.508242,0.51338,0.50447,0.512276,0.501561,0.511066,0.499639,0.510282,0.498522,0.510206,0.497795,0.510807,0.496968,0.511802,0.495637,0.512813,0.493622,0.513524,0.491032,0.513795,0.488278,0.513687,0.485999,0.513401,0.484932,0.513164,0.485705,0.513103,0.488637,0.513167,0.493621,0.513158,0.500138,0.51285,0.507428,0.512182,0.514733,0.511413,0.521523,0.511153,0.527538,0.511869,0.53155,0.510554,0.529193,0.507445,0.525208,0.505917,0.521114,0.505595,0.517308,0.505647,0.51425,0.50537,0.512422,0.504351,0.51213,0.502502,0.513332,0.499998,0.515557,0.497187,0.51798,0.494494,0.51966,0.492371,0.519849,0.491228,0.518252,0.491355,0.515131,0.492814,0.51119,0.495356,0.507321,0.498441,0.504304,0.501384,0.502589,0.5036,0.502207,0.504831,0.50282,0.505241,0.503853,0.505306,0.504662,0.505578,0.504712,0.506408,0.50371,0.507809,0.501684,0.509477,0.498945,0.510965,0.49596,0.511886,0.493176,0.512061,0.490866,0.511551,0.489062,0.510582,0.487589,0.509396,0.486143,0.508098,0.48436,0.506516,0.481815,0.504105,0.477918,0.499892,0.471757,0.492485,0.461938,0.480182,0.44656,0.461189,0.423426,0.433979,0.39053,0.397704,0.346686,0.352987,0.291259,0.311713,0.195888,0.551921
0.267297,0.267322,0.256421,0.359441,0.330485,0.390788,0.383501,0.41577,0.42104,0.436598,0.447119,0.453139,0.464561,0.465629,0.475993,0.474666,0.483782,0.481055,0.489764,0.485689,0.495085,0.489423,0.500241,0.492929,0.505261,0.496569,0.509951,0.500355,0.514133,0.504015,0.517802,0.507159,0.521141,0.509469,0.524394,0.510861,0.527653,0.511549,0.530681,0.512003,0.532893,0.512802,0.533533,0.514423,0.531977,0.517052,0.528026,0.520494,0.52205,0.524241,0.514916,0.527659,0.507747,0.530231,0.501597,0.531714,0.497163,0.532159,0.494624,0.531807,0.493659,0.530933,0.493627,0.529745,0.493837,0.52836,0.4938,0.526874,0.493344,0.525427,0.492553,0.524228,0.491585,0.523484,0.490484,0.523278,0.489111,0.523442,0.487231,0.523522,0.484695,0.52289,0.481608,0.520962,0.478378,0.517452,0.475609,0.512531,0.47391,0.506829,0.47371,0.501271,0.475157,0.496814,0.47812,0.494195,0.482258,0.493771,0.487085,0.495487,0.49203,0.498952,0.496492,0.503583,0.499936,0.508739,0.502041,0.513816,0.502837,0.518294,0.502748,0.521755,0.502469,0.523892,0.5027,0.524518,0.503855,0.523585,0.505886,0.52119,0.508317,0.517585,0.51046,0.513174,0.511734,0.508487,0.511908,0.504096,0.511187,0.500495,0.5101,0.497962,0.509259,0.496483,0.509111,0.495766,0.509786,0.495349,0.511089,0.494748,0.512619,0.493611,0.513945,0.491824,0.514767,0.48957,0.515012,0.487327,0.51483,0.485779,0.514487,0.485644,0.514225,0.487454,0.514123,0.491361,0.514053,0.497072,0.513763,0.503939,0.513061,0.511191,0.512045,0.51822,0.511294,0.524904,0.512044,0.53189,0.515223,0.53247,0.508721,0.526879,0.505174,0.522237,0.503951,0.51816,0.503749,0.514811,0.503603,0.5126,0.502884,0.511899,0.50134,0.512818,0.49906,0.515064,0.496366,0.517931,0.493694,0.520459,0.491498,0.521727,0.490192,0.521163,0.490091,0.518744,0.491327,0.514996,0.493763,0.510796,0.496969,0.507063,0.500296,0.504473,0.503083,0.503284,0.504898,0.503316,0.505702,0.504055,0.505847,0.504824,0.505884,0.504988,0.506301,0.504131,0.507304,0.502167,0.508759,0.49935,0.510297,0.496169,0.511504,0.493153,0.512091,0.49069,0.511986,0.48891,0.51131,0.487693,0.510279,0.486745,0.509067,0.485697,0.507666,0.484144,0.50577,0.481579,0.502669,0.477243,0.497186,0.469938,0.487686,0.457929,0.472199,0.439033,0.448655,0.411007,0.41509,0.372136,0.36933,0.32159,0.306125,0.258885,0.18876,0.269778
0.522226,0.159906,0.340481,0.285416,0.370251,0.354326,0.399825,0.400986,0.424629,0.433316,0.444338,0.455058,0.459198,0.469198,0.469867,0.478465,0.477243,0.485122,0.482339,0.490737,0.486165,0.496129,0.489572,0.501506,0.493116,0.506707,0.496957,0.511477,0.50089,0.515685,0.504486,0.519423,0.507301,0.522942,0.509082,0.526455,0.509897,0.529915,0.510137,0.532898,0.510404,0.534677,0.5113,0.534493,0.513202,0.531879,0.516106,0.52691,0.519619,0.520244,0.523117,0.512959,0.525992,0.506231,0.527875,0.501001,0.528729,0.497724,0.528787,0.496288,0.528385,0.496129,0.527798,0.496483,0.527169,0.496686,0.526531,0.496375,0.525902,0.495524,0.525357,0.494304,0.525023,0.492872,0.52499,0.491214,0.525178,0.489149,0.525263,0.486473,0.524706,0.483159,0.522939,0.479485,0.519602,0.476005,0.514752,0.47339,0.50892,0.472212,0.502995,0.472772,0.497979,0.475057,0.494711,0.478775,0.493666,0.483454,0.49488,0.48852,0.498013,0.493351,0.502492,0.497358,0.507662,0.500099,0.512904,0.501426,0.517676,0.501585,0.521529,0.501172,0.524101,0.500937,0.525139,0.501486,0.524528,0.503027,0.522312,0.505291,0.518713,0.507661,0.514114,0.509459,0.509037,0.510246,0.504072,0.510008,0.499781,0.509138,0.496565,0.508259,0.494573,0.507952,0.493661,0.508535,0.493451,0.509968,0.493448,0.5119,0.493182,0.51383,0.492344,0.515301,0.490883,0.516066,0.489059,0.516146,0.487422,0.515789,0.486687,0.515318,0.487525,0.514961,0.490331,0.514724,0.495068,0.514399,0.501266,0.513711,0.508191,0.512565,0.515133,0.511297,0.521752,0.510975,0.528835,0.515043,0.54436,0.513017,0.529448,0.50521,0.523515,0.502594,0.518994,0.501865,0.515283,0.501691,0.512638,0.501209,0.511446,0.499968,0.51194,0.497924,0.514004,0.495351,0.517095,0.49269,0.52031,0.490421,0.522629,0.488974,0.52324,0.488676,0.521812,0.489697,0.518616,0.491982,0.514413,0.495206,0.510183,0.498799,0.506796,0.502088,0.504755,0.504521,0.504093,0.505871,0.504413,0.506317,0.505052,0.50634,0.505295,0.506488,0.504592,0.507127,0.50272,0.508303,0.499842,0.509771,0.496438,0.511142,0.493117,0.512064,0.490394,0.512345,0.488525,0.511994,0.487471,0.511164,0.48696,0.51005,0.486606,0.508754,0.485987,0.507162,0.484635,0.504822,0.481909,0.500825,0.476804,0.493734,0.467789,0.481615,0.452797,0.462185,0.429488,0.433017,0.395808,0.39139,0.350633,0.332238,0.293328,0.237942,0.195168,0.0658666
0.143347,0.269489,0.238743,0.346036,0.322235,0.38039,0.378093,0.409961,0.417263,0.433654,0.444069,0.451552,0.461604,0.464374,0.472815,0.473121,0.480351,0.47893,0.486231,0.482957,0.491684,0.486242,0.497195,0.48955,0.502721,0.493246,0.507977,0.497266,0.512713,0.501215,0.516892,0.504571,0.520702,0.506917,0.524417,0.508132,0.528161,0.50846,0.531711,0.508445,0.534463,0.508752,0.535618,0.509918,0.5345,0.512146,0.530871,0.51522,0.525101,0.518589,0.518103,0.521599,0.511077,0.523758,0.505152,0.524908,0.501067,0.525232,0.498987,0.525104,0.498518,0.524897,0.498914,0.524832,0.499381,0.524951,0.499355,0.525187,0.498637,0.525474,0.497335,0.525811,0.495666,0.526225,0.493745,0.526671,0.491493,0.526917,0.48871,0.526527,0.485271,0.524974,0.481302,0.521861,0.477251,0.517145,0.473788,0.511249,0.471588,0.505009,0.471122,0.499451,0.472529,0.49551,0.475618,0.493787,0.479957,0.494431,0.484975,0.497166,0.490046,0.501433,0.494546,0.506565,0.497943,0.511919,0.499932,0.51694,0.500559,0.521159,0.500261,0.52418,0.499747,0.525688,0.499739,0.525487,0.500681,0.523551,0.502557,0.520049,0.504912,0.515342,0.507065,0.509943,0.508423,0.50446,0.508735,0.499501,0.508199,0.495565,0.507357,0.49294,0.506864,0.491639,0.507217,0.491407,0.508575,0.491796,0.510717,0.49229,0.513149,0.492433,0.515296,0.491959,0.516717,0.490887,0.51725,0.489563,0.517037,0.488607,0.516424,0.488741,0.515768,0.490548,0.515248,0.494249,0.514778,0.499601,0.514083,0.505985,0.512915,0.512638,0.511329,0.518966,0.50991,0.524881,0.509955,0.531093,0.512482,0.530977,0.505462,0.524855,0.501558,0.519915,0.500104,0.515806,0.499724,0.512687,0.499381,0.510936,0.498419,0.510876,0.496624,0.512559,0.494179,0.515624,0.491517,0.519292,0.489153,0.522527,0.487555,0.524338,0.487072,0.524104,0.487892,0.521786,0.49001,0.517941,0.49318,0.513507,0.496921,0.509486,0.5006,0.506615,0.503608,0.505173,0.505571,0.504946,0.506488,0.505339,0.506713,0.505596,0.506781,0.505044,0.507159,0.503301,0.508058,0.500403,0.509378,0.496782,0.510804,0.493099,0.511964,0.490002,0.512582,0.487901,0.51255,0.486872,0.511941,0.486696,0.510934,0.486974,0.5097,0.487248,0.508269,0.487041,0.506411,0.485781,0.503492,0.482627,0.498351,0.476261,0.489237,0.464797,0.473883,0.445917,0.449702,0.41733,0.413952,0.377509,0.363194,0.326843,0.289272,0.277988,0.155301,0.500664
0.785725,0.18491,0.339194,0.29278,0.357318,0.353957,0.391974,0.399193,0.420579,0.431448,0.442283,0.453041,0.457882,0.466777,0.468494,0.475535,0.475381,0.481765,0.479842,0.487156,0.483092,0.492568,0.486109,0.498174,0.489491,0.503738,0.493376,0.508928,0.497485,0.513559,0.501291,0.517704,0.50426,0.521621,0.506076,0.52555,0.506785,0.529469,0.506796,0.532964,0.50675,0.535299,0.507288,0.53568,0.508806,0.533597,0.511292,0.529087,0.514333,0.522803,0.517296,0.515847,0.519593,0.509447,0.520929,0.504589,0.521389,0.501742,0.521352,0.500769,0.52128,0.501039,0.521519,0.501707,0.522186,0.502033,0.523196,0.501612,0.524372,0.500415,0.525563,0.498648,0.526678,0.496524,0.527632,0.494092,0.528241,0.491219,0.528153,0.487729,0.526905,0.483615,0.524089,0.479178,0.519582,0.475015,0.513703,0.47185,0.507213,0.470299,0.501145,0.470679,0.496518,0.472942,0.494067,0.476736,0.494072,0.48152,0.496342,0.486667,0.500347,0.491538,0.505399,0.495545,0.510826,0.498255,0.516051,0.499526,0.520597,0.499593,0.524056,0.499043,0.52607,0.498623,0.526368,0.498955,0.524832,0.500284,0.521555,0.502383,0.516853,0.50467,0.511228,0.506477,0.5053,0.507353,0.499717,0.507256,0.495055,0.50657,0.491716,0.505935,0.48986,0.50598,0.489375,0.507075,0.489909,0.509194,0.490963,0.511939,0.492001,0.51469,0.492584,0.516837,0.492498,0.517999,0.49185,0.518138,0.49108,0.517531,0.490864,0.51661,0.491893,0.515725,0.494612,0.514974,0.499033,0.514177,0.504718,0.513022,0.510938,0.51134,0.516952,0.509346,0.522277,0.507719,0.526747,0.50708,0.529284,0.5046,0.525698,0.500625,0.520886,0.498521,0.51647,0.497802,0.512875,0.497479,0.510523,0.496747,0.509809,0.495205,0.510931,0.492904,0.513719,0.490234,0.517562,0.487742,0.521487,0.485954,0.524406,0.485263,0.525451,0.485882,0.524265,0.487827,0.521122,0.490901,0.516826,0.494696,0.512415,0.498639,0.508816,0.502122,0.506564,0.504681,0.505673,0.50616,0.505687,0.506761,0.505862,0.506946,0.505431,0.507217,0.503852,0.507907,0.500998,0.50906,0.497201,0.510465,0.493137,0.511779,0.489572,0.512673,0.487087,0.512936,0.485908,0.512543,0.485905,0.511637,0.486702,0.510425,0.487805,0.509048,0.488694,0.507454,0.488811,0.50526,0.487426,0.501601,0.483422,0.495003,0.475125,0.483371,0.460328,0.464134,0.436615,0.434534,0.402025,0.391936,0.355843,0.333822,0.298064,0.258287,0.198602,0.259424
0.507948,0.220328,0.288704,0.321995,0.332134,0.36951,0.379826,0.404599,0.417172,0.430964,0.44332,0.450023,0.460213,0.463072,0.470676,0.4715,0.477479,0.476741,0.482782,0.480167,0.487893,0.482956,0.493307,0.485938,0.498933,0.489489,0.50442,0.493519,0.509457,0.497582,0.513965,0.501097,0.518117,0.503595,0.522192,0.504906,0.526331,0.505246,0.530331,0.505149,0.533605,0.505275,0.535349,0.506161,0.534859,0.508001,0.531857,0.510567,0.526672,0.513309,0.520197,0.515598,0.513639,0.517011,0.508156,0.517502,0.50451,0.517401,0.502867,0.517233,0.502808,0.517481,0.503536,0.518402,0.504197,0.519968,0.504178,0.521952,0.503261,0.524068,0.501562,0.526069,0.499336,0.52777,0.496755,0.528966,0.493794,0.529357,0.490295,0.528539,0.486158,0.526117,0.481527,0.521913,0.476872,0.516147,0.472893,0.509492,0.4703,0.502963,0.469582,0.49765,0.470867,0.494423,0.473927,0.493714,0.478283,0.495448,0.483326,0.499137,0.488414,0.50408,0.492927,0.509556,0.496346,0.514954,0.498365,0.519788,0.49901,0.523655,0.498687,0.526181,0.498075,0.527042,0.497889,0.526026,0.498597,0.523125,0.500237,0.518579,0.502409,0.512859,0.504475,0.50659,0.505847,0.500457,0.506251,0.495095,0.505853,0.491004,0.505184,0.488469,0.504925,0.487522,0.505627,0.487939,0.507495,0.489291,0.510307,0.491031,0.51349,0.492612,0.516334,0.493623,0.518243,0.493922,0.518944,0.493719,0.518556,0.49355,0.517494,0.494116,0.516238,0.496022,0.515092,0.499527,0.514051,0.504422,0.512851,0.510096,0.511192,0.515765,0.509012,0.520746,0.506639,0.524589,0.50459,0.526775,0.502612,0.525694,0.499495,0.521752,0.497095,0.517285,0.496008,0.513281,0.495594,0.510323,0.49502,0.508893,0.493722,0.509314,0.491586,0.511597,0.488916,0.515325,0.486266,0.519652,0.48423,0.523481,0.483274,0.525766,0.483656,0.525857,0.485411,0.523708,0.488364,0.519894,0.492147,0.515396,0.496243,0.511254,0.500074,0.508234,0.503143,0.506605,0.505187,0.506106,0.506268,0.506077,0.506735,0.505703,0.507069,0.504301,0.507668,0.501562,0.508697,0.497669,0.510057,0.493254,0.511468,0.489169,0.512589,0.48617,0.513132,0.484657,0.512954,0.48462,0.512128,0.485749,0.510887,0.487554,0.509467,0.489463,0.507958,0.490887,0.50619,0.491145,0.503576,0.489278,0.498959,0.48383,0.490518,0.472766,0.475833,0.453655,0.452141,0.424213,0.416842,0.383167,0.368509,0.330981,0.309256,0.26869,0.218549,0.273937
0.0651332,0.240631,0.266018,0.313532,0.341345,0.359899,0.385351,0.401272,0.417235,0.432227,0.440422,0.452904,0.45651,0.465667,0.467004,0.473423,0.473457,0.478746,0.477382,0.483436,0.480131,0.488396,0.482747,0.493792,0.485851,0.499341,0.48958,0.504656,0.493649,0.509506,0.497521,0.513927,0.500638,0.518157,0.502652,0.522431,0.503558,0.526738,0.503714,0.530685,0.503712,0.533558,0.50415,0.534564,0.505395,0.533169,0.507418,0.529366,0.509807,0.52376,0.511956,0.517421,0.513343,0.511567,0.513782,0.507194,0.513502,0.504785,0.513045,0.504202,0.513019,0.504795,0.513853,0.505687,0.515657,0.506098,0.518235,0.505592,0.52121,0.504131,0.524184,0.501938,0.526817,0.499268,0.528822,0.496224,0.529892,0.492727,0.529661,0.488643,0.52776,0.483985,0.523973,0.479066,0.518431,0.474494,0.511715,0.471004,0.504795,0.469218,0.498812,0.469448,0.494768,0.471628,0.493264,0.475377,0.49437,0.480134,0.497677,0.485266,0.502478,0.490145,0.507997,0.494197,0.513561,0.496994,0.518659,0.498369,0.522895,0.498516,0.525912,0.497969,0.527364,0.497441,0.526964,0.497556,0.524592,0.498602,0.520382,0.500425,0.514738,0.50251,0.508271,0.504227,0.501693,0.505119,0.495695,0.505111,0.490855,0.504551,0.487568,0.504073,0.485995,0.504341,0.486049,0.505781,0.487411,0.508401,0.489584,0.511773,0.491983,0.515176,0.49406,0.517853,0.495454,0.519283,0.496118,0.519351,0.49638,0.518354,0.496852,0.516817,0.49821,0.515227,0.500919,0.513802,0.505013,0.512426,0.510065,0.510787,0.515344,0.508638,0.520069,0.50603,0.523631,0.503319,0.525582,0.500793,0.525319,0.498168,0.52243,0.495775,0.518199,0.494391,0.513919,0.493812,0.510396,0.493314,0.508229,0.492231,0.507855,0.490279,0.509449,0.487632,0.512793,0.484813,0.517212,0.482471,0.521675,0.481165,0.525048,0.481234,0.526436,0.482753,0.525477,0.485554,0.522456,0.489281,0.518197,0.493446,0.513764,0.497502,0.510095,0.500956,0.507715,0.503494,0.506597,0.50507,0.506227,0.505924,0.505812,0.506468,0.504567,0.507116,0.502001,0.508111,0.498116,0.509455,0.493432,0.510944,0.488833,0.512268,0.485234,0.513098,0.483235,0.513172,0.482955,0.512429,0.484171,0.511103,0.48646,0.509531,0.489242,0.507943,0.491874,0.506342,0.493668,0.504385,0.493763,0.501222,0.490897,0.495361,0.48324,0.484637,0.468438,0.466386,0.444002,0.437851,0.408085,0.397042,0.36064,0.345817,0.304494,0.31396,0.215013,0.743993
0.695645,0.20864,0.313299,0.312309,0.339319,0.363454,0.383511,0.400981,0.419481,0.42877,0.444547,0.448451,0.460287,0.461552,0.469525,0.469701,0.475139,0.474529,0.479408,0.477536,0.483716,0.479951,0.488582,0.482614,0.493899,0.485902,0.49928,0.489738,0.504373,0.493708,0.509058,0.497263,0.513469,0.499934,0.517852,0.501521,0.522333,0.502172,0.526717,0.502333,0.530444,0.50258,0.532736,0.503382,0.532898,0.50489,0.530626,0.506865,0.526199,0.508775,0.520453,0.510055,0.514553,0.510384,0.509634,0.509859,0.506458,0.508979,0.505202,0.508438,0.505452,0.508848,0.506405,0.510513,0.507187,0.513355,0.507161,0.516988,0.506085,0.520892,0.504074,0.524557,0.501407,0.527553,0.498303,0.529506,0.494798,0.530045,0.490792,0.528813,0.486221,0.525576,0.481246,0.520391,0.476332,0.513738,0.47217,0.506525,0.469452,0.49991,0.468648,0.495018,0.469869,0.492629,0.472873,0.492995,0.477175,0.495823,0.482179,0.50043,0.487262,0.505985,0.491827,0.511731,0.495362,0.517097,0.497546,0.521679,0.498356,0.525152,0.498133,0.527186,0.497496,0.527457,0.497137,0.525745,0.497549,0.522057,0.498836,0.51669,0.500686,0.510208,0.50253,0.503332,0.503808,0.4968,0.504228,0.491262,0.503911,0.487202,0.503354,0.484894,0.503241,0.484382,0.504164,0.485475,0.506377,0.487773,0.509666,0.49072,0.513403,0.493701,0.516759,0.49619,0.518995,0.497902,0.519729,0.498912,0.519045,0.49966,0.51741,0.500796,0.515421,0.502915,0.51352,0.506281,0.511813,0.510692,0.51009,0.515537,0.508031,0.520027,0.505474,0.523446,0.502565,0.525296,0.499646,0.52523,0.496936,0.52302,0.494564,0.519155,0.492967,0.514743,0.492186,0.510734,0.491686,0.507849,0.490775,0.506636,0.489018,0.507414,0.486432,0.510151,0.483459,0.514364,0.48077,0.519149,0.479025,0.523365,0.478673,0.525953,0.479865,0.526263,0.482458,0.524267,0.48609,0.520556,0.490266,0.516121,0.49445,0.511998,0.498162,0.508927,0.501072,0.507132,0.50308,0.506299,0.504339,0.505719,0.505186,0.504567,0.506008,0.502202,0.507082,0.498424,0.508481,0.493593,0.510073,0.488547,0.511598,0.48432,0.512741,0.481735,0.513161,0.481066,0.512587,0.482121,0.511146,0.484594,0.509307,0.487999,0.507469,0.491666,0.505797,0.494863,0.50415,0.49676,0.501954,0.496244,0.498047,0.491694,0.49059,0.480907,0.477135,0.461311,0.454907,0.430578,0.421303,0.387633,0.374762,0.334902,0.316549,0.297658,0.223505,0.683665
0.719262,0.217552,0.313936,0.309415,0.341932,0.362508,0.382566,0.404594,0.414909,0.434751,0.438579,0.454199,0.454785,0.465573,0.465123,0.471918,0.471301,0.475928,0.474941,0.479495,0.477429,0.483574,0.479792,0.488342,0.482622,0.493506,0.486063,0.498657,0.48988,0.503531,0.493611,0.508123,0.496764,0.512619,0.499001,0.517206,0.500269,0.52185,0.500829,0.526168,0.501153,0.52948,0.501732,0.531028,0.502847,0.530291,0.504427,0.527234,0.506061,0.522405,0.507189,0.516806,0.507383,0.511604,0.506594,0.507765,0.505227,0.50577,0.504005,0.505493,0.5037,0.506302,0.504841,0.507323,0.507544,0.507766,0.51151,0.507174,0.516164,0.505491,0.520845,0.502946,0.524945,0.49983,0.527958,0.496307,0.529453,0.492366,0.529061,0.487931,0.526528,0.483048,0.521847,0.478031,0.515404,0.47346,0.50802,0.470029,0.500845,0.468315,0.495094,0.468591,0.491732,0.470773,0.49122,0.47449,0.493432,0.479207,0.497753,0.484329,0.503317,0.489258,0.509266,0.49344,0.514932,0.496436,0.519868,0.498037,0.523772,0.498362,0.526357,0.497873,0.527311,0.497231,0.526348,0.497062,0.523347,0.497705,0.518471,0.499095,0.512192,0.500813,0.505204,0.502292,0.498283,0.503089,0.492141,0.503096,0.487341,0.502613,0.48425,0.502245,0.483029,0.502666,0.483617,0.50434,0.485735,0.507302,0.488907,0.511106,0.492528,0.514952,0.495975,0.517963,0.498768,0.519496,0.50073,0.519368,0.50207,0.517878,0.50332,0.515635,0.505116,0.513255,0.507903,0.511088,0.51171,0.509123,0.516106,0.507085,0.52036,0.50469,0.5237,0.501872,0.525544,0.498849,0.525567,0.495966,0.523672,0.493499,0.520114,0.491719,0.515667,0.490727,0.511264,0.490158,0.507712,0.489365,0.50566,0.487804,0.505551,0.485323,0.50752,0.482238,0.511276,0.479199,0.516075,0.476941,0.520839,0.476047,0.524427,0.476785,0.525965,0.479074,0.525122,0.482552,0.522209,0.486697,0.518061,0.490946,0.513724,0.494811,0.510094,0.497962,0.507633,0.500284,0.506249,0.501886,0.50538,0.50305,0.504223,0.504122,0.502039,0.505379,0.498444,0.506925,0.493598,0.508678,0.488222,0.510429,0.483399,0.511908,0.480173,0.512788,0.47906,0.512611,0.479823,0.511132,0.482148,0.50892,0.485813,0.506648,0.490235,0.504669,0.494629,0.503014,0.498141,0.501341,0.499749,0.498794,0.49802,0.493877,0.490942,0.484442,0.475987,0.467874,0.450522,0.441427,0.41258,0.402491,0.361756,0.348012,0.298755,0.273214,0.195637,0.272401
0.25132,0.232004,0.264302,0.317691,0.335633,0.36242,0.38683,0.398862,0.423063,0.426656,0.446974,0.446363,0.461217,0.459351,0.468883,0.467328,0.472975,0.472012,0.475864,0.474921,0.478996,0.477237,0.482922,0.479729,0.48755,0.482739,0.492497,0.486225,0.4974,0.489872,0.502113,0.493246,0.506713,0.495963,0.511376,0.497825,0.516168,0.498905,0.520867,0.499523,0.524929,0.500112,0.527624,0.501014,0.528302,0.502297,0.526672,0.503686,0.522981,0.504668,0.518002,0.504749,0.512822,0.503732,0.508516,0.501889,0.505813,0.49991,0.504889,0.49868,0.505355,0.498953,0.506432,0.501094,0.507259,0.50498,0.507186,0.510078,0.50595,0.515627,0.503658,0.520842,0.500609,0.525037,0.497074,0.527661,0.493166,0.528285,0.488859,0.52662,0.484145,0.522607,0.479202,0.516538,0.474476,0.509137,0.470597,0.501508,0.468182,0.494923,0.467625,0.490514,0.468995,0.488973,0.472051,0.490386,0.476351,0.494268,0.481355,0.499761,0.486491,0.505915,0.49119,0.511929,0.494943,0.517265,0.497389,0.521604,0.498437,0.524715,0.498338,0.526332,0.497647,0.526158,0.49703,0.523972,0.497013,0.519787,0.497781,0.513943,0.499124,0.507066,0.500566,0.49994,0.501598,0.49333,0.501928,0.487871,0.501634,0.484012,0.501169,0.482008,0.501191,0.481916,0.502301,0.483587,0.50477,0.486661,0.508386,0.490596,0.512476,0.494749,0.516124,0.498513,0.518487,0.50149,0.519098,0.503635,0.518012,0.505292,0.515736,0.507047,0.51297,0.509453,0.510288,0.51275,0.507924,0.516716,0.505757,0.520736,0.503491,0.524035,0.500903,0.525947,0.498021,0.526087,0.495117,0.524371,0.492541,0.52101,0.490587,0.516564,0.48938,0.511851,0.488694,0.507705,0.487964,0.504847,0.486588,0.50383,0.484256,0.504936,0.481126,0.50805,0.477771,0.512597,0.474969,0.517608,0.473426,0.521933,0.473563,0.52455,0.475411,0.524869,0.478643,0.522913,0.482706,0.519298,0.486982,0.515,0.490938,0.511,0.494223,0.507951,0.496723,0.505989,0.498547,0.504731,0.499961,0.503457,0.501287,0.501391,0.502786,0.498005,0.504565,0.493258,0.50656,0.487699,0.508582,0.482364,0.510411,0.478468,0.511811,0.476881,0.512349,0.477477,0.511189,0.479428,0.508549,0.482894,0.505641,0.487661,0.503109,0.492943,0.501143,0.497821,0.49959,0.501295,0.497854,0.502085,0.494768,0.498389,0.48852,0.487811,0.476757,0.467598,0.456869,0.435236,0.426265,0.389253,0.381696,0.32901,0.313561,0.244359,0.174181,0.0700829
0.326433,0.170889,0.291621,0.300233,0.340714,0.365696,0.380771,0.409128,0.412541,0.438171,0.435989,0.456003,0.45202,0.465681,0.462217,0.470364,0.468352,0.472816,0.472057,0.474982,0.474648,0.477856,0.47704,0.481641,0.479728,0.486071,0.482835,0.490762,0.486208,0.495452,0.489534,0.500097,0.492469,0.504808,0.494759,0.509681,0.496338,0.514611,0.497358,0.519193,0.498142,0.522777,0.499021,0.52467,0.500153,0.5244,0.501385,0.521949,0.502282,0.517829,0.50232,0.512969,0.501168,0.508449,0.498937,0.505166,0.496227,0.503565,0.493971,0.50353,0.493117,0.504466,0.494305,0.505532,0.497664,0.505947,0.5028,0.505234,0.508942,0.503322,0.515163,0.500445,0.52058,0.496937,0.524463,0.493034,0.526268,0.488812,0.525641,0.484271,0.522465,0.479501,0.516948,0.474815,0.509707,0.470743,0.501769,0.467883,0.49442,0.466693,0.488926,0.467353,0.486207,0.469749,0.486605,0.47355,0.489829,0.478301,0.495095,0.483484,0.501396,0.488551,0.507792,0.492959,0.513598,0.49624,0.518423,0.498118,0.522059,0.49862,0.524315,0.498123,0.524934,0.49725,0.523643,0.49664,0.520317,0.496702,0.515134,0.497469,0.508609,0.498623,0.501493,0.499682,0.494589,0.500239,0.488599,0.500176,0.48404,0.49975,0.481245,0.499522,0.480372,0.50014,0.481393,0.502056,0.48408,0.505296,0.487994,0.509384,0.492535,0.513463,0.497041,0.51658,0.500952,0.518022,0.503986,0.517559,0.506252,0.515504,0.508209,0.512533,0.510441,0.509372,0.513354,0.506503,0.516941,0.504032,0.520745,0.50176,0.524034,0.499399,0.526082,0.496802,0.526412,0.494072,0.524884,0.491504,0.521677,0.489423,0.517251,0.488018,0.512304,0.487183,0.507644,0.486464,0.50404,0.485252,0.502135,0.483107,0.502338,0.480012,0.504697,0.476419,0.508799,0.473092,0.513795,0.470836,0.518575,0.470235,0.522046,0.471479,0.523426,0.474332,0.522473,0.478237,0.519559,0.482511,0.515522,0.486534,0.511357,0.489896,0.507857,0.492464,0.505356,0.494367,0.503663,0.4959,0.502177,0.497403,0.50014,0.499138,0.496937,0.501201,0.492359,0.503514,0.486757,0.505877,0.481039,0.508075,0.476475,0.509962,0.474296,0.511365,0.47494,0.511374,0.476836,0.50845,0.479583,0.504654,0.484141,0.501298,0.489887,0.498725,0.495794,0.496914,0.50082,0.495491,0.503783,0.493579,0.50309,0.489695,0.496545,0.481789,0.481423,0.467477,0.454889,0.44443,0.414774,0.410524,0.360472,0.361687,0.292527,0.27758,0.184996,0.0922723
0.158684,0.228989,0.264782,0.318137,0.342923,0.360979,0.393173,0.396181,0.427495,0.423421,0.449445,0.442796,0.461828,0.455585,0.467737,0.463543,0.470176,0.468404,0.471533,0.471615,0.473275,0.474212,0.475974,0.476808,0.479578,0.479642,0.483756,0.482687,0.488195,0.485764,0.492747,0.488638,0.497435,0.491093,0.502332,0.493004,0.507392,0.494398,0.512318,0.495461,0.516559,0.496459,0.519435,0.497581,0.520373,0.498771,0.519145,0.499684,0.516015,0.499793,0.511714,0.498655,0.507244,0.496201,0.503579,0.492888,0.501366,0.489628,0.500752,0.487509,0.501372,0.487436,0.502501,0.489839,0.50331,0.494557,0.503144,0.50091,0.501719,0.507907,0.499138,0.51448,0.495731,0.519688,0.491835,0.522812,0.487647,0.523384,0.483234,0.521212,0.478654,0.516425,0.474117,0.509538,0.470049,0.501475,0.466992,0.493484,0.465416,0.486917,0.465559,0.482902,0.467389,0.482056,0.470674,0.484343,0.475068,0.489133,0.480148,0.495434,0.485419,0.502185,0.490343,0.508526,0.494394,0.513925,0.497149,0.518135,0.498416,0.521028,0.498346,0.522428,0.497436,0.522072,0.496364,0.519733,0.495719,0.515417,0.495773,0.509485,0.496418,0.502612,0.497268,0.495615,0.497883,0.489255,0.498001,0.484113,0.497686,0.480581,0.49735,0.478893,0.497604,0.479135,0.499006,0.481209,0.501785,0.484801,0.505682,0.489396,0.509973,0.494343,0.513694,0.498989,0.515957,0.502857,0.516262,0.505814,0.514664,0.508136,0.511716,0.510364,0.508201,0.513015,0.504803,0.516282,0.501878,0.519896,0.499414,0.523209,0.497165,0.525463,0.494876,0.526076,0.492462,0.524818,0.490068,0.521812,0.487974,0.517456,0.486421,0.512362,0.485428,0.507283,0.484677,0.503012,0.483602,0.500263,0.481671,0.499568,0.478695,0.501123,0.474971,0.504669,0.471194,0.509468,0.468221,0.514459,0.466784,0.518527,0.467265,0.520777,0.469576,0.520761,0.473212,0.518608,0.47744,0.514984,0.481533,0.510837,0.484971,0.507045,0.487555,0.504103,0.489418,0.501996,0.490913,0.500252,0.492451,0.498164,0.494337,0.495083,0.496674,0.490682,0.499357,0.485137,0.502137,0.479182,0.504754,0.474016,0.507067,0.471062,0.509144,0.471526,0.510924,0.474839,0.509091,0.476401,0.503963,0.479974,0.499433,0.485635,0.495953,0.49215,0.493533,0.498347,0.491964,0.503079,0.490625,0.504942,0.488339,0.501987,0.483355,0.491638,0.473525,0.470933,0.456707,0.437141,0.43138,0.388764,0.39719,0.327811,0.353314,0.277956,0.255299,0.605017
0.633751,0.229914,0.316509,0.325724,0.340906,0.376812,0.377606,0.415051,0.408459,0.441146,0.431382,0.456774,0.447072,0.464587,0.45718,0.467589,0.463517,0.468478,0.467662,0.469178,0.470783,0.470675,0.47359,0.473196,0.47639,0.476549,0.479219,0.480443,0.481988,0.484676,0.484586,0.489195,0.486913,0.494024,0.488888,0.499128,0.490486,0.504272,0.491781,0.508984,0.492945,0.512628,0.494144,0.514581,0.495389,0.51447,0.496418,0.51235,0.496733,0.508752,0.495799,0.504552,0.493356,0.500727,0.489667,0.49805,0.485552,0.496872,0.482169,0.497061,0.480652,0.498075,0.481747,0.49914,0.485594,0.499491,0.491712,0.49863,0.499144,0.496469,0.506699,0.493271,0.513214,0.489426,0.517746,0.48525,0.519657,0.480907,0.518644,0.476477,0.514756,0.47211,0.508415,0.468146,0.500435,0.465073,0.491979,0.463351,0.484417,0.463225,0.479043,0.464679,0.476744,0.467523,0.477781,0.471509,0.48176,0.476344,0.487794,0.481646,0.494773,0.48692,0.501664,0.491625,0.507733,0.495242,0.512614,0.497388,0.516188,0.497959,0.518372,0.497247,0.518973,0.495884,0.517715,0.494587,0.514444,0.493864,0.509333,0.493834,0.502939,0.494257,0.49606,0.494724,0.48951,0.494891,0.483935,0.494672,0.47977,0.494312,0.4773,0.494332,0.476702,0.495321,0.478008,0.497654,0.48104,0.501267,0.485388,0.505602,0.490457,0.509756,0.495568,0.512757,0.500105,0.513885,0.503713,0.512923,0.50645,0.510225,0.50876,0.506538,0.511219,0.502672,0.514201,0.49921,0.517638,0.496369,0.521006,0.494044,0.523536,0.491969,0.524541,0.489918,0.523672,0.487844,0.520976,0.485892,0.516798,0.484286,0.511678,0.483151,0.506306,0.482332,0.501469,0.48136,0.497946,0.479661,0.496382,0.476884,0.497129,0.473147,0.500082,0.469039,0.504603,0.465414,0.509651,0.46311,0.51409,0.462701,0.516973,0.464301,0.517726,0.467522,0.51628,0.471631,0.513116,0.475801,0.509101,0.479362,0.505153,0.481987,0.501896,0.483756,0.499456,0.485077,0.497479,0.486472,0.495311,0.488355,0.492293,0.490884,0.488031,0.493939,0.482578,0.497204,0.476505,0.500321,0.470861,0.503065,0.467049,0.505513,0.466653,0.508313,0.47132,0.511909,0.474446,0.50405,0.47554,0.4977,0.48041,0.493007,0.487061,0.48966,0.494002,0.487522,0.500046,0.486205,0.503943,0.48482,0.504021,0.481892,0.497959,0.475503,0.482849,0.463621,0.455623,0.444745,0.413807,0.419168,0.356665,0.392378,0.287069,0.399834,0.189644,0.986281
0.838541,0.245759,0.346247,0.317824,0.363638,0.356543,0.401495,0.390891,0.430919,0.417521,0.449991,0.436365,0.46031,0.448893,0.464536,0.456973,0.465469,0.462313,0.465403,0.46623,0.465747,0.469554,0.467049,0.472643,0.46931,0.475524,0.472335,0.47811,0.475948,0.480361,0.480062,0.48232,0.48466,0.484048,0.489693,0.485576,0.494947,0.486927,0.499994,0.488181,0.504229,0.489451,0.507012,0.490776,0.507867,0.491977,0.506686,0.492608,0.503825,0.492075,0.500031,0.489924,0.496238,0.486175,0.493279,0.481474,0.491643,0.476973,0.491377,0.473978,0.492136,0.473536,0.493292,0.476124,0.494078,0.481546,0.49382,0.488996,0.4922,0.497253,0.48934,0.504966,0.485636,0.510936,0.481494,0.514295,0.477187,0.514578,0.472854,0.511735,0.46862,0.506114,0.464762,0.498427,0.461742,0.489726,0.460034,0.481324,0.459886,0.474604,0.461233,0.470697,0.463824,0.470178,0.467432,0.472949,0.471908,0.478329,0.477052,0.485266,0.482481,0.492613,0.487675,0.499414,0.492075,0.505091,0.495158,0.509444,0.496564,0.512453,0.496298,0.514036,0.494844,0.513939,0.49299,0.511876,0.49147,0.507807,0.490656,0.502121,0.490483,0.495564,0.490607,0.489003,0.490653,0.483159,0.490429,0.478507,0.490043,0.475342,0.489906,0.4739,0.490585,0.474343,0.492547,0.476644,0.495885,0.480512,0.500191,0.485423,0.504649,0.490708,0.508278,0.495684,0.510218,0.499811,0.510003,0.502909,0.507744,0.505277,0.504077,0.507518,0.499865,0.510174,0.495862,0.513393,0.492506,0.516812,0.489891,0.519683,0.487848,0.521204,0.486097,0.52087,0.484419,0.518627,0.482761,0.51478,0.481236,0.509809,0.480009,0.50432,0.479091,0.499059,0.478178,0.494855,0.476712,0.492471,0.474205,0.492423,0.470576,0.494789,0.466275,0.499048,0.462121,0.504139,0.458999,0.508824,0.457634,0.512116,0.458376,0.513404,0.461024,0.512503,0.464909,0.509728,0.469139,0.505847,0.472896,0.501804,0.475662,0.498329,0.477382,0.495672,0.478457,0.49356,0.479539,0.491368,0.48122,0.488407,0.483787,0.484236,0.487154,0.478847,0.49094,0.472708,0.494656,0.46672,0.497929,0.462137,0.500669,0.46047,0.503373,0.463789,0.508888,0.480498,0.506366,0.471265,0.496206,0.474375,0.490001,0.480708,0.485478,0.487986,0.482397,0.49487,0.48059,0.500224,0.479463,0.502671,0.477815,0.500233,0.473931,0.490227,0.465879,0.469502,0.451996,0.435,0.431887,0.38447,0.408839,0.317148,0.394526,0.234733,0.352205,0.208857
0.572449,0.266637,0.301027,0.348819,0.332109,0.387297,0.370347,0.418812,0.400987,0.441064,0.423213,0.45427,0.43837,0.460378,0.448398,0.461992,0.455133,0.461609,0.460043,0.461035,0.464125,0.461155,0.467826,0.462175,0.471133,0.464041,0.473849,0.466685,0.475884,0.470069,0.477374,0.474177,0.47858,0.478954,0.479709,0.484191,0.480838,0.48946,0.481991,0.494157,0.483213,0.497621,0.484541,0.499296,0.485874,0.498935,0.486851,0.496752,0.48687,0.493389,0.485301,0.489734,0.48187,0.486656,0.476964,0.484724,0.471629,0.484081,0.467275,0.484521,0.465218,0.485604,0.466279,0.486692,0.47059,0.487035,0.477604,0.486064,0.486199,0.483685,0.494912,0.480242,0.502286,0.476211,0.507169,0.471959,0.508868,0.467699,0.507192,0.463556,0.502422,0.459748,0.495213,0.456726,0.486502,0.455049,0.477485,0.45504,0.469531,0.456575,0.463945,0.459223,0.461613,0.462614,0.462767,0.466673,0.467009,0.471454,0.473472,0.476804,0.481021,0.482274,0.488517,0.487301,0.495103,0.491305,0.500379,0.493711,0.504305,0.494169,0.506917,0.492869,0.508062,0.490577,0.507376,0.488252,0.504584,0.486571,0.499842,0.485689,0.493802,0.485329,0.48738,0.485095,0.481414,0.484723,0.476437,0.484223,0.472718,0.483913,0.470482,0.484322,0.470007,0.48598,0.471453,0.489111,0.474676,0.493425,0.479221,0.49816,0.484437,0.502347,0.48961,0.505062,0.494078,0.505651,0.49742,0.503971,0.499727,0.500488,0.501599,0.496067,0.503761,0.491582,0.506613,0.487646,0.51,0.484551,0.513237,0.482305,0.515406,0.480689,0.515785,0.479384,0.514165,0.478137,0.510817,0.476854,0.50621,0.475621,0.500848,0.474581,0.49537,0.473655,0.490618,0.472399,0.487477,0.470221,0.486649,0.46682,0.488436,0.462464,0.492499,0.457922,0.497769,0.454112,0.502772,0.45181,0.506343,0.451594,0.507916,0.453519,0.507314,0.457051,0.504743,0.461295,0.500869,0.46531,0.496661,0.468374,0.492976,0.4702,0.490188,0.47107,0.488086,0.471725,0.486023,0.472991,0.483222,0.475383,0.47915,0.478931,0.473766,0.483228,0.467526,0.48764,0.461261,0.491592,0.456072,0.494789,0.453259,0.497322,0.454232,0.499868,0.460409,0.502908,0.464974,0.494232,0.467314,0.486877,0.473175,0.481112,0.480507,0.476807,0.487825,0.474032,0.49406,0.472552,0.498133,0.471475,0.498494,0.469271,0.492841,0.464098,0.47817,0.454201,0.451194,0.438465,0.408917,0.417838,0.348897,0.399604,0.268083,0.419718,0.146041,0.978776
0.416181,0.201691,0.332817,0.298049,0.372334,0.346001,0.40502,0.381588,0.429765,0.407467,0.445894,0.425386,0.454413,0.437483,0.457405,0.445753,0.457296,0.451783,0.456206,0.45675,0.455382,0.461294,0.455206,0.465416,0.455734,0.468729,0.457065,0.470913,0.459326,0.472045,0.462583,0.472565,0.466816,0.472974,0.47184,0.473547,0.477209,0.474321,0.48227,0.475279,0.486313,0.476428,0.488705,0.47773,0.489055,0.478948,0.487437,0.479551,0.484425,0.478799,0.480894,0.476092,0.477762,0.471445,0.475685,0.465689,0.474837,0.46024,0.475015,0.456644,0.475902,0.45606,0.477107,0.458955,0.477986,0.465098,0.477762,0.473608,0.476021,0.483045,0.472973,0.491728,0.469164,0.498179,0.46505,0.501407,0.460899,0.501008,0.456857,0.497173,0.453062,0.490561,0.449912,0.482054,0.448107,0.472695,0.448206,0.463721,0.450149,0.456496,0.453261,0.452184,0.456788,0.451358,0.460498,0.453939,0.464709,0.459349,0.469685,0.466639,0.475168,0.474624,0.480589,0.482163,0.485384,0.488523,0.488891,0.493508,0.490386,0.497225,0.489578,0.499696,0.48702,0.500576,0.48387,0.499348,0.481212,0.495836,0.479517,0.490516,0.478602,0.484348,0.477996,0.478345,0.477349,0.473184,0.476599,0.469097,0.476006,0.466188,0.476083,0.464767,0.477419,0.465236,0.480382,0.467681,0.484807,0.471737,0.489926,0.47673,0.494706,0.481905,0.498192,0.486545,0.499633,0.490019,0.498645,0.492113,0.495473,0.493354,0.490944,0.49469,0.486052,0.496855,0.481544,0.499978,0.477844,0.503513,0.475148,0.506442,0.473421,0.507755,0.472361,0.506964,0.471567,0.504279,0.470697,0.500246,0.469605,0.495317,0.468437,0.489929,0.467387,0.484829,0.466263,0.481023,0.464452,0.479425,0.461404,0.480603,0.45713,0.484507,0.452318,0.490179,0.447977,0.495847,0.444876,0.499801,0.443663,0.501464,0.444741,0.500862,0.447792,0.49822,0.451974,0.494104,0.456273,0.489499,0.459802,0.485446,0.461991,0.48251,0.462847,0.480543,0.46307,0.478835,0.463731,0.476441,0.465693,0.472616,0.46922,0.467221,0.47396,0.460778,0.479146,0.454184,0.483953,0.448488,0.487848,0.444811,0.490679,0.444292,0.492573,0.447742,0.493529,0.454111,0.490296,0.458431,0.48329,0.464308,0.476589,0.471683,0.470945,0.479211,0.46679,0.485845,0.464341,0.490793,0.463151,0.493002,0.4619,0.490707,0.458775,0.481276,0.452007,0.461456,0.440148,0.427956,0.422465,0.377819,0.400493,0.307756,0.380439,0.215005,0.318814,0.19481
0.204084,0.267763,0.254158,0.356674,0.317274,0.390019,0.359308,0.416116,0.389159,0.434773,0.409876,0.445955,0.424019,0.450986,0.43388,0.451851,0.441113,0.450769,0.446985,0.44941,0.452433,0.448334,0.457652,0.447561,0.462091,0.447315,0.465016,0.448027,0.466177,0.449983,0.466048,0.453263,0.46548,0.457763,0.465145,0.463052,0.465219,0.468388,0.465639,0.472946,0.466344,0.476005,0.467338,0.477023,0.468531,0.47587,0.469558,0.473058,0.469714,0.469512,0.468104,0.466243,0.46424,0.464063,0.458578,0.463204,0.452434,0.46333,0.447507,0.46402,0.445312,0.46512,0.446649,0.466361,0.451571,0.466949,0.459546,0.466042,0.469354,0.463538,0.479201,0.460054,0.487244,0.456203,0.492123,0.452275,0.493134,0.448422,0.490293,0.444708,0.484298,0.441347,0.47612,0.439122,0.466692,0.439029,0.45702,0.441369,0.448327,0.445348,0.441975,0.449594,0.438909,0.453284,0.43935,0.456778,0.443044,0.460984,0.44939,0.466143,0.457409,0.471676,0.465797,0.476987,0.473379,0.481541,0.479615,0.48439,0.484547,0.484562,0.488406,0.482051,0.491042,0.478069,0.491742,0.474228,0.489866,0.471543,0.485541,0.470032,0.479727,0.469071,0.473684,0.46811,0.468378,0.466996,0.464118,0.465952,0.460758,0.465523,0.458425,0.466383,0.457761,0.469087,0.459258,0.473681,0.462733,0.479397,0.467466,0.484973,0.472557,0.489321,0.477242,0.491694,0.4808,0.491537,0.482619,0.488804,0.482938,0.484217,0.482949,0.478938,0.483882,0.473893,0.48628,0.469559,0.489854,0.466212,0.493572,0.464066,0.49608,0.463017,0.496417,0.462608,0.49456,0.462298,0.491241,0.461583,0.487057,0.460359,0.482188,0.459031,0.47706,0.457858,0.472726,0.4564,0.470378,0.453841,0.470869,0.449817,0.474542,0.444819,0.480774,0.440014,0.487679,0.436381,0.492597,0.434229,0.494335,0.434359,0.493416,0.436813,0.490359,0.440851,0.48567,0.445418,0.480283,0.449532,0.475483,0.452397,0.472172,0.453602,0.470355,0.453561,0.469232,0.453502,0.467622,0.454749,0.464411,0.457981,0.45915,0.463014,0.452397,0.469027,0.445295,0.474891,0.439032,0.479738,0.43465,0.483233,0.433101,0.485337,0.435157,0.485961,0.440572,0.484273,0.447018,0.478818,0.453714,0.471828,0.461441,0.464978,0.469253,0.459159,0.476033,0.455113,0.481203,0.453068,0.484261,0.452096,0.48413,0.450321,0.478791,0.445871,0.465269,0.437312,0.440193,0.423366,0.400489,0.402789,0.343158,0.375811,0.261827,0.354901,0.129234,0.648606
0.744182,0.185703,0.365345,0.286287,0.37582,0.334875,0.400486,0.368652,0.420765,0.392044,0.434435,0.407982,0.441977,0.419294,0.444602,0.427793,0.444144,0.434562,0.442722,0.440769,0.441281,0.447122,0.439591,0.453131,0.437716,0.457559,0.43646,0.459468,0.436596,0.459024,0.438403,0.457352,0.441912,0.455748,0.446821,0.454787,0.452316,0.454383,0.457352,0.454367,0.461061,0.454702,0.462792,0.455462,0.462112,0.456524,0.459344,0.457413,0.455551,0.457139,0.451899,0.454613,0.449442,0.44965,0.448658,0.443323,0.449068,0.437391,0.449802,0.433716,0.450621,0.433526,0.451873,0.437055,0.453217,0.444068,0.453408,0.453811,0.451672,0.464617,0.448565,0.47428,0.445076,0.480953,0.441555,0.483569,0.438054,0.481832,0.434626,0.476383,0.431185,0.468492,0.428271,0.459181,0.427399,0.449193,0.429715,0.439385,0.434741,0.431054,0.440481,0.425599,0.444918,0.423562,0.447805,0.424901,0.450721,0.42945,0.455035,0.436718,0.460389,0.445593,0.46585,0.454454,0.47112,0.462161,0.475496,0.468482,0.477313,0.473753,0.47546,0.478247,0.470761,0.481298,0.465424,0.481659,0.461363,0.478798,0.459124,0.473496,0.457932,0.467325,0.456775,0.461733,0.455287,0.457385,0.45365,0.453917,0.452463,0.450875,0.452556,0.448893,0.454703,0.449135,0.459318,0.451874,0.465825,0.456383,0.472603,0.461479,0.478087,0.466164,0.481525,0.469812,0.482409,0.471508,0.480333,0.470784,0.475738,0.468866,0.469975,0.46776,0.464361,0.468676,0.459444,0.471733,0.455363,0.47606,0.45247,0.480001,0.451089,0.481917,0.450874,0.481167,0.451161,0.478577,0.451151,0.47531,0.450131,0.471492,0.448393,0.466873,0.446829,0.462238,0.445568,0.45917,0.443639,0.458879,0.440103,0.462097,0.435056,0.468816,0.429681,0.47744,0.425643,0.484653,0.422957,0.486907,0.421998,0.485389,0.423746,0.481488,0.42757,0.475866,0.432382,0.469239,0.437111,0.463069,0.440921,0.458839,0.442996,0.456949,0.443115,0.456545,0.442367,0.456142,0.4426,0.45416,0.445174,0.449495,0.450251,0.442456,0.457063,0.434574,0.464234,0.427479,0.470351,0.422356,0.474801,0.419975,0.477561,0.421068,0.478551,0.425873,0.477409,0.433089,0.473373,0.440966,0.466732,0.449473,0.459028,0.457975,0.451492,0.465045,0.445271,0.470034,0.441469,0.473012,0.440018,0.473726,0.439052,0.471027,0.436239,0.462544,0.430144,0.44497,0.419867,0.415087,0.403581,0.370525,0.377493,0.308495,0.334606,0.215745,0.22937,0.015364
0.43841,0.293696,0.272895,0.360584,0.311048,0.383312,0.346827,0.404051,0.372482,0.419565,0.389695,0.429641,0.401912,0.434819,0.411608,0.435791,0.419399,0.434691,0.426103,0.433484,0.433248,0.431694,0.440974,0.428579,0.447691,0.425037,0.451421,0.422756,0.451415,0.422497,0.448778,0.42439,0.44551,0.428418,0.443143,0.433856,0.441648,0.439366,0.440689,0.44373,0.440034,0.446249,0.439871,0.446249,0.440386,0.44349,0.44147,0.439155,0.442466,0.434769,0.441798,0.431597,0.438249,0.430668,0.43234,0.431659,0.425856,0.43303,0.420858,0.433681,0.419251,0.434397,0.421478,0.436116,0.427243,0.43768,0.436382,0.437169,0.447821,0.434484,0.459154,0.43127,0.467828,0.428368,0.472314,0.425464,0.471946,0.422585,0.467,0.419519,0.459099,0.415991,0.449888,0.413609,0.43991,0.41493,0.429557,0.420616,0.419516,0.428563,0.411562,0.43509,0.406901,0.438132,0.405436,0.439263,0.407301,0.44179,0.412695,0.446589,0.42125,0.451953,0.431286,0.45729,0.440689,0.462917,0.448668,0.46709,0.455393,0.466995,0.46163,0.462088,0.46736,0.454906,0.470784,0.448763,0.470221,0.44533,0.465803,0.444045,0.45941,0.443042,0.453171,0.44136,0.448505,0.439119,0.445277,0.436927,0.442083,0.435862,0.438739,0.436965,0.437172,0.441089,0.438802,0.448303,0.443051,0.456822,0.448446,0.464053,0.453299,0.468776,0.456996,0.470946,0.458927,0.469928,0.457528,0.465541,0.45321,0.459092,0.448974,0.452655,0.447299,0.447186,0.44888,0.4425,0.453258,0.438614,0.4587,0.4364,0.462783,0.436082,0.46375,0.43681,0.461878,0.437791,0.459334,0.437573,0.457002,0.435519,0.453772,0.433055,0.449302,0.431515,0.445523,0.430289,0.444385,0.427597,0.446829,0.422798,0.453604,0.416765,0.463982,0.411782,0.474845,0.409688,0.479717,0.407337,0.477402,0.408186,0.472083,0.411735,0.465111,0.41682,0.456868,0.422144,0.448553,0.426973,0.442452,0.430482,0.439845,0.43153,0.440075,0.430418,0.441218,0.429371,0.441224,0.430773,0.438094,0.435531,0.43116,0.442958,0.422233,0.451678,0.413821,0.459561,0.407643,0.465296,0.404464,0.468954,0.404648,0.470709,0.408947,0.470247,0.41672,0.467205,0.425806,0.461293,0.435322,0.453183,0.44507,0.444161,0.453119,0.435424,0.458005,0.428792,0.460186,0.425744,0.460445,0.425103,0.458668,0.423576,0.453577,0.419098,0.442199,0.411427,0.421025,0.400083,0.387583,0.380989,0.341412,0.345097,0.283405,0.276545,0.192051,0.230883
0.716143,0.223792,0.359856,0.289847,0.36509,0.32487,0.384993,0.352154,0.401525,0.370011,0.413433,0.382021,0.42161,0.392281,0.425236,0.401445,0.424868,0.408634,0.424064,0.415786,0.423341,0.424803,0.420131,0.43433,0.414386,0.441246,0.408934,0.443026,0.405943,0.440027,0.40552,0.434773,0.407884,0.430368,0.412828,0.427576,0.418805,0.425509,0.423922,0.42372,0.427223,0.422144,0.428248,0.421442,0.425857,0.421854,0.420683,0.423479,0.415134,0.424979,0.410669,0.423742,0.408862,0.418966,0.41036,0.412471,0.413204,0.406412,0.414532,0.403308,0.414233,0.404554,0.415284,0.409176,0.418196,0.417117,0.419767,0.428586,0.417878,0.44159,0.414495,0.45264,0.41219,0.459326,0.410327,0.460777,0.408193,0.456603,0.406106,0.448199,0.4028,0.43861,0.39849,0.428795,0.397272,0.418524,0.402306,0.407532,0.412532,0.396967,0.42294,0.38955,0.428087,0.385249,0.427583,0.38372,0.426731,0.385944,0.430003,0.392715,0.435433,0.403393,0.440234,0.414776,0.445971,0.424745,0.452767,0.433171,0.456097,0.440802,0.452357,0.449069,0.44326,0.45648,0.433959,0.459579,0.42825,0.456937,0.42665,0.450353,0.42647,0.442979,0.425076,0.43727,0.422432,0.43423,0.419153,0.431864,0.416482,0.427734,0.415968,0.423602,0.418747,0.423238,0.425931,0.426962,0.436524,0.432942,0.446619,0.438625,0.453183,0.442326,0.456714,0.444652,0.45734,0.443699,0.453771,0.437236,0.446583,0.42857,0.438682,0.422723,0.432412,0.421461,0.427433,0.424748,0.422683,0.431341,0.418969,0.438144,0.418017,0.441938,0.418959,0.441232,0.420822,0.438685,0.422306,0.437673,0.420701,0.43699,0.416849,0.433813,0.414022,0.429323,0.413199,0.42718,0.411891,0.428667,0.407867,0.434701,0.40146,0.446236,0.394629,0.460888,0.392107,0.474032,0.390626,0.470381,0.389641,0.462887,0.392954,0.453842,0.398331,0.443824,0.404395,0.432764,0.410042,0.423418,0.415259,0.418818,0.418355,0.419149,0.417773,0.422016,0.415363,0.424646,0.414859,0.424436,0.418693,0.418794,0.426418,0.408771,0.436669,0.398361,0.447082,0.39043,0.454735,0.386263,0.459421,0.385563,0.462115,0.388934,0.462617,0.397276,0.460485,0.408014,0.455559,0.418647,0.447544,0.429814,0.437433,0.440052,0.426352,0.445768,0.415923,0.44686,0.40949,0.445519,0.40826,0.442849,0.408188,0.439014,0.404985,0.432163,0.398391,0.41846,0.390289,0.394499,0.379518,0.359897,0.35702,0.318266,0.306448,0.300816,0.180055,0.806074
0.667043,0.271959,0.288736,0.341405,0.303586,0.363533,0.332044,0.381051,0.350361,0.393439,0.360738,0.403888,0.369626,0.411771,0.380294,0.413422,0.388944,0.412155,0.395147,0.413339,0.404101,0.412209,0.416274,0.405429,0.427707,0.395918,0.433453,0.38919,0.431367,0.385896,0.424353,0.385544,0.416595,0.38913,0.412277,0.395403,0.408959,0.401628,0.406199,0.405682,0.402924,0.407784,0.400297,0.406826,0.39913,0.400841,0.399958,0.393434,0.403255,0.387278,0.40542,0.383348,0.402902,0.384449,0.396802,0.389282,0.390331,0.393218,0.38527,0.392408,0.385595,0.390898,0.389925,0.394053,0.396333,0.398792,0.406758,0.399143,0.42107,0.39501,0.435165,0.392331,0.444583,0.392218,0.448299,0.391181,0.445753,0.390192,0.4367,0.388799,0.425347,0.383456,0.415585,0.377851,0.405631,0.379762,0.395197,0.390842,0.382352,0.406661,0.371456,0.417386,0.364823,0.417318,0.359696,0.411268,0.35763,0.410243,0.360534,0.416078,0.370223,0.420904,0.384005,0.424685,0.396348,0.432857,0.407033,0.441471,0.415922,0.441745,0.425582,0.431687,0.437509,0.417882,0.44618,0.408032,0.447225,0.404802,0.44087,0.406283,0.431905,0.406294,0.424021,0.403643,0.420062,0.399575,0.419456,0.394895,0.416472,0.392133,0.409465,0.392702,0.405174,0.398232,0.407718,0.410282,0.414098,0.424693,0.421844,0.434757,0.426198,0.439361,0.428136,0.442056,0.429082,0.440445,0.422524,0.433211,0.40847,0.42286,0.396045,0.414823,0.390202,0.409698,0.390609,0.404979,0.397198,0.399338,0.406939,0.396453,0.414928,0.39764,0.41719,0.399668,0.413789,0.403379,0.412512,0.404243,0.415109,0.399173,0.415652,0.393484,0.410955,0.391699,0.407059,0.392434,0.407751,0.390092,0.412253,0.38402,0.42343,0.375434,0.441281,0.368454,0.461163,0.378129,0.466096,0.367368,0.455071,0.370849,0.442624,0.376419,0.43058,0.383705,0.416995,0.390034,0.402871,0.396413,0.394158,0.402645,0.393168,0.404457,0.397764,0.401171,0.403336,0.397893,0.40734,0.399535,0.405472,0.407302,0.395101,0.418488,0.381814,0.432185,0.371053,0.443145,0.365035,0.449184,0.363876,0.452564,0.365627,0.454387,0.37359,0.453235,0.386918,0.449437,0.399576,0.442309,0.411349,0.431419,0.42483,0.418752,0.433665,0.404361,0.434286,0.392211,0.430351,0.387962,0.425261,0.389827,0.419953,0.38868,0.415435,0.382289,0.40771,0.374046,0.392364,0.368919,0.366684,0.361477,0.334235,0.335732,0.296285,0.275259,0.221527,0.224422
0.57681,0.199538,0.323392,0.275222,0.339157,0.311818,0.358865,0.332358,0.371032,0.340248,0.380875,0.344496,0.393475,0.354568,0.40072,0.367109,0.398323,0.372942,0.399315,0.378934,0.403554,0.392341,0.398862,0.408904,0.385377,0.421456,0.372622,0.422993,0.366023,0.415152,0.362259,0.402968,0.362795,0.395093,0.368729,0.391358,0.376533,0.387375,0.381934,0.383122,0.384432,0.377685,0.385896,0.374239,0.380905,0.372631,0.370361,0.375658,0.36201,0.382055,0.355265,0.383904,0.353518,0.378762,0.359754,0.372262,0.36847,0.365639,0.370401,0.363365,0.364682,0.368823,0.364384,0.374773,0.372537,0.382549,0.37821,0.396785,0.374303,0.414528,0.368484,0.428072,0.369823,0.434285,0.371689,0.434401,0.370983,0.426064,0.372565,0.411079,0.369821,0.399597,0.359198,0.390477,0.353898,0.381354,0.362521,0.368953,0.383072,0.352904,0.403961,0.343619,0.409738,0.33646,0.398856,0.329143,0.387931,0.326369,0.392052,0.331591,0.400246,0.3472,0.401022,0.363445,0.406043,0.376485,0.420353,0.387693,0.429318,0.396989,0.421766,0.411817,0.402611,0.428425,0.385644,0.436303,0.378062,0.432066,0.380594,0.420902,0.384716,0.409879,0.382822,0.40263,0.378412,0.40297,0.372019,0.404537,0.366007,0.396866,0.363843,0.385681,0.365904,0.384627,0.376694,0.391296,0.396053,0.401366,0.413081,0.40929,0.419565,0.409685,0.42288,0.411663,0.425079,0.409748,0.419596,0.391946,0.406743,0.369281,0.394395,0.356068,0.388479,0.35184,0.385117,0.355881,0.37882,0.367939,0.37172,0.381235,0.372263,0.389535,0.374894,0.386812,0.378993,0.381421,0.385294,0.385816,0.381729,0.393442,0.37137,0.391713,0.365605,0.384296,0.36778,0.383601,0.369343,0.38726,0.364343,0.395448,0.355525,0.414992,0.343,0.439236,0.336189,0.456128,0.337776,0.449096,0.344001,0.432861,0.351143,0.416847,0.359163,0.402251,0.367535,0.383083,0.373512,0.366957,0.382561,0.361927,0.389725,0.367362,0.387686,0.376521,0.380901,0.384884,0.378225,0.389993,0.384976,0.382629,0.397014,0.365474,0.41305,0.350289,0.429969,0.340781,0.438777,0.338995,0.442116,0.340084,0.445028,0.34486,0.44556,0.360508,0.442508,0.378195,0.437254,0.390027,0.426441,0.405004,0.412428,0.420811,0.395796,0.423809,0.376286,0.41655,0.364256,0.407639,0.36659,0.398516,0.370566,0.392582,0.365123,0.389141,0.353932,0.381732,0.347589,0.364317,0.352288,0.339469,0.350462,0.312136,0.324479,0.268569,0.240347,0.219695
0.210384,0.234768,0.234483,0.30852,0.289448,0.335128,0.317865,0.349607,0.324006,0.354088,0.320612,0.367342,0.322697,0.386167,0.34147,0.387017,0.352645,0.379019,0.351163,0.391626,0.362143,0.394876,0.383167,0.381015,0.404929,0.357607,0.415889,0.346086,0.407987,0.339962,0.393559,0.334677,0.374816,0.33876,0.373814,0.348046,0.366904,0.356982,0.364132,0.359146,0.355107,0.361274,0.34829,0.362848,0.344049,0.348077,0.342138,0.33494,0.351965,0.327307,0.361651,0.318369,0.35997,0.323696,0.351202,0.33727,0.346842,0.34926,0.337399,0.341334,0.343977,0.329848,0.3539,0.338474,0.357618,0.353608,0.368629,0.355646,0.389325,0.342738,0.410276,0.340652,0.419558,0.350258,0.422087,0.349595,0.41804,0.351196,0.39976,0.357709,0.379694,0.346175,0.374332,0.32731,0.363355,0.328631,0.358438,0.348647,0.336593,0.383757,0.319683,0.404665,0.315519,0.395673,0.302088,0.367677,0.293207,0.359944,0.289203,0.377443,0.301776,0.380293,0.326875,0.373384,0.340988,0.388902,0.356951,0.412516,0.366135,0.415363,0.37745,0.392452,0.404181,0.36335,0.423039,0.348042,0.426219,0.346471,0.411773,0.359629,0.397047,0.361045,0.384008,0.355714,0.380399,0.349654,0.389525,0.338788,0.388904,0.333161,0.369017,0.331656,0.356661,0.335786,0.365457,0.357734,0.374574,0.386292,0.391739,0.400786,0.393009,0.398977,0.388577,0.406973,0.397072,0.405865,0.384048,0.393939,0.34683,0.372508,0.319964,0.363395,0.310572,0.361624,0.308079,0.35939,0.320024,0.346716,0.339572,0.34072,0.355971,0.349159,0.362014,0.348169,0.34718,0.360773,0.347011,0.366941,0.363369,0.351059,0.373874,0.336828,0.361641,0.335425,0.354783,0.345612,0.36146,0.342888,0.364501,0.334873,0.380253,0.32157,0.413399,0.301135,0.439654,0.297663,0.444571,0.308705,0.428473,0.324302,0.40257,0.329204,0.38832,0.343652,0.368,0.348289,0.339837,0.356179,0.326523,0.37168,0.329239,0.376512,0.344331,0.366067,0.355916,0.356834,0.36915,0.357904,0.373315,0.374057,0.352308,0.38773,0.329484,0.413823,0.315155,0.429664,0.308863,0.432593,0.314628,0.434018,0.312711,0.438466,0.325705,0.435337,0.353292,0.431694,0.369723,0.424415,0.378093,0.406793,0.404422,0.391568,0.417229,0.366085,0.407231,0.340243,0.391477,0.334735,0.378889,0.350137,0.364637,0.348656,0.363951,0.335633,0.361962,0.318267,0.356512,0.324628,0.333819,0.348695,0.317488,0.351138,0.297294,0.353411,0.2202,0.863613
0.476339,0.166515,0.280944,0.255974,0.306051,0.304357,0.327885,0.313119,0.328473,0.301628,0.330385,0.28784,0.359164,0.302589,0.378202,0.331017,0.358937,0.327084,0.363375,0.323549,0.388037,0.346585,0.381206,0.37718,0.348859,0.40342,0.322426,0.402655,0.31672,0.38585,0.306782,0.357057,0.303288,0.346665,0.313463,0.347206,0.327114,0.340021,0.332629,0.334351,0.330657,0.31995,0.339383,0.313931,0.330888,0.305704,0.305363,0.310356,0.296761,0.330807,0.283992,0.339156,0.27857,0.327847,0.295492,0.323212,0.320347,0.313089,0.324375,0.308518,0.29716,0.328842,0.291838,0.334283,0.317751,0.335688,0.335866,0.355054,0.321517,0.385022,0.303155,0.402953,0.318264,0.405471,0.328463,0.406956,0.322549,0.3932,0.336612,0.359227,0.339881,0.349013,0.307272,0.343401,0.288889,0.33971,0.302763,0.328243,0.344819,0.293171,0.392692,0.288733,0.40055,0.280456,0.360375,0.260402,0.320822,0.24827,0.338824,0.246818,0.363146,0.278739,0.344,0.303433,0.34139,0.317974,0.380024,0.334675,0.406718,0.336961,0.389871,0.363541,0.345703,0.401753,0.314734,0.418059,0.304409,0.406552,0.320822,0.383329,0.338221,0.365741,0.330552,0.35156,0.32468,0.361708,0.312632,0.379517,0.29908,0.361449,0.295842,0.326652,0.291597,0.329331,0.305327,0.342972,0.345647,0.362375,0.379413,0.379728,0.376008,0.363341,0.376918,0.370318,0.38918,0.381726,0.381655,0.337972,0.354672,0.284087,0.331425,0.265096,0.330876,0.25785,0.33563,0.261431,0.325765,0.286403,0.304101,0.31206,0.314027,0.33327,0.318123,0.320202,0.321296,0.298073,0.347736,0.317057,0.337927,0.349052,0.307869,0.345477,0.295077,0.321145,0.309928,0.32779,0.320634,0.334986,0.310388,0.336676,0.301391,0.372214,0.27377,0.417604,0.249829,0.436773,0.259718,0.427965,0.289136,0.392348,0.298645,0.367205,0.30947,0.356023,0.324269,0.319166,0.322655,0.287371,0.341863,0.282859,0.362832,0.300995,0.355198,0.320947,0.335979,0.336248,0.326246,0.358517,0.342369,0.346956,0.359549,0.309605,0.383629,0.287751,0.41794,0.274162,0.423756,0.281494,0.419486,0.284193,0.425455,0.280662,0.42737,0.314709,0.4209,0.349383,0.420035,0.349954,0.402788,0.370833,0.383991,0.408594,0.363148,0.404096,0.322088,0.377269,0.294681,0.359163,0.314455,0.337375,0.333276,0.327724,0.319648,0.332868,0.291466,0.337693,0.277667,0.324077,0.318404,0.30361,0.357501,0.306898,0.351906,0.307875,0.26984,0.746546
0.474798,0.205095,0.223073,0.278939,0.308744,0.317028,0.327566,0.330627,0.304867,0.295315,0.272064,0.316651,0.24354,0.388689,0.314717,0.380655,0.338105,0.307679,0.283634,0.39543,0.309112,0.402502,0.349245,0.377372,0.395264,0.300467,0.428552,0.300311,0.387734,0.297768,0.380158,0.26889,0.297307,0.282865,0.358128,0.298776,0.310493,0.322591,0.337055,0.309733,0.299649,0.307384,0.290537,0.34607,0.286317,0.285294,0.25985,0.263508,0.297078,0.273211,0.329521,0.225771,0.325336,0.252191,0.290285,0.279491,0.321724,0.334477,0.261528,0.293089,0.304101,0.232534,0.335391,0.2719,0.311522,0.322422,0.322298,0.333938,0.360189,0.269477,0.407387,0.26776,0.403809,0.330851,0.403255,0.303565,0.413174,0.301067,0.368883,0.358783,0.304773,0.323511,0.354979,0.246421,0.299751,0.261017,0.358444,0.282818,0.281536,0.383875,0.244937,0.432185,0.289013,0.405116,0.229577,0.293634,0.224646,0.267559,0.190122,0.365819,0.206303,0.354994,0.289936,0.28089,0.269893,0.330955,0.318372,0.409934,0.315655,0.420655,0.301929,0.357697,0.389672,0.283361,0.42028,0.272339,0.436472,0.257348,0.381258,0.333531,0.366707,0.319153,0.336039,0.30224,0.321804,0.306989,0.375631,0.268509,0.393873,0.265577,0.318053,0.263295,0.273566,0.24215,0.335927,0.292598,0.313476,0.363877,0.391672,0.393686,0.370564,0.330703,0.318354,0.389862,0.397846,0.379499,0.378522,0.372119,0.259583,0.297483,0.211562,0.303751,0.219741,0.309312,0.193498,0.331246,0.223482,0.282693,0.268265,0.254089,0.295451,0.326315,0.338179,0.262923,0.246203,0.324875,0.254284,0.362182,0.313769,0.29182,0.368625,0.261326,0.299041,0.252664,0.279817,0.319131,0.331365,0.292404,0.30111,0.284891,0.313936,0.279303,0.402715,0.201156,0.447864,0.199353,0.449969,0.237527,0.422327,0.301384,0.338359,0.253762,0.357836,0.326141,0.332415,0.298068,0.249457,0.301538,0.23852,0.357119,0.242321,0.373248,0.299433,0.329217,0.29949,0.310051,0.337154,0.295098,0.380722,0.363299,0.305411,0.335707,0.264055,0.422877,0.252911,0.440993,0.227636,0.425086,0.288033,0.41525,0.235028,0.445673,0.256072,0.422478,0.340884,0.424007,0.360422,0.432934,0.310029,0.375827,0.412216,0.388365,0.43568,0.332693,0.387454,0.26404,0.344505,0.245301,0.341049,0.343189,0.277911,0.314344,0.314813,0.29799,0.304253,0.222101,0.345687,0.246311,0.275616,0.370506,0.298586,0.392424,0.328358,0.369802,0.219683,0.407013
0.460514,0.105803,0.203902,0.205405,0.232686,0.271286,0.260187,0.255381,0.235727,0.219631,0.212937,0.172593,0.27616,0.198938,0.323267,0.268625,0.249773,0.233966,0.259538,0.20553,0.333012,0.246183,0.320704,0.28964,0.25732,0.338352,0.214056,0.327649,0.228295,0.305416,0.206738,0.246941,0.195333,0.24211,0.213938,0.259169,0.237529,0.242957,0.241804,0.24503,0.222678,0.212723,0.255949,0.21385,0.246158,0.190418,0.188366,0.192791,0.197533,0.240407,0.173809,0.258067,0.155745,0.225064,0.187957,0.233343,0.240734,0.215411,0.253841,0.195777,0.176493,0.254022,0.161859,0.249982,0.224386,0.230614,0.266403,0.255638,0.226862,0.305428,0.175249,0.325518,0.227188,0.313593,0.25054,0.326035,0.214909,0.314782,0.258783,0.239636,0.284681,0.247309,0.204462,0.246519,0.167569,0.254186,0.18577,0.258359,0.251558,0.174086,0.343756,0.200048,0.357407,0.19695,0.267932,0.155582,0.171789,0.137139,0.233801,0.112873,0.301908,0.181553,0.226743,0.209981,0.201188,0.214263,0.289764,0.246539,0.34698,0.215047,0.314565,0.256011,0.230365,0.328143,0.190052,0.352034,0.174489,0.325752,0.216747,0.285027,0.260294,0.267976,0.229242,0.23507,0.229942,0.262006,0.212188,0.320228,0.186234,0.283655,0.191643,0.197385,0.16954,0.222988,0.176708,0.242329,0.249476,0.270071,0.312815,0.316038,0.272179,0.246826,0.266577,0.269496,0.307078,0.331993,0.298776,0.242233,0.249559,0.141211,0.208482,0.138309,0.224557,0.129791,0.248466,0.124036,0.236278,0.169847,0.174786,0.202929,0.218469,0.252841,0.218984,0.217106,0.201776,0.150421,0.283042,0.198118,0.257738,0.278269,0.191507,0.263983,0.168012,0.193755,0.212419,0.228616,0.240003,0.242386,0.21038,0.210133,0.218546,0.269553,0.168539,0.348536,0.114751,0.367458,0.139634,0.35738,0.210484,0.285842,0.204082,0.254762,0.21343,0.277046,0.246599,0.209878,0.211638,0.156196,0.249609,0.156118,0.299748,0.195553,0.277183,0.225009,0.238278,0.23347,0.213388,0.295246,0.252852,0.276873,0.266512,0.200929,0.289419,0.184678,0.359762,0.160137,0.348489,0.191935,0.32465,0.197287,0.342625,0.15558,0.348332,0.224947,0.329387,0.292464,0.3486,0.244393,0.317728,0.268715,0.298303,0.359726,0.291316,0.334759,0.216387,0.274878,0.156826,0.262292,0.220606,0.221795,0.268576,0.208118,0.237431,0.228513,0.181668,0.254347,0.134661,0.238226,0.236701,0.202803,0.330008,0.261513,0.328345,0.233829,0.195385,0.434033
0.690173,0.243528,0.187295,0.462544,0.783202,0.595863,0.701215,0.689277,0.544499,0.31561,0.421711,0.38062,0.0790697,0.898462,0.641855,0.857189,0.77606,0.0682953,0.216307,0.950735,0.461931,0.81194,0.575477,0.823562,0.734608,0.279731,0.991215,0.490521,0.584994,0.540435,0.885182,0.27989,0.0617124,0.428093,0.918319,0.439312,0.277561,0.618496,0.737548,0.462757,0.380028,0.364504,0.421313,0.842672,0.48256,0.314356,0.182315,0.282616,0.46273,0.547814,0.621489,0.0713794,0.613171,0.351993,0.25697,0.33106,0.784466,0.803288,0.103758,0.494674,0.529498,0.0302143,0.717063,0.366794,0.417998,0.609928,0.46894,0.74795,0.595859,0.226035,0.870488,0.215793,0.713533,0.792209,0.688282,0.421805,0.877953,0.3277,0.687076,0.877663,0.155428,0.652635,0.900959,0.103081,0.145753,0.378256,0.994311,0.223936,0.32472,0.835097,0.130743,0.996206,0.738862,0.95917,0.144398,0.232437,0.370775,0.0510113,0.0606916,0.903821,0.0427483,0.74996,0.717642,0.0728146,0.187636,0.454817,0.641657,0.895827,0.526832,0.936367,0.190255,0.62278,0.84464,0.233325,0.788545,0.400289,0.999624,0.0915514,0.553272,0.783035,0.676197,0.505585,0.513109,0.40543,0.3423,0.593667,0.748367,0.279271,0.946619,0.364818,0.433975,0.41114,0.11134,0.115911,0.795271,0.381323,0.215988,0.7077,0.959741,0.936802,0.723407,0.191623,0.154093,0.871006,0.962814,0.622319,0.901255,0.81489,0.154013,0.22297,0.0677592,0.474057,0.323948,0.426046,0.00866395,0.721244,0.200572,0.368266,0.402376,0.0662443,0.365515,0.899847,0.893203,0.0245899,0.0297897,0.593966,0.204823,0.898511,0.482854,0.325793,0.953277,0.317928,0.320829,0.133097,0.222252,0.760491,0.759746,0.386599,0.349375,0.418395,0.300837,0.607794,0.836582,0.00937361,0.936007,0.117953,0.899706,0.233557,0.917033,0.787331,0.269169,0.0282763,0.715843,0.821763,0.679764,0.381666,0.127392,0.347049,0.268584,0.72309,0.159361,0.819543,0.611943,0.482569,0.360232,0.507494,0.540149,0.236985,0.988755,0.909548,0.390798,0.254022,0.307045,0.980168,0.407065,0.91193,0.0590237,0.776796,0.762126,0.650987,0.121118,0.981399,0.21278,0.709712,0.751476,0.759919,0.826005,0.989124,0.0959901,0.472189,0.974841,0.882085,0.99062,0.582435,0.672849,0.263803,0.45833,0.0209488,0.719721,0.925877,0.112149,0.454378,0.623167,0.632178,0.306532,0.0197847,0.887815,0.0917771,0.17768,0.962787,0.500373,0.874037,0.896946,0.989443,0.0407014,0.0530002
